csv_file,inferred_feed_type,confidence,columns,sample_http,inferred_source_page,no_header_detected
2005 - 2005.csv,crop_progress_and_condition_grap,high,title|year|pdf,https://www.nass.usda.gov/Charts_and_Maps/Crop_Progress_&_Condition/2005/US_2005.pdf,https://www.nass.usda.gov/Charts_and_Maps/Crop_Progress_&_Condition/2005/index.php,False
2006 - 2006.csv,crop_progress_and_condition_grap,high,title|year|pdf,https://www.nass.usda.gov/Charts_and_Maps/Crop_Progress_&_Condition/2006/US_2006.pdf,https://www.nass.usda.gov/Charts_and_Maps/Crop_Progress_&_Condition/2006/index.php,False
2007 - 2007.csv,crop_progress_and_condition_grap,high,title|year|pdf,https://www.nass.usda.gov/Charts_and_Maps/Crop_Progress_&_Condition/2007/US_2007.pdf,https://www.nass.usda.gov/Charts_and_Maps/Crop_Progress_&_Condition/2007/index.php,False
2008 - 2008.csv,crop_progress_and_condition_grap,high,title|year|pdf,https://www.nass.usda.gov/Charts_and_Maps/Crop_Progress_&_Condition/2008/US_2008.pdf,https://www.nass.usda.gov/Charts_and_Maps/Crop_Progress_&_Condition/2008/index.php,False
2009 - 2009.csv,crop_progress_and_condition_grap,high,title|year|pdf,https://www.nass.usda.gov/Charts_and_Maps/Crop_Progress_&_Condition/2009/US_2009.pdf,https://www.nass.usda.gov/Charts_and_Maps/Crop_Progress_&_Condition/2009/index.php,False
2010 - 2010.csv,crop_progress_and_condition_grap,high,title|year|pdf,https://www.nass.usda.gov/Charts_and_Maps/Crop_Progress_&_Condition/2010/US_2010.pdf,https://www.nass.usda.gov/Charts_and_Maps/Crop_Progress_&_Condition/2010/index.php,False
2011 - 2011.csv,crop_progress_and_condition_grap,high,title|year|pdf,https://www.nass.usda.gov/Charts_and_Maps/Crop_Progress_&_Condition/2011/US_2011.pdf,https://www.nass.usda.gov/Charts_and_Maps/Crop_Progress_&_Condition/2011/index.php,False
2012 - 2012.csv,crop_progress_and_condition_grap,high,title|year|pdf,https://www.nass.usda.gov/Charts_and_Maps/Crop_Progress_&_Condition/2012/US_2012.pdf,https://www.nass.usda.gov/Charts_and_Maps/Crop_Progress_&_Condition/2012/index.php,False
2013 - 2013.csv,crop_progress_and_condition_grap,high,title|year|pdf,https://www.nass.usda.gov/Charts_and_Maps/Crop_Progress_&_Condition/2013/US_2013.pdf,https://www.nass.usda.gov/Charts_and_Maps/Crop_Progress_&_Condition/2013/index.php,False
2014 - 2014.csv,crop_progress_and_condition_grap,high,title|year|pdf,https://www.nass.usda.gov/Charts_and_Maps/Crop_Progress_&_Condition/2014/US_2014.pdf,https://www.nass.usda.gov/Charts_and_Maps/Crop_Progress_&_Condition/2014/index.php,False
2015 - 2015.csv,crop_progress_and_condition_grap,high,title|year|pdf,https://www.nass.usda.gov/Charts_and_Maps/Crop_Progress_&_Condition/2015/US_2015.pdf,https://www.nass.usda.gov/Charts_and_Maps/Crop_Progress_&_Condition/2015/index.php,False
2016 - 2016.csv,crop_progress_and_condition_grap,high,title|year|pdf,https://www.nass.usda.gov/Charts_and_Maps/Crop_Progress_&_Condition/2016/US_2016.pdf,https://www.nass.usda.gov/Charts_and_Maps/Crop_Progress_&_Condition/2016/index.php,False
2017 - 2017.csv,crop_progress_and_condition_grap,high,title|year|pdf,https://www.nass.usda.gov/Charts_and_Maps/Crop_Progress_&_Condition/2017/US_2017.pdf,https://www.nass.usda.gov/Charts_and_Maps/Crop_Progress_&_Condition/2017/index.php,False
2018 - 2018.csv,crop_progress_and_condition_grap,high,title|year|pdf,https://www.nass.usda.gov/Charts_and_Maps/Crop_Progress_&_Condition/2018/AL_2018.pdf,https://www.nass.usda.gov/Charts_and_Maps/Crop_Progress_&_Condition/2018/index.php,False
2019 - 2019.csv,crop_progress_and_condition_grap,high,title|year|pdf,https://www.nass.usda.gov/Charts_and_Maps/Crop_Progress_&_Condition/2019/AL_2019.pdf,https://www.nass.usda.gov/Charts_and_Maps/Crop_Progress_&_Condition/2019/index.php,False
2020 - 2020.csv,crop_progress_and_condition_grap,high,title|year|pdf,https://www.nass.usda.gov/Charts_and_Maps/Crop_Progress_&_Condition/2020/AL_2020.pdf,https://www.nass.usda.gov/Charts_and_Maps/Crop_Progress_&_Condition/2020/index.php,False
2021 - 2021.csv,crop_progress_and_condition_grap,high,title|year|pdf,https://www.nass.usda.gov/Charts_and_Maps/Crop_Progress_&_Condition/2021/AL_2021.pdf,https://www.nass.usda.gov/Charts_and_Maps/Crop_Progress_&_Condition/2021/index.php,False
2022 - 2022.csv,crop_progress_and_condition_grap,high,title|year|pdf,https://www.nass.usda.gov/Charts_and_Maps/Crop_Progress_&_Condition/2022/AL_2022.pdf,https://www.nass.usda.gov/Charts_and_Maps/Crop_Progress_&_Condition/2022/index.php,False
2022_errata_gcbtb08_WEB_B.csv,UNKNOWN,unknown,district|grape_type_code|grape_type_name|variety_code|variety_name|wt_price|brix_code|tons|row_type_code|row_type_name,,,False
2023 - 2023.csv,crop_progress_and_condition_grap,high,title|year|pdf,https://www.nass.usda.gov/Charts_and_Maps/Crop_Progress_&_Condition/2023/AL_2023.pdf,https://www.nass.usda.gov/Charts_and_Maps/Crop_Progress_&_Condition/2023/index.php,False
Additional Landing Pages.csv,landing_page,high,id|title|field_content|new_path|old_path|,https://www.nass.usda.gov/About_NASS/index.php,https://www.nass.usda.gov/About_NASS/index.php,False
ag_survey - ag_survey_0.csv,survey,high,body|tab_content_7|about|tab_title_6|tab_content_2|tab_title_7|survey_name|tab_title_2|tab_content_3|tab_title_1|tab_content_1|tab_title_3|tab_title_4|tab_title_5|tab_content_5|tab_content_4|survey_new_url|referring_url|banner_image_urls|tab_content_6,https://www.nass.usda.gov/Surveys/Guide_to_NASS_Surveys/Crops_Stocks/index.php,https://www.nass.usda.gov/Surveys/Guide_to_NASS_Surveys/Crops_Stocks/index.php,False
alabama - alabama.csv,race_ethnicity_and_gender_profil,high,title|pdf|state,"https://www.nass.usda.gov/Publications/AgCensus/2017/Online_Resources/Race,_Ethnicity_and_Gender_Profiles/Alabama/cpd01000.pdf","https://www.nass.usda.gov/Publications/AgCensus/2017/Online_Resources/Race,_Ethnicity_and_Gender_Profiles/Alabama/index.php",False
Alabama - Congressional District Profiles - Sheet1.csv,congressional_district_profiles,medium,url|filename|state,https://www.nass.usda.gov/Publications/AgCensus/2017/Online_Resources/Congressional_District_Profiles/cd0101.pdf,https://www.nass.usda.gov/Publications/AgCensus/2017/Online_Resources/Congressional_District_Profiles/index.php,False
Alabama - Crop Progress - Formatted - Sheet1 (2).csv,state_releases_filtered,medium,url|title|state|category|date,https://www.nass.usda.gov/Statistics_by_State/Alabama/Publications/County_Estimates/AL_District_Counties.pdf,https://www.nass.usda.gov/Statistics_by_State/Alabama/Publications/County_Estimates/index.php,False
Alabama - Crop Progress - Formatted - Sheet1.csv,crop_progress_condition_state_re,medium,file|title|state|category|date,https://www.nass.usda.gov/Statistics_by_State/Alabama/Publications/County_Estimates/AL_District_Counties.pdf,https://www.nass.usda.gov/Statistics_by_State/Alabama/Publications/County_Estimates/index.php,False
Alabama - Crop Progress - Formatted - Sheet1_2 - Alabama - Crop Progress - Formatted - Sheet1_2.csv,state_releases_filtered,medium,url|title|state|category|date,https://www.nass.usda.gov/Statistics_by_State/Alabama/Publications/County_Estimates/AL_District_Counties.pdf,https://www.nass.usda.gov/Statistics_by_State/Alabama/Publications/County_Estimates/index.php,False
Alabama - Crop Progress - Formatted - Sheet1_2 - Alabama - Crop Progress - Formatted - Sheet1_2_0.csv,state_releases_filtered,medium,url|title|state|category|date,https://www.nass.usda.gov/Statistics_by_State/Alabama/Publications/County_Estimates/AL_District_Counties.pdf,https://www.nass.usda.gov/Statistics_by_State/Alabama/Publications/County_Estimates/index.php,False
Alabama - reg.csv,race_ethnicity_and_gender_profil,high,title|pdf|state,"https://www.nass.usda.gov/Publications/AgCensus/2017/Online_Resources/Race,_Ethnicity_and_Gender_Profiles/Alabama/cpd01001.pdf","https://www.nass.usda.gov/Publications/AgCensus/2017/Online_Resources/Race,_Ethnicity_and_Gender_Profiles/Alabama/index.php",False
Alabama - State and county profile - Sheet1.csv,state_and_county_profiles,high,url|county|state,https://www.nass.usda.gov/Publications/AgCensus/2017/Online_Resources/County_Profiles/Alabama/cp01001.pdf,https://www.nass.usda.gov/Publications/AgCensus/2017/Online_Resources/County_Profiles/Alabama/index.php,False
Alabama - State County Census Data - Sheet1.csv,state_census,medium,table|url|filename|state|category|query|notes,"https://www.nass.usda.gov/Publications/AgCensus/2017/Full_Report/Volume_1,_Chapter_1_State_Level/Alabama/alintro.pdf","https://www.nass.usda.gov/Publications/AgCensus/2017/Full_Report/Volume_1,_Chapter_1_State_Level/Alabama/index.php",False
Alabama - State Releases .csv,state_releases,high,URL|File Name|State|Tags|Notes|Date,https://www.nass.usda.gov/Statistics_by_State/Alabama/Publications/County_Estimates/AL_District_Counties.pdf,https://www.nass.usda.gov/Statistics_by_State/Alabama/Publications/County_Estimates/index.php,False
Alabama-Release (Delta Version).csv,state_releases_filtered,high,path|title|state|category|date,,,False
Alabama-Release (Delta Version)_2.csv,state_releases_filtered,high,path|title|state|category|date,,,False
Alabama-Release (Delta Version)_3.csv,state_releases_filtered,high,path|title|state|category|date,,,False
Alabama-Releases-All-Dated.csv,state_releases,high,url|filename|state|category|Notes|date,https://www.nass.usda.gov/Statistics_by_State/Regional_Office/Southern/includes/Publications/Crop_Releases/Acreage/ACREAGE2021.pdf,https://www.nass.usda.gov/Statistics_by_State/Regional_Office/Southern/includes/Publications/Crop_Releases/Acreage/index.php,False
alabama-releases-all-new.csv,congressional_district_profiles,medium,url|filename|state|category|Notes,https://www.nass.usda.gov/Statistics_by_State/Regional_Office/Southern/includes/Publications/Crop_Releases/Acreage/ACREAGE2021.pdf,https://www.nass.usda.gov/Statistics_by_State/Regional_Office/Southern/includes/Publications/Crop_Releases/Acreage/index.php,False
alabama-releases-all-new_0.csv,congressional_district_profiles,medium,url|filename|state|category|Notes,https://www.nass.usda.gov/Statistics_by_State/Regional_Office/Southern/includes/Publications/Crop_Releases/Acreage/ACREAGE2021.pdf,https://www.nass.usda.gov/Statistics_by_State/Regional_Office/Southern/includes/Publications/Crop_Releases/Acreage/index.php,False
alabama-releases-all-new_1.csv,congressional_district_profiles,medium,url|filename|state|category|Notes,https://www.nass.usda.gov/Statistics_by_State/Regional_Office/Southern/includes/Publications/Crop_Releases/Acreage/ACREAGE2021.pdf,https://www.nass.usda.gov/Statistics_by_State/Regional_Office/Southern/includes/Publications/Crop_Releases/Acreage/index.php,False
Alabama-Releases-New.csv,state_releases,high,URL|File Name|State|Tags|Notes|Date,https://www.nass.usda.gov/Statistics_by_State/Alabama/Publications/County_Estimates/AL_District_Counties.pdf,https://www.nass.usda.gov/Statistics_by_State/Alabama/Publications/County_Estimates/index.php,False
Alabama-Releases-New_0.csv,state_releases,high,URL|File Name|State|Tags|Notes|Date,https://www.nass.usda.gov/Statistics_by_State/Alabama/Publications/County_Estimates/AL_District_Counties.pdf,https://www.nass.usda.gov/Statistics_by_State/Alabama/Publications/County_Estimates/index.php,False
Alabama-Releases-New_1.csv,state_releases,high,URL|filename|State|Tags|Notes|Date,https://www.nass.usda.gov/Statistics_by_State/Alabama/Publications/County_Estimates/AL_District_Counties.pdf,https://www.nass.usda.gov/Statistics_by_State/Alabama/Publications/County_Estimates/index.php,False
Alabama-Releases-New_2.csv,state_releases,high,URL|filename|State|Tags|Notes|Date,https://www.nass.usda.gov/Statistics_by_State/Alabama/Publications/County_Estimates/AL_District_Counties.pdf,https://www.nass.usda.gov/Statistics_by_State/Alabama/Publications/County_Estimates/index.php,False
alaska - alaska.csv,race_ethnicity_and_gender_profil,high,title|pdf|state,"https://www.nass.usda.gov/Publications/AgCensus/2017/Online_Resources/Race,_Ethnicity_and_Gender_Profiles/Alaska/cpd02000.pdf","https://www.nass.usda.gov/Publications/AgCensus/2017/Online_Resources/Race,_Ethnicity_and_Gender_Profiles/Alaska/index.php",False
Alaska - Crop Progress and Condition.csv,state_releases_filtered,medium,url|title|state|category|date,https://www.nass.usda.gov/Statistics_by_State/Alaska/Publications/Crop_Progress_&_Condition/2021/CW051021.pdf,https://www.nass.usda.gov/Statistics_by_State/Alaska/Publications/Crop_Progress_&_Condition/2021/index.php,False
Alaska - State County Census Data - Sheet1.csv,state_census,medium,table|url|filename|state|category|query,"https://www.nass.usda.gov/Publications/AgCensus/2017/Full_Report/Volume_1,_Chapter_1_State_Level/Alaska/akv1.pdf","https://www.nass.usda.gov/Publications/AgCensus/2017/Full_Report/Volume_1,_Chapter_1_State_Level/Alaska/index.php",False
Alaska Congressional District Profiles.csv,congressional_district_profiles,medium,url|filename|state|category,https://www.nass.usda.gov/Publications/AgCensus/2017/Online_Resources/Congressional_District_Profiles/cd0201.pdf,https://www.nass.usda.gov/Publications/AgCensus/2017/Online_Resources/Congressional_District_Profiles/index.php,False
Alaska Releases - Final Version - Alaska Releases - Final Version (3).csv,state_releases_filtered,medium,url|title|state|category|date,https://www.nass.usda.gov/Statistics_by_State/Alaska/Publications/50_Year_Highlights/AK_Potato_Stocks.pdf,https://www.nass.usda.gov/Statistics_by_State/Alaska/Publications/50_Year_Highlights/index.php,False
Alaska Releases - Final Version.csv,state_releases_filtered,high,path|title|state|category|date|,,,False
Alaska Releases - Final Version_0.csv,state_releases_filtered,high,path|title|state|category|date|,,,False
Alaska Releases - Final Version_1.csv,state_releases_filtered,high,path|title|state|category|date|,,,False
Alaska State & County Profiles .csv,state_and_county_profiles,high,url|county|state|category,https://www.nass.usda.gov/Publications/AgCensus/2017/Online_Resources/County_Profiles/Alaska/cp99002.pdf,https://www.nass.usda.gov/Publications/AgCensus/2017/Online_Resources/County_Profiles/Alaska/index.php,False
Alaska State & County Profiles _0.csv,state_and_county_profiles,high,url|county|state|category,https://www.nass.usda.gov/Publications/AgCensus/2017/Online_Resources/County_Profiles/Alaska/cp99002.pdf,https://www.nass.usda.gov/Publications/AgCensus/2017/Online_Resources/County_Profiles/Alaska/index.php,False
Alaska- State Releases.csv,state_releases,high,url|filename|state|category|date,https://www.nass.usda.gov/Statistics_by_State/Alaska/Publications/50_Year_Highlights/AK_Potato_Stocks.pdf,https://www.nass.usda.gov/Statistics_by_State/Alaska/Publications/50_Year_Highlights/index.php,False
Alaska- State Releases_0.csv,state_releases,high,url|filename|state|category|date,https://www.nass.usda.gov/Statistics_by_State/Alaska/Publications/50_Year_Highlights/AK_Potato_Stocks.pdf,https://www.nass.usda.gov/Statistics_by_State/Alaska/Publications/50_Year_Highlights/index.php,False
Alaska- State Releases_1.csv,state_releases,high,url|filename|state|category|date,https://www.nass.usda.gov/Statistics_by_State/Alaska/Publications/50_Year_Highlights/AK_Potato_Stocks.pdf,https://www.nass.usda.gov/Statistics_by_State/Alaska/Publications/50_Year_Highlights/index.php,False
Alaska-Releases (Delta Version).csv,state_releases_filtered,high,path|title|state|category|date,,,False
Alaska-Releases-All-v2.csv,state_releases,high,url|filename|state|category|date,https://www.nass.usda.gov/Statistics_by_State/Regional_Office/Northwest/includes/Publications/Agri_facts/2021/AF01_2.pdf,https://www.nass.usda.gov/Statistics_by_State/Regional_Office/Northwest/includes/Publications/Agri_facts/2021/index.php,False
Alaska-Releases-All-v2_0.csv,state_releases,high,url|filename|state|category|date|,https://www.nass.usda.gov/Statistics_by_State/Regional_Office/Northwest/includes/Publications/Agri_facts/2021/AF01_2.pdf,https://www.nass.usda.gov/Statistics_by_State/Regional_Office/Northwest/includes/Publications/Agri_facts/2021/index.php,False
aquaculture - aquaculture.csv,crop_progress_and_condition_grap,high,table|title|year|pdf|resource,https://www.nass.usda.gov/Publications/AgCensus/2017/Online_Resources/Aquaculture/aqua_1_0001_0001.pdf,https://www.nass.usda.gov/Publications/AgCensus/2017/Online_Resources/Aquaculture/index.php,False
Arizona - Census_0.csv,state_census,medium,table|url|title|state|category|query,"https://www.nass.usda.gov/Publications/AgCensus/2017/Full_Report/Volume_1,_Chapter_1_State_Level/Arizona/azv1.pdf","https://www.nass.usda.gov/Publications/AgCensus/2017/Full_Report/Volume_1,_Chapter_1_State_Level/Arizona/index.php",False
Arizona - reg.csv,race_ethnicity_and_gender_profil,high,title|pdf|state,"https://www.nass.usda.gov/Publications/AgCensus/2017/Online_Resources/Race,_Ethnicity_and_Gender_Profiles/Arizona/cpd04001.pdf","https://www.nass.usda.gov/Publications/AgCensus/2017/Online_Resources/Race,_Ethnicity_and_Gender_Profiles/Arizona/index.php",False
Arizona -Releases (Delta).csv,state_releases,high,url|filename|state|category|date,https://www.nass.usda.gov/Statistics_by_State/Arizona/Publications/Annual_Statistical_Bulletin/2012/2012-AZ-Final-Bulletin.pdf,https://www.nass.usda.gov/Statistics_by_State/Arizona/Publications/Annual_Statistical_Bulletin/2012/index.php,False
Arizona Congressional District Profiles.csv,congressional_district_profiles,medium,url|filename|state|category,https://www.nass.usda.gov/Publications/AgCensus/2017/Online_Resources/Congressional_District_Profiles/cd0501.pdf,https://www.nass.usda.gov/Publications/AgCensus/2017/Online_Resources/Congressional_District_Profiles/index.php,False
Arizona Releases - Delta Version.csv,state_releases_filtered,high,path|title|state|category|date,,,False
Arizona Releases - Delta Version_0 - FINAL.csv,state_releases_filtered,high,path|title|state|category|date,,,False
Arizona Releases - Delta Version_0 - FINAL_0.csv,state_releases_filtered,high,path|title|state|category|date,,,False
Arizona Releases - Delta Version_0.csv,state_releases_filtered,high,path|title|state|category|date,,,False
Arizona Releases - Delta Version_0_0.csv,state_releases_filtered,high,path|title|state|category|date,,,False
Arizona State & County Level Data.csv,state_census,medium,table|url|filename|state|category|query,"https://www.nass.usda.gov/Publications/AgCensus/2017/Full_Report/Volume_1,_Chapter_1_State_Level/Arizona/azv1.pdf","https://www.nass.usda.gov/Publications/AgCensus/2017/Full_Report/Volume_1,_Chapter_1_State_Level/Arizona/index.php",False
Arizona State & County Profiles.csv,state_and_county_profiles,high,url|county|state|category,https://www.nass.usda.gov/Publications/AgCensus/2017/Online_Resources/County_Profiles/Arizona/cp99004.pdf,https://www.nass.usda.gov/Publications/AgCensus/2017/Online_Resources/County_Profiles/Arizona/index.php,False
Arizona- State Releases - Title Added .csv,state_releases,medium,url|title|filename|state|category|date,https://www.nass.usda.gov/Statistics_by_State/Arizona/Publications/Annual_Statistical_Bulletin/2012/2012-AZ-Final-Bulletin.pdf,https://www.nass.usda.gov/Statistics_by_State/Arizona/Publications/Annual_Statistical_Bulletin/2012/index.php,False
Arizona- State Releases - Title Added.csv,state_releases,medium,url|title|filename|state|category|date,https://www.nass.usda.gov/Statistics_by_State/Arizona/Publications/Annual_Statistical_Bulletin/2012/2012-AZ-Final-Bulletin.pdf,https://www.nass.usda.gov/Statistics_by_State/Arizona/Publications/Annual_Statistical_Bulletin/2012/index.php,False
Arizona- State Releases - Title Added_0.csv,state_releases,medium,url|title|filename|state|category|date,https://www.nass.usda.gov/Statistics_by_State/Arizona/Publications/Annual_Statistical_Bulletin/2012/2012-AZ-Final-Bulletin.pdf,https://www.nass.usda.gov/Statistics_by_State/Arizona/Publications/Annual_Statistical_Bulletin/2012/index.php,False
Arizona- State Releases - Title Added_1.csv,state_releases,medium,url|title|filename|state|category|date,https://www.nass.usda.gov/Statistics_by_State/Arizona/Publications/Annual_Statistical_Bulletin/2012/2012-AZ-Final-Bulletin.pdf,https://www.nass.usda.gov/Statistics_by_State/Arizona/Publications/Annual_Statistical_Bulletin/2012/index.php,False
Arizona- State Releases .csv,state_releases,high,url|filename|state|category|date,https://www.nass.usda.gov/Statistics_by_State/Arizona/Publications/Annual_Statistical_Bulletin/2012/2012-AZ-Final-Bulletin.pdf,https://www.nass.usda.gov/Statistics_by_State/Arizona/Publications/Annual_Statistical_Bulletin/2012/index.php,False
Arizona- State Releases _0.csv,state_releases,high,url|filename|state|category|date,https://www.nass.usda.gov/Statistics_by_State/Arizona/Publications/Annual_Statistical_Bulletin/2012/2012-AZ-Final-Bulletin.pdf,https://www.nass.usda.gov/Statistics_by_State/Arizona/Publications/Annual_Statistical_Bulletin/2012/index.php,False
Arizona-Releases (Delta Version) Christa Edits.csv,state_releases_filtered,high,path|title|state|category|date,,,False
Arizona-Releases (Delta Version) Christa Edits_0.csv,state_releases_filtered,high,path|title|state|category|date,,,False
Arizona-Releases (Delta Version).csv,state_releases_filtered,high,path|title|state|category|date,,,False
Arizona-Releases (Delta Version)_2.csv,state_releases_filtered,high,path|title|state|category|date,,,False
Arizona-Releases.csv,state_releases,high,url|filename|state|category|date,https://www.nass.usda.gov/Statistics_by_State/Arizona/Publications/Annual_Statistical_Bulletin/2012/2012-AZ-Final-Bulletin.pdf,https://www.nass.usda.gov/Statistics_by_State/Arizona/Publications/Annual_Statistical_Bulletin/2012/index.php,False
Arizona-Releases_0.csv,state_releases,high,url|filename|state|category|date,https://www.nass.usda.gov/Statistics_by_State/Arizona/Publications/Annual_Statistical_Bulletin/2012/2012-AZ-Final-Bulletin.pdf,https://www.nass.usda.gov/Statistics_by_State/Arizona/Publications/Annual_Statistical_Bulletin/2012/index.php,False
Arkansas - REG.csv,race_ethnicity_and_gender_profil,high,title|pdf|state,"https://www.nass.usda.gov/Publications/AgCensus/2017/Online_Resources/Race,_Ethnicity_and_Gender_Profiles/Arkansas/cpd05001.pdf","https://www.nass.usda.gov/Publications/AgCensus/2017/Online_Resources/Race,_Ethnicity_and_Gender_Profiles/Arkansas/index.php",False
Arkansas Congressional District Profiles.csv,congressional_district_profiles,medium,url|filename|state|category,https://www.nass.usda.gov/Publications/AgCensus/2017/Online_Resources/Congressional_District_Profiles/cd0401.pdf,https://www.nass.usda.gov/Publications/AgCensus/2017/Online_Resources/Congressional_District_Profiles/index.php,False
Arkansas State & County Level Data.csv,state_census,medium,table|url|filename|state|category|query,"https://www.nass.usda.gov/Publications/AgCensus/2017/Full_Report/Volume_1,_Chapter_1_State_Level/Arkansas/arv1.pdf","https://www.nass.usda.gov/Publications/AgCensus/2017/Full_Report/Volume_1,_Chapter_1_State_Level/Arkansas/index.php",False
Arkansas State & County Profiles .csv,state_and_county_profiles,high,url|county|state|category,https://www.nass.usda.gov/Publications/AgCensus/2017/Online_Resources/County_Profiles/Arkansas/cp99005.pdf,https://www.nass.usda.gov/Publications/AgCensus/2017/Online_Resources/County_Profiles/Arkansas/index.php,False
Arkansas- State Releases.csv,state_releases,high,url|filename|state|category|date,https://www.nass.usda.gov/Statistics_by_State/Arkansas/Publications/County_Estimates/DistMap.pdf,https://www.nass.usda.gov/Statistics_by_State/Arkansas/Publications/County_Estimates/index.php,False
Arkansas- State Releases_0.csv,state_releases,high,url|filename|state|category|date,https://www.nass.usda.gov/Statistics_by_State/Arkansas/Publications/County_Estimates/DistMap.pdf,https://www.nass.usda.gov/Statistics_by_State/Arkansas/Publications/County_Estimates/index.php,False
Arkansas- State Releases_1.csv,state_releases,high,url|filename|state|category|date,https://www.nass.usda.gov/Statistics_by_State/Arkansas/Publications/County_Estimates/DistMap.pdf,https://www.nass.usda.gov/Statistics_by_State/Arkansas/Publications/County_Estimates/index.php,False
Arkansas-Releases (Delta Version).csv,state_releases_filtered,high,path|title|state|category|date,,,False
Arkansas-Releases (Delta Version)_0.csv,state_releases_filtered,high,path|title|state|category|date,,,False
Arkansas-Releases.csv,state_releases,high,url|filename|state|category|date,https://www.nass.usda.gov/Statistics_by_State/Arkansas/Publications/County_Estimates/DistMap.pdf,https://www.nass.usda.gov/Statistics_by_State/Arkansas/Publications/County_Estimates/index.php,False
asb.csv,asb_notice_feed,high,title|url,https://www.nass.usda.gov/Newsroom/Notices/2022/01-13-2022.php,https://www.nass.usda.gov/Newsroom/Notices/2022/01-13-2022.php,False
asb_briefings.csv,asb_briefings,high,date|title|referring_url,https://www.nass.usda.gov/Newsroom/Executive_Briefings/2022/11-09-2022.pdf,https://www.nass.usda.gov/Newsroom/Executive_Briefings/2022/index.php,False
asb_briefings_0.csv,asb_briefings,high,date|news_title|referring_url,https://www.nass.usda.gov/Newsroom/Executive_Briefings/2022/11-09-2022.pdf,https://www.nass.usda.gov/Newsroom/Executive_Briefings/2022/index.php,False
ASB_correctionlog.csv,statistical_release_corrections,high,Title|Report Name|Release Date|Correction Description|Notification Date,,,False
asb_notices - asb_notices.csv,asb_notice,medium,date|news_title|referring_url|url_redirect|news_new_url|content,https://www.nass.usda.gov/Newsroom/Notices/2023/08-08-2023.php,https://www.nass.usda.gov/Newsroom/Notices/2023/08-08-2023.php,False
asb_notices.csv,asb_notice,medium,content|url_redirect|news_title|news_new_url|date|referring_url,https://www.nass.usda.gov/Newsroom/Notices/2022/09-06-2022.php,https://www.nass.usda.gov/Newsroom/Notices/2022/09-06-2022.php,False
az_pdf copy_0.csv,pdf,high,url|filename,http://www.nass.usda.gov/research/reports/RRGJ7.pdf,http://www.nass.usda.gov/research/reports/index.php,False
az_pdf_3.csv,pdf,high,url|filename,http://www.nass.usda.gov/research/reports/RRGJ7.pdf,http://www.nass.usda.gov/research/reports/index.php,False
boardCSV (2).csv,national_release,high,Release DateTime|Release Name|Release URL|QuickStats Only Release,https://usda.library.cornell.edu/concern/publications/ng451h506,https://usda.library.cornell.edu/concern/publications/index.php,False
boardCSV (3)_0.csv,national_release,high,Release DateTime|Release Name|Release Filename|Release URL|QuickStats Only Release|Release Static Link|Release Includes JSON,https://usda.library.cornell.edu/concern/publications/ng451h506,https://usda.library.cornell.edu/concern/publications/index.php,False
boardCSV-2024.csv,national_release,high,Release DateTime|Release Name|Release Filename|Release URL|QuickStats Only Release|Release Static Link|Release Includes JSON,https://usda.library.cornell.edu/concern/publications/ng451h506,https://usda.library.cornell.edu/concern/publications/index.php,False
California - reg.csv,race_ethnicity_and_gender_profil,high,title|pdf|state,"https://www.nass.usda.gov/Publications/AgCensus/2017/Online_Resources/Race,_Ethnicity_and_Gender_Profiles/California/cpd06061.pdf","https://www.nass.usda.gov/Publications/AgCensus/2017/Online_Resources/Race,_Ethnicity_and_Gender_Profiles/California/index.php",False
California Congressional District Profiles.csv,congressional_district_profiles,medium,url|filename|state|category,https://www.nass.usda.gov/Publications/AgCensus/2017/Online_Resources/Congressional_District_Profiles/cd0601.pdf,https://www.nass.usda.gov/Publications/AgCensus/2017/Online_Resources/Congressional_District_Profiles/index.php,False
California State & County Level Data.csv,state_census,medium,table|url|filename|state|category|query,"https://www.nass.usda.gov/Publications/AgCensus/2017/Full_Report/Volume_1,_Chapter_1_State_Level/California/cav1.pdf","https://www.nass.usda.gov/Publications/AgCensus/2017/Full_Report/Volume_1,_Chapter_1_State_Level/California/index.php",False
California State & County Profiles.csv,state_and_county_profiles,high,url|county|state|category,https://www.nass.usda.gov/Publications/AgCensus/2017/Online_Resources/County_Profiles/California/cp99006.pdf,https://www.nass.usda.gov/Publications/AgCensus/2017/Online_Resources/County_Profiles/California/index.php,False
California- State Releases.csv,state_releases,high,url|filename|state|category|date,https://www.nass.usda.gov/Statistics_by_State/California/Publications/AgComm/CCAC_Annual_Crop_Report_Manual_r2012.pdf,https://www.nass.usda.gov/Statistics_by_State/California/Publications/AgComm/index.php,False
California- State Releases_0.csv,state_releases,high,url|filename|state|category|date,https://www.nass.usda.gov/Statistics_by_State/California/Publications/AgComm/CCAC_Annual_Crop_Report_Manual_r2012.pdf,https://www.nass.usda.gov/Statistics_by_State/California/Publications/AgComm/index.php,False
California-Releases (Delta Version).csv,state_releases_filtered,high,path|title|state|category|date,,,False
California-Releases (Delta Version)_0.csv,state_releases_filtered,high,path|title|state|category|date,,,False
California-Releases (Delta Version)_1.csv,state_releases_filtered,high,path|title|state|category|date,,,False
California-Releases (Delta Version)_2.csv,state_releases_filtered,high,path|title|state|category|date,,,False
California-Releases (Delta Version)_3.csv,state_releases_filtered,high,path|title|state|category|date,,,False
California-Releases.csv,state_releases,high,url|filename|state|category|date,https://www.nass.usda.gov/Statistics_by_State/California/Publications/AgComm/CCAC_Annual_Crop_Report_Manual_r2012.pdf,https://www.nass.usda.gov/Statistics_by_State/California/Publications/AgComm/index.php,False
cdp.csv,UNKNOWN,unknown,2017 Congressional Districts Data|||||||,,,False
chemical_use - chemical_use.csv,survey,high,body|tab_content_7|about|tab_title_6|tab_content_2|tab_title_7|survey_name|tab_title_2|tab_content_3|tab_title_1|tab_content_1|tab_title_3|tab_title_4|tab_title_5|tab_content_5|tab_content_4|survey_new_url|referring_url|banner_image_urls|tab_content_6,https://www.nass.usda.gov/Surveys/Guide_to_NASS_Surveys/Chemical_Use/index.php,https://www.nass.usda.gov/Surveys/Guide_to_NASS_Surveys/Chemical_Use/index.php,False
Colorado - reg.csv,race_ethnicity_and_gender_profil,high,title|pdf|state,"https://www.nass.usda.gov/Publications/AgCensus/2017/Online_Resources/Race,_Ethnicity_and_Gender_Profiles/Colorado/cpd08001.pdf","https://www.nass.usda.gov/Publications/AgCensus/2017/Online_Resources/Race,_Ethnicity_and_Gender_Profiles/Colorado/index.php",False
Colorado Congressional District Profiles.csv,congressional_district_profiles,medium,url|filename|state|category,https://www.nass.usda.gov/Publications/AgCensus/2017/Online_Resources/Congressional_District_Profiles/cd0801.pdf,https://www.nass.usda.gov/Publications/AgCensus/2017/Online_Resources/Congressional_District_Profiles/index.php,False
Colorado State & County Level Data.csv,state_census,medium,table|url|filename|state|category|query,"https://www.nass.usda.gov/Publications/AgCensus/2017/Full_Report/Volume_1,_Chapter_1_State_Level/Colorado/cov1.pdf","https://www.nass.usda.gov/Publications/AgCensus/2017/Full_Report/Volume_1,_Chapter_1_State_Level/Colorado/index.php",False
Colorado State & County Profiles .csv,state_and_county_profiles,high,url|county|state|category,https://www.nass.usda.gov/Publications/AgCensus/2017/Online_Resources/County_Profiles/Colorado/cp99008.pdf,https://www.nass.usda.gov/Publications/AgCensus/2017/Online_Resources/County_Profiles/Colorado/index.php,False
Colorado-Releases (Delta Version).csv,state_releases_filtered,high,path|title|state|category|date,,,False
Colorado-Releases (Delta Version)_2.csv,state_releases_filtered,high,path|title|state|category|date,,,False
Colorado-Releases.csv,state_releases,high,url|filename|state|category|date,https://www.nass.usda.gov/Statistics_by_State/Colorado/Publications/Agriculture_Profile/Colorado-AG-Profile-2022.pdf,https://www.nass.usda.gov/Statistics_by_State/Colorado/Publications/Agriculture_Profile/index.php,False
Colorado-Releases_0.csv,state_releases,high,url|filename|state|category|date,https://www.nass.usda.gov/Statistics_by_State/Colorado/Publications/Agriculture_Profile/Colorado-AG-Profile-2022.pdf,https://www.nass.usda.gov/Statistics_by_State/Colorado/Publications/Agriculture_Profile/index.php,False
Colorado-Releases_1.csv,state_releases,high,url|filename|state|category|date,https://www.nass.usda.gov/Statistics_by_State/Colorado/Publications/Agriculture_Profile/Colorado-AG-Profile-2022.pdf,https://www.nass.usda.gov/Statistics_by_State/Colorado/Publications/Agriculture_Profile/index.php,False
Colorado-State Releases.csv,state_releases,high,url|filename|state|category|date,https://www.nass.usda.gov/Statistics_by_State/Colorado/Publications/Agriculture_Profile/Colorado-AG-Profile-2022.pdf,https://www.nass.usda.gov/Statistics_by_State/Colorado/Publications/Agriculture_Profile/index.php,False
Colorado-State Releases_0.csv,state_releases,high,url|filename|state|category|date,https://www.nass.usda.gov/Statistics_by_State/Colorado/Publications/Agriculture_Profile/Colorado-AG-Profile-2022.pdf,https://www.nass.usda.gov/Statistics_by_State/Colorado/Publications/Agriculture_Profile/index.php,False
Colorado-State Releases_1.csv,state_releases,high,url|filename|state|category|date,https://www.nass.usda.gov/Statistics_by_State/Colorado/Publications/Agriculture_Profile/Colorado-AG-Profile-2022.pdf,https://www.nass.usda.gov/Statistics_by_State/Colorado/Publications/Agriculture_Profile/index.php,False
Colorado-State Releases_2.csv,state_releases,high,url|filename|state|category|date,https://www.nass.usda.gov/Statistics_by_State/Colorado/Publications/Agriculture_Profile/Colorado-AG-Profile-2022.pdf,https://www.nass.usda.gov/Statistics_by_State/Colorado/Publications/Agriculture_Profile/index.php,False
congressional district ranking.csv,crop_progress_and_condition_grap,high,Table|title|pdf|year||resource||,http://qa.nass.10-0-7-233.nip.io/sites/default/files/Publications/AgCensus/2017/Online_Resources/Congressional_District_Rankings/cdr_1_001_001.pdf,http://qa.nass.10-0-7-233.nip.io/sites/default/files/Publications/AgCensus/2017/Online_Resources/Congressional_District_Rankings/index.php,False
congressional district ranking_0.csv,crop_progress_and_condition_grap,high,table|title|pdf|year||resource||,http://qa.nass.10-0-7-233.nip.io/sites/default/files/Publications/AgCensus/2017/Online_Resources/Congressional_District_Rankings/cdr_1_001_001.pdf,http://qa.nass.10-0-7-233.nip.io/sites/default/files/Publications/AgCensus/2017/Online_Resources/Congressional_District_Rankings/index.php,False
congressional district ranking_1.csv,crop_progress_and_condition_grap,high,table|title|pdf|year||resource||,http://qa.nass.10-0-7-233.nip.io/sites/default/files/Publications/AgCensus/2017/Online_Resources/Congressional_District_Rankings/cdr_1_001_001.pdf,http://qa.nass.10-0-7-233.nip.io/sites/default/files/Publications/AgCensus/2017/Online_Resources/Congressional_District_Rankings/index.php,False
Connecticut - State Releases.csv,state_releases,high,url|filename|state|category|date,https://www.nass.usda.gov/Statistics_by_State/Connecticut/Publications/connecticut-profile2021.pdf,https://www.nass.usda.gov/Statistics_by_State/Connecticut/Publications/index.php,False
Connecticut - State Releases_0.csv,state_releases,high,url|filename|state|category|date,https://www.nass.usda.gov/Statistics_by_State/Connecticut/Publications/connecticut-profile2021.pdf,https://www.nass.usda.gov/Statistics_by_State/Connecticut/Publications/index.php,False
Connecticut Congressional District Profiles .csv,congressional_district_profiles,medium,url|filename|state|category,https://www.nass.usda.gov/Publications/AgCensus/2017/Online_Resources/Congressional_District_Profiles/cd0901.pdf,https://www.nass.usda.gov/Publications/AgCensus/2017/Online_Resources/Congressional_District_Profiles/index.php,False
Connecticut State & County Level Data.csv,state_census,medium,table|url|filename|state|category|query,"https://www.nass.usda.gov/Publications/AgCensus/2017/Full_Report/Volume_1,_Chapter_1_State_Level/Connecticut/ctv1.pdf","https://www.nass.usda.gov/Publications/AgCensus/2017/Full_Report/Volume_1,_Chapter_1_State_Level/Connecticut/index.php",False
Connecticut State & County Profiles.csv,state_and_county_profiles,high,url|county|state|category,https://www.nass.usda.gov/Publications/AgCensus/2017/Online_Resources/County_Profiles/Connecticut/cp99009.pdf,https://www.nass.usda.gov/Publications/AgCensus/2017/Online_Resources/County_Profiles/Connecticut/index.php,False
Connecticut-reg.csv,race_ethnicity_and_gender_profil,high,title|pdf|state,"https://www.nass.usda.gov/Publications/AgCensus/2017/Online_Resources/Race,_Ethnicity_and_Gender_Profiles/Connecticut/cpd09001.pdf","https://www.nass.usda.gov/Publications/AgCensus/2017/Online_Resources/Race,_Ethnicity_and_Gender_Profiles/Connecticut/index.php",False
Connecticut-Releases (Delta Version).csv,state_releases_filtered,high,path|title|state|category|date,,,False
Delaware - State Releases.csv,state_releases,high,url|filename|state|category|date,https://www.nass.usda.gov/Statistics_by_State/Delaware/Publications/Annual_Statistical_Bulletin/2004/new1405.pdf,https://www.nass.usda.gov/Statistics_by_State/Delaware/Publications/Annual_Statistical_Bulletin/2004/index.php,False
Delaware - State Releases_0.csv,state_releases,high,url|filename|state|category|date,https://www.nass.usda.gov/Statistics_by_State/Delaware/Publications/Annual_Statistical_Bulletin/2004/new1405.pdf,https://www.nass.usda.gov/Statistics_by_State/Delaware/Publications/Annual_Statistical_Bulletin/2004/index.php,False
Delaware - State Releases_1.csv,state_releases,high,url|filename|state|category|date,https://www.nass.usda.gov/Statistics_by_State/Delaware/Publications/Annual_Statistical_Bulletin/2004/new1405.pdf,https://www.nass.usda.gov/Statistics_by_State/Delaware/Publications/Annual_Statistical_Bulletin/2004/index.php,False
Delaware - State Releases_1_0.csv,state_releases,high,url|filename|state|category|date,https://www.nass.usda.gov/Statistics_by_State/Delaware/Publications/Annual_Statistical_Bulletin/2004/new1405.pdf,https://www.nass.usda.gov/Statistics_by_State/Delaware/Publications/Annual_Statistical_Bulletin/2004/index.php,False
Delaware State and County Level Data.csv,state_census,medium,table|url|filename|state|category|query,"https://www.nass.usda.gov/Publications/AgCensus/2017/Full_Report/Volume_1,_Chapter_1_State_Level/Delaware/dev1.pdf","https://www.nass.usda.gov/Publications/AgCensus/2017/Full_Report/Volume_1,_Chapter_1_State_Level/Delaware/index.php",False
Delaware-Releases (Delta Version).csv,state_releases_filtered,high,path|title|state|category|date,,,False
Deleware Congressional District Profiles.csv,congressional_district_profiles,medium,url|filename|state|category,https://www.nass.usda.gov/Publications/AgCensus/2017/Online_Resources/Congressional_District_Profiles/cd1001.pdf,https://www.nass.usda.gov/Publications/AgCensus/2017/Online_Resources/Congressional_District_Profiles/index.php,False
Deleware State & County Profiles .csv,state_and_county_profiles,high,url|county|state|category,https://www.nass.usda.gov/Publications/AgCensus/2017/Online_Resources/County_Profiles/Delaware/cp99010.pdf,https://www.nass.usda.gov/Publications/AgCensus/2017/Online_Resources/County_Profiles/Delaware/index.php,False
Deleware-reg.csv,race_ethnicity_and_gender_profil,high,title|pdf|state,"https://www.nass.usda.gov/Publications/AgCensus/2017/Online_Resources/Race,_Ethnicity_and_Gender_Profiles/Delaware/cpd10001.pdf","https://www.nass.usda.gov/Publications/AgCensus/2017/Online_Resources/Race,_Ethnicity_and_Gender_Profiles/Delaware/index.php",False
Executive Briefings - Sheet1 - Executive Briefings - Sheet1.csv,asb_briefings,high,referring_url|news_title|date,https://www.nass.usda.gov/Newsroom/Executive_Briefings/2022-livestreamschedule.pdf,https://www.nass.usda.gov/Newsroom/Executive_Briefings/index.php,False
farmnumberslandsize.csv,UNKNOWN,unknown,"Trends in U.S. Agriculture, published by USDA-NASS|||",,,False
Florida - reg.csv,race_ethnicity_and_gender_profil,high,title|pdf|state,"https://www.nass.usda.gov/Publications/AgCensus/2017/Online_Resources/Race,_Ethnicity_and_Gender_Profiles/Florida/cpd12001.pdf","https://www.nass.usda.gov/Publications/AgCensus/2017/Online_Resources/Race,_Ethnicity_and_Gender_Profiles/Florida/index.php",False
Florida Congressional District Profiles.csv,congressional_district_profiles,medium,url|filename|state|category,https://www.nass.usda.gov/Publications/AgCensus/2017/Online_Resources/Congressional_District_Profiles/cd1201.pdf,https://www.nass.usda.gov/Publications/AgCensus/2017/Online_Resources/Congressional_District_Profiles/index.php,False
Florida State & County Level Data.csv,state_census,medium,table|url|filename|state|category|query,"https://www.nass.usda.gov/Publications/AgCensus/2017/Full_Report/Volume_1,_Chapter_1_State_Level/Florida/flv1.pdf","https://www.nass.usda.gov/Publications/AgCensus/2017/Full_Report/Volume_1,_Chapter_1_State_Level/Florida/index.php",False
Florida State & County Profiles.csv,state_and_county_profiles,high,url|county|state|category,https://www.nass.usda.gov/Publications/AgCensus/2017/Online_Resources/County_Profiles/Florida/cp99012.pdf,https://www.nass.usda.gov/Publications/AgCensus/2017/Online_Resources/County_Profiles/Florida/index.php,False
Florida- State Releases.csv,state_releases,high,url|filename|state|category|date,http://www.flaports.org/Assets/3132013104713AM_State_of_Florida_Ports_2013_Florida_Ports_Councilweb.pdf,http://www.flaports.org/Assets/index.php,False
Florida- State Releases_0.csv,state_releases,high,url|filename|state|category|date,http://www.flaports.org/Assets/3132013104713AM_State_of_Florida_Ports_2013_Florida_Ports_Councilweb.pdf,http://www.flaports.org/Assets/index.php,False
Florida- State Releases_1.csv,state_releases,high,url|filename|state|category|date,http://www.flaports.org/Assets/3132013104713AM_State_of_Florida_Ports_2013_Florida_Ports_Councilweb.pdf,http://www.flaports.org/Assets/index.php,False
Florida-Release (Delta Version).csv,state_releases_filtered,high,path|title|state|category|date,,,False
Florida-Release (Delta Version)_0.csv,state_releases_filtered,high,path|title|state|category|date,,,False
Georgia - State Releases.csv,state_releases,high,url|filename|state|category|date,https://www.nass.usda.gov/Statistics_by_State/Georgia/Publications/More_Features/GAAgFacts.pdf,https://www.nass.usda.gov/Statistics_by_State/Georgia/Publications/More_Features/index.php,False
Georgia - State Releases_0.csv,state_releases,high,url|filename|state|category|date,https://www.nass.usda.gov/Statistics_by_State/Georgia/Publications/More_Features/GAAgFacts.pdf,https://www.nass.usda.gov/Statistics_by_State/Georgia/Publications/More_Features/index.php,False
Georgia - State Releases_1.csv,state_releases,high,url|filename|state|category|date,https://www.nass.usda.gov/Statistics_by_State/Georgia/Publications/More_Features/GAAgFacts.pdf,https://www.nass.usda.gov/Statistics_by_State/Georgia/Publications/More_Features/index.php,False
Georgia Congressional District Profiles.csv,congressional_district_profiles,medium,url|filename|state|category,https://www.nass.usda.gov/Publications/AgCensus/2017/Online_Resources/Congressional_District_Profiles/cd1301.pdf,https://www.nass.usda.gov/Publications/AgCensus/2017/Online_Resources/Congressional_District_Profiles/index.php,False
Georgia State & County Level Data.csv,state_census,medium,table|url|filename|state|category|query,"https://www.nass.usda.gov/Publications/AgCensus/2017/Full_Report/Volume_1,_Chapter_1_State_Level/Georgia/gav1.pdf","https://www.nass.usda.gov/Publications/AgCensus/2017/Full_Report/Volume_1,_Chapter_1_State_Level/Georgia/index.php",False
Georgia State & County Profiles .csv,state_and_county_profiles,high,url|county|state|category,https://www.nass.usda.gov/Publications/AgCensus/2017/Online_Resources/County_Profiles/Georgia/cp99013.pdf,https://www.nass.usda.gov/Publications/AgCensus/2017/Online_Resources/County_Profiles/Georgia/index.php,False
Georgia-reg.csv,race_ethnicity_and_gender_profil,high,title|pdf|state,"https://www.nass.usda.gov/Publications/AgCensus/2017/Online_Resources/Race,_Ethnicity_and_Gender_Profiles/Georgia/cpd13001.pdf","https://www.nass.usda.gov/Publications/AgCensus/2017/Online_Resources/Race,_Ethnicity_and_Gender_Profiles/Georgia/index.php",False
Georgia-Releases (Delta Version).csv,state_releases_filtered,high,path|title|state|category|date,,,False
Georgia-Releases (Delta Version)_0.csv,state_releases_filtered,high,path|title|state|category|date,,,False
Hawaii - State Releases .csv,state_releases,high,url|filename|state|category|date,https://www.nass.usda.gov/Statistics_by_State/Hawaii/Publications/Miscellaneous/hiag.pdf,https://www.nass.usda.gov/Statistics_by_State/Hawaii/Publications/Miscellaneous/index.php,False
Hawaii - State Releases _0.csv,state_releases,high,url|filename|state|category|date,https://www.nass.usda.gov/Statistics_by_State/Hawaii/Publications/Miscellaneous/hiag.pdf,https://www.nass.usda.gov/Statistics_by_State/Hawaii/Publications/Miscellaneous/index.php,False
Hawaii - State Releases.csv,state_releases,high,url|filename|state|category|date,https://www.nass.usda.gov/Statistics_by_State/Hawaii/Publications/Miscellaneous/hiag.pdf,https://www.nass.usda.gov/Statistics_by_State/Hawaii/Publications/Miscellaneous/index.php,False
Hawaii - Updated Christa Version.csv,state_releases_filtered,high,path|title|state|category|date,,,False
Hawaii - Updated Christa Version_0.csv,state_releases_filtered,high,path|title|state|category|date,,,False
Hawaii - Updated Christa Version_1.csv,state_releases_filtered,high,path|title|state|category|date,,,False
Hawaii - Updated Christa Version_2.csv,state_releases_filtered,high,path|title|state|category|date,,,False
Hawaii Congressional District Profiles.csv,congressional_district_profiles,medium,url|filename|state|category,https://www.nass.usda.gov/Publications/AgCensus/2017/Online_Resources/Congressional_District_Profiles/cd1502.pdf,https://www.nass.usda.gov/Publications/AgCensus/2017/Online_Resources/Congressional_District_Profiles/index.php,False
Hawaii State & County Level Data.csv,state_census,medium,table|url|filename|state|category|query,"https://www.nass.usda.gov/Publications/AgCensus/2017/Full_Report/Volume_1,_Chapter_1_State_Level/Hawaii/hiv1.pdf","https://www.nass.usda.gov/Publications/AgCensus/2017/Full_Report/Volume_1,_Chapter_1_State_Level/Hawaii/index.php",False
Hawaii State & County Profiles .csv,state_and_county_profiles,high,url|county|state|category,https://www.nass.usda.gov/Publications/AgCensus/2017/Online_Resources/County_Profiles/Hawaii/cp99015.pdf,https://www.nass.usda.gov/Publications/AgCensus/2017/Online_Resources/County_Profiles/Hawaii/index.php,False
Hawaii-reg.csv,race_ethnicity_and_gender_profil,high,title|pdf|state,"https://www.nass.usda.gov/Publications/AgCensus/2017/Online_Resources/Race,_Ethnicity_and_Gender_Profiles/Hawaii/cpd15001.pdf","https://www.nass.usda.gov/Publications/AgCensus/2017/Online_Resources/Race,_Ethnicity_and_Gender_Profiles/Hawaii/index.php",False
Hawaii-Release (Delta Version) - Hawaii-Release (Delta Version).csv,state_releases_filtered,high,path|title|state|category|date,,,False
Hawaii-Release (Delta Version) 2.csv,state_releases_filtered,high,path|title|state|category|date,,,False
Hawaii-Release (Delta Version) 2_0.csv,state_releases_filtered,high,path|title|state|category|date,,,False
Hawaii-Release (Delta Version).csv,state_releases_filtered,high,path|title|state|category|date,,,False
highlights.csv,highlights,high,year|tag|URL|Link text|title,,,False
horticulture - horticulture.csv,census_resource_tables,medium,table|title|year|pdf|resource|census_level,https://www.nass.usda.gov/Publications/AgCensus/2017/Online_Resources/Census_of_Horticulture_Specialties/hortic_1_0001_0001.pdf,https://www.nass.usda.gov/Publications/AgCensus/2017/Online_Resources/Census_of_Horticulture_Specialties/index.php,False
Idaho - State Releases.csv,state_releases,high,url|filename|state|category|date,https://www.nass.usda.gov/Statistics_by_State/Idaho/Publications/Annual_Statistical_Bulletin/2021/ID_ANN_2021.pdf,https://www.nass.usda.gov/Statistics_by_State/Idaho/Publications/Annual_Statistical_Bulletin/2021/index.php,False
Idaho - State Releases_0.csv,state_releases,high,url|filename|state|category|date,https://www.nass.usda.gov/Statistics_by_State/Idaho/Publications/Annual_Statistical_Bulletin/2021/ID_ANN_2021.pdf,https://www.nass.usda.gov/Statistics_by_State/Idaho/Publications/Annual_Statistical_Bulletin/2021/index.php,False
Idaho Congressional District Profiles.csv,congressional_district_profiles,medium,url|filename|state|category,https://www.nass.usda.gov/Publications/AgCensus/2017/Online_Resources/Congressional_District_Profiles/cd1601.pdf,https://www.nass.usda.gov/Publications/AgCensus/2017/Online_Resources/Congressional_District_Profiles/index.php,False
Idaho State & County Level Data.csv,state_census,medium,table|url|filename|state|category|query,"https://www.nass.usda.gov/Publications/AgCensus/2017/Full_Report/Volume_1,_Chapter_1_State_Level/Idaho/idv1.pdf","https://www.nass.usda.gov/Publications/AgCensus/2017/Full_Report/Volume_1,_Chapter_1_State_Level/Idaho/index.php",False
Idaho State & County Profiles .csv,state_and_county_profiles,high,url|county|state|category,https://www.nass.usda.gov/Publications/AgCensus/2017/Online_Resources/County_Profiles/Idaho/cp99016.pdf,https://www.nass.usda.gov/Publications/AgCensus/2017/Online_Resources/County_Profiles/Idaho/index.php,False
Idaho-reg.csv,race_ethnicity_and_gender_profil,high,title|pdf|state,"https://www.nass.usda.gov/Publications/AgCensus/2017/Online_Resources/Race,_Ethnicity_and_Gender_Profiles/Idaho/cpd16001.pdf","https://www.nass.usda.gov/Publications/AgCensus/2017/Online_Resources/Race,_Ethnicity_and_Gender_Profiles/Idaho/index.php",False
Idaho-State Releases.csv,state_releases,high,url|filename|state|category|date,https://www.nass.usda.gov/Statistics_by_State/Idaho/Publications/Annual_Statistical_Bulletin/2021/ID_ANN_2021.pdf,https://www.nass.usda.gov/Statistics_by_State/Idaho/Publications/Annual_Statistical_Bulletin/2021/index.php,False
Illinois Congressional District Profiles.csv,congressional_district_profiles,medium,url|filename|state|category,https://www.nass.usda.gov/Publications/AgCensus/2017/Online_Resources/Congressional_District_Profiles/cd1701.pdf,https://www.nass.usda.gov/Publications/AgCensus/2017/Online_Resources/Congressional_District_Profiles/index.php,False
Illinois State & County Level Data.csv,state_census,medium,table|url|filename|state|category|query,"https://www.nass.usda.gov/Publications/AgCensus/2017/Full_Report/Volume_1,_Chapter_1_State_Level/Illinois/ilv1.pdf","https://www.nass.usda.gov/Publications/AgCensus/2017/Full_Report/Volume_1,_Chapter_1_State_Level/Illinois/index.php",False
Illinois State & County Profiles .csv,state_and_county_profiles,high,url|county|state|category,https://www.nass.usda.gov/Publications/AgCensus/2017/Online_Resources/County_Profiles/Illinois/cp99017.pdf,https://www.nass.usda.gov/Publications/AgCensus/2017/Online_Resources/County_Profiles/Illinois/index.php,False
Illinois- State Releases.csv,state_releases,high,url|filename|state|category|date,http://www.farmdoc.illinois.edu/marketing/morr/morr_08-01/morr_08-01.pdf,http://www.farmdoc.illinois.edu/marketing/morr/morr_08-01/index.php,False
Illinois-reg.csv,race_ethnicity_and_gender_profil,high,title|pdf|state,"https://www.nass.usda.gov/Publications/AgCensus/2017/Online_Resources/Race,_Ethnicity_and_Gender_Profiles/Illinois/cpd17001.pdf","https://www.nass.usda.gov/Publications/AgCensus/2017/Online_Resources/Race,_Ethnicity_and_Gender_Profiles/Illinois/index.php",False
Illinois-Releases (Delta Version) - Illinois-Releases (Delta Version).csv,state_releases_filtered,high,path|title|state|category|date,http://www.farmdoc.illinois.edu/marketing/morr/morr_08-01/morr_08-01.pdf,http://www.farmdoc.illinois.edu/marketing/morr/morr_08-01/index.php,False
Illinois-State Releases.csv,state_releases,high,url|filename|state|category|date,http://www.farmdoc.illinois.edu/marketing/morr/morr_08-01/morr_08-01.pdf,http://www.farmdoc.illinois.edu/marketing/morr/morr_08-01/index.php,False
Indiana Congressional District Profiles.csv,congressional_district_profiles,medium,url|filename|state|category,https://www.nass.usda.gov/Publications/AgCensus/2017/Online_Resources/Congressional_District_Profiles/cd1801.pdf,https://www.nass.usda.gov/Publications/AgCensus/2017/Online_Resources/Congressional_District_Profiles/index.php,False
Indiana Stae & County Profiles .csv,state_and_county_profiles,high,url|county|state|category,https://www.nass.usda.gov/Publications/AgCensus/2017/Online_Resources/County_Profiles/Indiana/cp99018.pdf,https://www.nass.usda.gov/Publications/AgCensus/2017/Online_Resources/County_Profiles/Indiana/index.php,False
Indiana State & County Level Data.csv,state_census,medium,table|url|filename|state|category|query,"https://www.nass.usda.gov/Publications/AgCensus/2017/Full_Report/Volume_1,_Chapter_1_State_Level/Indiana/inv1.pdf","https://www.nass.usda.gov/Publications/AgCensus/2017/Full_Report/Volume_1,_Chapter_1_State_Level/Indiana/index.php",False
Indiana- State Releases.csv,state_releases,high,url|filename|state|category|date,https://www.nass.usda.gov/Statistics_by_State/Arizona/Publications/Charts_and_Maps/americanindianagaz.pdf,https://www.nass.usda.gov/Statistics_by_State/Arizona/Publications/Charts_and_Maps/index.php,False
Indiana-reg.csv,race_ethnicity_and_gender_profil,high,title|pdf|state,"https://www.nass.usda.gov/Publications/AgCensus/2017/Online_Resources/Race,_Ethnicity_and_Gender_Profiles/Indiana/cpd18001.pdf","https://www.nass.usda.gov/Publications/AgCensus/2017/Online_Resources/Race,_Ethnicity_and_Gender_Profiles/Indiana/index.php",False
Indiana-Releases (Delta Version) - Indiana-Releases (Delta Version).csv,state_releases_filtered,high,path|title|state|category|date,,,False
Indiana-Releases (Delta Version).csv,state_releases_filtered,high,path|title|state|category|date,,,False
Iowa Congressional District Profiles.csv,congressional_district_profiles,medium,url|filename|state|category,https://www.nass.usda.gov/Publications/AgCensus/2017/Online_Resources/Congressional_District_Profiles/cd1901.pdf,https://www.nass.usda.gov/Publications/AgCensus/2017/Online_Resources/Congressional_District_Profiles/index.php,False
Iowa State & County Level Data.csv,state_census,medium,table|url|filename|state|category|query,"https://www.nass.usda.gov/Publications/AgCensus/2017/Full_Report/Volume_1,_Chapter_1_State_Level/Iowa/iav1.pdf","https://www.nass.usda.gov/Publications/AgCensus/2017/Full_Report/Volume_1,_Chapter_1_State_Level/Iowa/index.php",False
Iowa State & County Profiles .csv,state_and_county_profiles,high,url|county|state|category,https://www.nass.usda.gov/Publications/AgCensus/2017/Online_Resources/County_Profiles/Iowa/cp99019.pdf,https://www.nass.usda.gov/Publications/AgCensus/2017/Online_Resources/County_Profiles/Iowa/index.php,False
Iowa State & County Profiles _0.csv,state_and_county_profiles,high,url|county|state|category,https://www.nass.usda.gov/Publications/AgCensus/2017/Online_Resources/County_Profiles/Iowa/cp99019.pdf,https://www.nass.usda.gov/Publications/AgCensus/2017/Online_Resources/County_Profiles/Iowa/index.php,False
Iowa-reg.csv,race_ethnicity_and_gender_profil,high,title|pdf|state,"https://www.nass.usda.gov/Publications/AgCensus/2017/Online_Resources/Race,_Ethnicity_and_Gender_Profiles/Iowa/cpd19001.pdf","https://www.nass.usda.gov/Publications/AgCensus/2017/Online_Resources/Race,_Ethnicity_and_Gender_Profiles/Iowa/index.php",False
Iowa-Releases (Delta Version).csv,state_releases_filtered,high,path|title|state|category|date,,,False
Iowa-Releases.csv,state_releases,high,url|filename|state|category|date,https://www.nass.usda.gov/Statistics_by_State/Iowa/Publications/Annual_Statistical_Bulletin/2005_Iowa_Annual_Bulletin.pdf,https://www.nass.usda.gov/Statistics_by_State/Iowa/Publications/Annual_Statistical_Bulletin/index.php,False
Iowa-Releases_0.csv,state_releases,high,url|filename|state|category|date,https://www.nass.usda.gov/Statistics_by_State/Iowa/Publications/Annual_Statistical_Bulletin/2005_Iowa_Annual_Bulletin.pdf,https://www.nass.usda.gov/Statistics_by_State/Iowa/Publications/Annual_Statistical_Bulletin/index.php,False
Iowa-Releases_1.csv,state_releases,high,url|filename|state|category|date,https://www.nass.usda.gov/Statistics_by_State/Iowa/Publications/Annual_Statistical_Bulletin/2005_Iowa_Annual_Bulletin.pdf,https://www.nass.usda.gov/Statistics_by_State/Iowa/Publications/Annual_Statistical_Bulletin/index.php,False
irrigation_water - irrigation_water.csv,crop_progress_and_condition_grap,high,table|title|year|pdf|resource,https://www.nass.usda.gov/Publications/AgCensus/2017/Online_Resources/Farm_and_Ranch_Irrigation_Survey/fris_1_0001_0001.pdf,https://www.nass.usda.gov/Publications/AgCensus/2017/Online_Resources/Farm_and_Ranch_Irrigation_Survey/index.php,False
Kansas Congressional District Profiles.csv,congressional_district_profiles,medium,url|filename|state|category,https://www.nass.usda.gov/Publications/AgCensus/2017/Online_Resources/Congressional_District_Profiles/cd2001.pdf,https://www.nass.usda.gov/Publications/AgCensus/2017/Online_Resources/Congressional_District_Profiles/index.php,False
Kansas State & County Level Data.csv,state_census,medium,table|url|filename|state|category|query,"https://www.nass.usda.gov/Publications/AgCensus/2017/Full_Report/Volume_1,_Chapter_1_State_Level/Kansas/ksv1.pdf","https://www.nass.usda.gov/Publications/AgCensus/2017/Full_Report/Volume_1,_Chapter_1_State_Level/Kansas/index.php",False
Kansas State & County Profiles .csv,state_and_county_profiles,high,url|county|state|category,https://www.nass.usda.gov/Publications/AgCensus/2017/Online_Resources/County_Profiles/Kansas/cp99020.pdf,https://www.nass.usda.gov/Publications/AgCensus/2017/Online_Resources/County_Profiles/Kansas/index.php,False
Kansas-reg.csv,race_ethnicity_and_gender_profil,high,title|pdf|state,"https://www.nass.usda.gov/Publications/AgCensus/2017/Online_Resources/Race,_Ethnicity_and_Gender_Profiles/Kansas/cpd20001.pdf","https://www.nass.usda.gov/Publications/AgCensus/2017/Online_Resources/Race,_Ethnicity_and_Gender_Profiles/Kansas/index.php",False
Kansas-Releases (Delta Version).csv,state_releases_filtered,high,path|title|state|category|date,,,False
Kansas-Releases.csv,state_releases,high,url|filename|state|category|date,https://www.nass.usda.gov/Statistics_by_State/Kansas/Publications/County_Estimates/21KSsorg.pdf,https://www.nass.usda.gov/Statistics_by_State/Kansas/Publications/County_Estimates/index.php,False
Kansas-Releases_0.csv,state_releases,high,url|filename|state|category|date,https://www.nass.usda.gov/Statistics_by_State/Kansas/Publications/County_Estimates/21KSsorg.pdf,https://www.nass.usda.gov/Statistics_by_State/Kansas/Publications/County_Estimates/index.php,False
Kentucky Congressional District Profiles.csv,congressional_district_profiles,medium,url|filename|state|category,https://www.nass.usda.gov/Publications/AgCensus/2017/Online_Resources/Congressional_District_Profiles/cd2101.pdf,https://www.nass.usda.gov/Publications/AgCensus/2017/Online_Resources/Congressional_District_Profiles/index.php,False
Kentucky State & County Level Data.csv,state_census,medium,table|url|filename|state|category|query,"https://www.nass.usda.gov/Publications/AgCensus/2017/Full_Report/Volume_1,_Chapter_1_State_Level/Kentucky/kyv1.pdf","https://www.nass.usda.gov/Publications/AgCensus/2017/Full_Report/Volume_1,_Chapter_1_State_Level/Kentucky/index.php",False
Kentucky State and County Profiles .csv,state_and_county_profiles,high,url|county|state|category,https://www.nass.usda.gov/Publications/AgCensus/2017/Online_Resources/County_Profiles/Kentucky/cp99021.pdf,https://www.nass.usda.gov/Publications/AgCensus/2017/Online_Resources/County_Profiles/Kentucky/index.php,False
Kentucky-reg.csv,race_ethnicity_and_gender_profil,high,title|pdf|state,"https://www.nass.usda.gov/Publications/AgCensus/2017/Online_Resources/Race,_Ethnicity_and_Gender_Profiles/Kentucky/cpd21001.pdf","https://www.nass.usda.gov/Publications/AgCensus/2017/Online_Resources/Race,_Ethnicity_and_Gender_Profiles/Kentucky/index.php",False
Kentucky-Releases (Delta Version).csv,state_releases_filtered,high,path|title|state|category|date,,,False
Kentucky-Releases.csv,state_releases,high,url|filename|state|category|date,https://www.nass.usda.gov/Statistics_by_State/Kentucky/Publications/Annual_Statistical_Bulletin/2001/p59.pdf,https://www.nass.usda.gov/Statistics_by_State/Kentucky/Publications/Annual_Statistical_Bulletin/2001/index.php,False
Kentucky-Releases_0.csv,state_releases,high,url|filename|state|category|date,https://www.nass.usda.gov/Statistics_by_State/Kentucky/Publications/Annual_Statistical_Bulletin/2001/p59.pdf,https://www.nass.usda.gov/Statistics_by_State/Kentucky/Publications/Annual_Statistical_Bulletin/2001/index.php,False
Kentucky-Releases_1.csv,state_releases,high,url|filename|state|category|date,https://www.nass.usda.gov/Statistics_by_State/Kentucky/Publications/Annual_Statistical_Bulletin/2001/p59.pdf,https://www.nass.usda.gov/Statistics_by_State/Kentucky/Publications/Annual_Statistical_Bulletin/2001/index.php,False
Louisiana State & County Level Data.csv,state_census,medium,table|url|filename|state|category|query,"https://www.nass.usda.gov/Publications/AgCensus/2017/Full_Report/Volume_1,_Chapter_1_State_Level/Louisiana/lav1.pdf","https://www.nass.usda.gov/Publications/AgCensus/2017/Full_Report/Volume_1,_Chapter_1_State_Level/Louisiana/index.php",False
Louisiana State & County Profiles .csv,state_and_county_profiles,high,url|county|state|category,https://www.nass.usda.gov/Publications/AgCensus/2017/Online_Resources/County_Profiles/Louisiana/cp99022.pdf,https://www.nass.usda.gov/Publications/AgCensus/2017/Online_Resources/County_Profiles/Louisiana/index.php,False
Louisiana-reg.csv,race_ethnicity_and_gender_profil,high,title|pdf|state,"https://www.nass.usda.gov/Publications/AgCensus/2017/Online_Resources/Race,_Ethnicity_and_Gender_Profiles/Louisiana/cpd22001.pdf","https://www.nass.usda.gov/Publications/AgCensus/2017/Online_Resources/Race,_Ethnicity_and_Gender_Profiles/Louisiana/index.php",False
Louisiana-Releases (Delta Version).csv,state_releases_filtered,high,path|title|state|category|date,,,False
Louisiana-Releases.csv,state_releases,high,url|filename|state|category|date,https://www.nass.usda.gov/Statistics_by_State/Louisiana/Publications/Crop_Progress_&_Condition/2013/CW05062013.pdf,https://www.nass.usda.gov/Statistics_by_State/Louisiana/Publications/Crop_Progress_&_Condition/2013/index.php,False
Louisiana-Releases_0.csv,state_releases,high,url|filename|state|category|date,https://www.nass.usda.gov/Statistics_by_State/Louisiana/Publications/Crop_Progress_&_Condition/2013/CW05062013.pdf,https://www.nass.usda.gov/Statistics_by_State/Louisiana/Publications/Crop_Progress_&_Condition/2013/index.php,False
Lousiana Congressional District Profiles.csv,congressional_district_profiles,medium,url|filename|state|category,https://www.nass.usda.gov/Publications/AgCensus/2017/Online_Resources/Congressional_District_Profiles/cd2201.pdf,https://www.nass.usda.gov/Publications/AgCensus/2017/Online_Resources/Congressional_District_Profiles/index.php,False
Maine Congressional District Profiles.csv,congressional_district_profiles,medium,url|filename|state|category,https://www.nass.usda.gov/Publications/AgCensus/2017/Online_Resources/Congressional_District_Profiles/cd2301.pdf,https://www.nass.usda.gov/Publications/AgCensus/2017/Online_Resources/Congressional_District_Profiles/index.php,False
Maine State & County Level Data.csv,state_census,medium,table|url|filename|state|category|query,"https://www.nass.usda.gov/Publications/AgCensus/2017/Full_Report/Volume_1,_Chapter_1_State_Level/Maine/mev1.pdf","https://www.nass.usda.gov/Publications/AgCensus/2017/Full_Report/Volume_1,_Chapter_1_State_Level/Maine/index.php",False
Maine State & County Profiles.csv,state_and_county_profiles,high,url|county|state|category,https://www.nass.usda.gov/Publications/AgCensus/2017/Online_Resources/County_Profiles/Maine/cp99023.pdf,https://www.nass.usda.gov/Publications/AgCensus/2017/Online_Resources/County_Profiles/Maine/index.php,False
Maine-reg.csv,race_ethnicity_and_gender_profil,high,title|pdf|state,"https://www.nass.usda.gov/Publications/AgCensus/2017/Online_Resources/Race,_Ethnicity_and_Gender_Profiles/Maine/cpd23001.pdf","https://www.nass.usda.gov/Publications/AgCensus/2017/Online_Resources/Race,_Ethnicity_and_Gender_Profiles/Maine/index.php",False
Maine-Releases (Delta Version).csv,state_releases_filtered,high,path|title|state|category|date,,,False
Maine-Releases.csv,state_releases,high,url|filename|state|category|date,https://www.nass.usda.gov/Statistics_by_State/Maine/Publications/maine-profile2021.pdf,https://www.nass.usda.gov/Statistics_by_State/Maine/Publications/index.php,False
marketbasket.csv,UNKNOWN,unknown,"Trends in U.S. Agriculture, published by USDA-NASS|||",,,False
Maryland Congressional District Profiles.csv,congressional_district_profiles,medium,url|filename|state|category,https://www.nass.usda.gov/Publications/AgCensus/2017/Online_Resources/Congressional_District_Profiles/cd2401.pdf,https://www.nass.usda.gov/Publications/AgCensus/2017/Online_Resources/Congressional_District_Profiles/index.php,False
Maryland State & County Level Data.csv,state_census,medium,table|url|filename|state|category|query,"https://www.nass.usda.gov/Publications/AgCensus/2017/Full_Report/Volume_1,_Chapter_1_State_Level/Maryland/mdv1.pdf","https://www.nass.usda.gov/Publications/AgCensus/2017/Full_Report/Volume_1,_Chapter_1_State_Level/Maryland/index.php",False
Maryland State & County Profiles.csv,state_and_county_profiles,high,url|county|state|category,https://www.nass.usda.gov/Publications/AgCensus/2017/Online_Resources/County_Profiles/Maryland/cp99024.pdf,https://www.nass.usda.gov/Publications/AgCensus/2017/Online_Resources/County_Profiles/Maryland/index.php,False
Maryland-reg.csv,race_ethnicity_and_gender_profil,high,title|pdf|state,"https://www.nass.usda.gov/Publications/AgCensus/2017/Online_Resources/Race,_Ethnicity_and_Gender_Profiles/Maryland/cpd24001.pdf","https://www.nass.usda.gov/Publications/AgCensus/2017/Online_Resources/Race,_Ethnicity_and_Gender_Profiles/Maryland/index.php",False
Maryland-Releases (Delta Version) - Maryland-Releases (Delta Version).csv,state_releases_filtered,high,path|title|state|category|date,,,False
Maryland-Releases (Delta Version).csv,state_releases_filtered,high,path|title|state|category|date,,,False
Maryland-Releases.csv,state_releases,high,url|filename|state|category|date,https://www.nass.usda.gov/Statistics_by_State/Delaware/Publications/Current_News_Release/2020/Maryland-Delaware%20April%202020%20Covid%2019%20News%20Release.pdf,https://www.nass.usda.gov/Statistics_by_State/Delaware/Publications/Current_News_Release/2020/index.php,False
Maryland-Releases_0.csv,state_releases,high,url|filename|state|category|date,https://www.nass.usda.gov/Statistics_by_State/Delaware/Publications/Current_News_Release/2020/Maryland-Delaware%20April%202020%20Covid%2019%20News%20Release.pdf,https://www.nass.usda.gov/Statistics_by_State/Delaware/Publications/Current_News_Release/2020/index.php,False
Massachusetts Congressional District Profiles.csv,congressional_district_profiles,medium,url|filename|state|category,https://www.nass.usda.gov/Publications/AgCensus/2017/Online_Resources/Congressional_District_Profiles/cd2501.pdf,https://www.nass.usda.gov/Publications/AgCensus/2017/Online_Resources/Congressional_District_Profiles/index.php,False
Massachusetts State & County Level Data.csv,state_census,medium,table|url|filename|state|category|query,"https://www.nass.usda.gov/Publications/AgCensus/2017/Full_Report/Volume_1,_Chapter_1_State_Level/Massachusetts/mav1.pdf","https://www.nass.usda.gov/Publications/AgCensus/2017/Full_Report/Volume_1,_Chapter_1_State_Level/Massachusetts/index.php",False
Massachusetts State & County Profiles.csv,state_and_county_profiles,high,url|county|state|category,https://www.nass.usda.gov/Publications/AgCensus/2017/Online_Resources/County_Profiles/Massachusetts/cp99025.pdf,https://www.nass.usda.gov/Publications/AgCensus/2017/Online_Resources/County_Profiles/Massachusetts/index.php,False
Massachusetts-reg.csv,race_ethnicity_and_gender_profil,high,title|pdf|state,"https://www.nass.usda.gov/Publications/AgCensus/2017/Online_Resources/Race,_Ethnicity_and_Gender_Profiles/Massachusetts/cpd25001.pdf","https://www.nass.usda.gov/Publications/AgCensus/2017/Online_Resources/Race,_Ethnicity_and_Gender_Profiles/Massachusetts/index.php",False
Massachusetts-Releases (Delta Version)_0.csv,state_releases_filtered,high,path|title|state|category|date,,,False
Massachusetts-Releases.csv,state_releases,high,url|filename|state|category|date,https://www.nass.usda.gov/Statistics_by_State/Massachusetts/Publications/massachusetts-profile2021.pdf,https://www.nass.usda.gov/Statistics_by_State/Massachusetts/Publications/index.php,False
mechanization.csv,UNKNOWN,unknown,"Trends in U.S. Agriculture, published by USDA-NASS|||",,,False
Michigan Congressional District Profiles.csv,congressional_district_profiles,medium,url|filename|state|category,https://www.nass.usda.gov/Publications/AgCensus/2017/Online_Resources/Congressional_District_Profiles/cd2601.pdf,https://www.nass.usda.gov/Publications/AgCensus/2017/Online_Resources/Congressional_District_Profiles/index.php,False
Michigan State & County Level Data.csv,state_census,medium,table|url|filename|state|category|query,"https://www.nass.usda.gov/Publications/AgCensus/2017/Full_Report/Volume_1,_Chapter_1_State_Level/Michigan/miv1.pdf","https://www.nass.usda.gov/Publications/AgCensus/2017/Full_Report/Volume_1,_Chapter_1_State_Level/Michigan/index.php",False
Michigan State & County Profiles.csv,state_and_county_profiles,high,url|county|state|category,https://www.nass.usda.gov/Publications/AgCensus/2017/Online_Resources/County_Profiles/Michigan/cp99026.pdf,https://www.nass.usda.gov/Publications/AgCensus/2017/Online_Resources/County_Profiles/Michigan/index.php,False
Michigan- State Releases Updated.csv,state_releases,high,url|filename|state|category|date,https://www.nass.usda.gov/Statistics_by_State/Michigan/Publications/Ag_Across_Michigan/2020/aam2011.pdf,https://www.nass.usda.gov/Statistics_by_State/Michigan/Publications/Ag_Across_Michigan/2020/index.php,False
Michigan-reg.csv,race_ethnicity_and_gender_profil,high,title|pdf|state,"https://www.nass.usda.gov/Publications/AgCensus/2017/Online_Resources/Race,_Ethnicity_and_Gender_Profiles/Michigan/cpd26001.pdf","https://www.nass.usda.gov/Publications/AgCensus/2017/Online_Resources/Race,_Ethnicity_and_Gender_Profiles/Michigan/index.php",False
Michigan-Releases (Delta Version) - Michigan-Releases (Delta Version).csv,state_releases_filtered,high,path|title|state|category|date,,,False
Michigan-Releases.csv,state_releases,high,url|filename|state|category|date,https://www.nass.usda.gov/Statistics_by_State/Michigan/Publications/Ag_Across_Michigan/2020/aam2011.pdf,https://www.nass.usda.gov/Statistics_by_State/Michigan/Publications/Ag_Across_Michigan/2020/index.php,False
Minnesota Congressional District Profiles.csv,congressional_district_profiles,medium,url|filename|state|category,https://www.nass.usda.gov/Publications/AgCensus/2017/Online_Resources/Congressional_District_Profiles/cd2701.pdf,https://www.nass.usda.gov/Publications/AgCensus/2017/Online_Resources/Congressional_District_Profiles/index.php,False
Minnesota State & County Level Data.csv,state_census,medium,table|url|filename|state|category|query,"https://www.nass.usda.gov/Publications/AgCensus/2017/Full_Report/Volume_1,_Chapter_1_State_Level/Minnesota/mnv1.pdf","https://www.nass.usda.gov/Publications/AgCensus/2017/Full_Report/Volume_1,_Chapter_1_State_Level/Minnesota/index.php",False
Minnesota State & County Profiles.csv,state_and_county_profiles,high,url|county|state|category,https://www.nass.usda.gov/Publications/AgCensus/2017/Online_Resources/County_Profiles/Minnesota/cp99027.pdf,https://www.nass.usda.gov/Publications/AgCensus/2017/Online_Resources/County_Profiles/Minnesota/index.php,False
Minnesota-reg.csv,race_ethnicity_and_gender_profil,high,title|pdf|state,"https://www.nass.usda.gov/Publications/AgCensus/2017/Online_Resources/Race,_Ethnicity_and_Gender_Profiles/Minnesota/cpd27001.pdf","https://www.nass.usda.gov/Publications/AgCensus/2017/Online_Resources/Race,_Ethnicity_and_Gender_Profiles/Minnesota/index.php",False
Minnesota-Releases (Delta Version).csv,state_releases_filtered,high,path|title|state|category|date,,,False
Minnesota-Releases (Delta Version)_0.csv,state_releases_filtered,high,path|title|state|category|date,,,False
Minnesota-Releases (Delta Version)_1.csv,state_releases_filtered,high,path|title|state|category|date,,,False
Minnesota-Releases (Delta Version)_2.csv,state_releases_filtered,high,path|title|state|category|date,,,False
Minnesota-Releases (Delta Version)_3.csv,state_releases_filtered,high,path|title|state|category|date,,,False
Minnesota-Releases (Delta Version)_4.csv,state_releases_filtered,high,path|title|state|category|date,,,False
Minnesota-Releases.csv,state_releases,high,url|filename|state|category|date,,,False
Minnesota-Releases_0.csv,state_releases,high,url|filename|state|category|date,,,False
Minnesota-Releases_1.csv,state_releases,high,url|filename|state|category|date,,,False
Minnesota-Releases_2.csv,state_releases,high,url|filename|state|category|date,,,False
Mississippi - reg.csv,race_ethnicity_and_gender_profil,high,title|pdf|state,"https://www.nass.usda.gov/Publications/AgCensus/2017/Online_Resources/Race,_Ethnicity_and_Gender_Profiles/Mississippi/cpd28001.pdf","https://www.nass.usda.gov/Publications/AgCensus/2017/Online_Resources/Race,_Ethnicity_and_Gender_Profiles/Mississippi/index.php",False
Mississippi - reg_0.csv,race_ethnicity_and_gender_profil,high,title|pdf|state,"https://www.nass.usda.gov/Publications/AgCensus/2017/Online_Resources/Race,_Ethnicity_and_Gender_Profiles/Mississippi/cpd28001.pdf","https://www.nass.usda.gov/Publications/AgCensus/2017/Online_Resources/Race,_Ethnicity_and_Gender_Profiles/Mississippi/index.php",False
Mississippi Congressional District Profiles.csv,congressional_district_profiles,medium,url|filename|state|category,https://www.nass.usda.gov/Publications/AgCensus/2017/Online_Resources/Congressional_District_Profiles/cd2801.pdf,https://www.nass.usda.gov/Publications/AgCensus/2017/Online_Resources/Congressional_District_Profiles/index.php,False
Mississippi State & County Level Data.csv,state_census,medium,table|url|filename|state|category|query,"https://www.nass.usda.gov/Publications/AgCensus/2017/Full_Report/Volume_1,_Chapter_1_State_Level/Mississippi/msv1.pdf","https://www.nass.usda.gov/Publications/AgCensus/2017/Full_Report/Volume_1,_Chapter_1_State_Level/Mississippi/index.php",False
Mississippi State & County Profiles.csv,state_and_county_profiles,high,url|county|state|category,https://www.nass.usda.gov/Publications/AgCensus/2017/Online_Resources/County_Profiles/Mississippi/cp99028.pdf,https://www.nass.usda.gov/Publications/AgCensus/2017/Online_Resources/County_Profiles/Mississippi/index.php,False
Mississippi-Releases (Delta Version).csv,state_releases_filtered,high,path|title|state|category|date,,,False
Mississippi-Releases (Delta Version)_0.csv,state_releases_filtered,high,path|title|state|category|date,,,False
Mississippi-Releases.csv,state_releases,high,url|filename|state|category|date,https://www.nass.usda.gov/Research_and_Science/Disaster-Analysis/2021/Floods_2021_Delta/2021_Delta_Floods_Mississippi_Report.pdf,https://www.nass.usda.gov/Research_and_Science/Disaster-Analysis/2021/Floods_2021_Delta/index.php,False
Mississippi-Releases_0.csv,state_releases,high,url|filename|state|category|date,https://www.nass.usda.gov/Research_and_Science/Disaster-Analysis/2021/Floods_2021_Delta/2021_Delta_Floods_Mississippi_Report.pdf,https://www.nass.usda.gov/Research_and_Science/Disaster-Analysis/2021/Floods_2021_Delta/index.php,False
Missouri Congressional District Profiles.csv,congressional_district_profiles,medium,url|filename|state|category,https://www.nass.usda.gov/Publications/AgCensus/2017/Online_Resources/Congressional_District_Profiles/cd2901.pdf,https://www.nass.usda.gov/Publications/AgCensus/2017/Online_Resources/Congressional_District_Profiles/index.php,False
Missouri State & County Level Data.csv,state_census,medium,table|url|filename|state|category|query,"https://www.nass.usda.gov/Publications/AgCensus/2017/Full_Report/Volume_1,_Chapter_1_State_Level/Missouri/mov1.pdf","https://www.nass.usda.gov/Publications/AgCensus/2017/Full_Report/Volume_1,_Chapter_1_State_Level/Missouri/index.php",False
Missouri State & County Profiles.csv,state_and_county_profiles,high,url|county|state|category,https://www.nass.usda.gov/Publications/AgCensus/2017/Online_Resources/County_Profiles/Missouri/cp99029.pdf,https://www.nass.usda.gov/Publications/AgCensus/2017/Online_Resources/County_Profiles/Missouri/index.php,False
Missouri-reg.csv,race_ethnicity_and_gender_profil,high,title|pdf|state|,"https://www.nass.usda.gov/Publications/AgCensus/2017/Online_Resources/Race,_Ethnicity_and_Gender_Profiles/Missouri/cpd29001.pdf","https://www.nass.usda.gov/Publications/AgCensus/2017/Online_Resources/Race,_Ethnicity_and_Gender_Profiles/Missouri/index.php",False
Missouri-reg_0.csv,race_ethnicity_and_gender_profil,high,title|pdf|state,https://www.nass.usda.gov/Publications/AgCensus/2017/Online_Resources/Race_Ethnicity_and_Gender_Profiles/Missouri/cpd29001.pdf,https://www.nass.usda.gov/Publications/AgCensus/2017/Online_Resources/Race_Ethnicity_and_Gender_Profiles/Missouri/index.php,False
Missouri-Releases (Delta Version).csv,state_releases_filtered,high,path|title|state|category|date,,,False
Missouri-Releases (Delta Version)_0.csv,state_releases_filtered,high,path|title|state|category|date,,,False
Missouri-Releases.csv,state_releases,high,url|filename|state|category|date,https://www.nass.usda.gov/Research_and_Science/Disaster-Analysis/2019/Missouri-Illinois-Flooding/2019_Missouri_Illinois_Floods_Inundation_Map.pdf,https://www.nass.usda.gov/Research_and_Science/Disaster-Analysis/2019/Missouri-Illinois-Flooding/index.php,False
Missouri-Releases_0.csv,state_releases,high,url|filename|state|category|date,https://www.nass.usda.gov/Research_and_Science/Disaster-Analysis/2019/Missouri-Illinois-Flooding/2019_Missouri_Illinois_Floods_Inundation_Map.pdf,https://www.nass.usda.gov/Research_and_Science/Disaster-Analysis/2019/Missouri-Illinois-Flooding/index.php,False
Missouri-Releases_1.csv,state_releases,high,url|filename|state|category|date,https://www.nass.usda.gov/Research_and_Science/Disaster-Analysis/2019/Missouri-Illinois-Flooding/2019_Missouri_Illinois_Floods_Inundation_Map.pdf,https://www.nass.usda.gov/Research_and_Science/Disaster-Analysis/2019/Missouri-Illinois-Flooding/index.php,False
Montana Congressional District Profiles.csv,congressional_district_profiles,medium,url|filename|state|category,https://www.nass.usda.gov/Publications/AgCensus/2017/Online_Resources/Congressional_District_Profiles/cd3001.pdf,https://www.nass.usda.gov/Publications/AgCensus/2017/Online_Resources/Congressional_District_Profiles/index.php,False
Montana State & County Level Data.csv,state_census,medium,table|url|filename|state|category|query,"https://www.nass.usda.gov/Publications/AgCensus/2017/Full_Report/Volume_1,_Chapter_1_State_Level/Montana/mtv1.pdf","https://www.nass.usda.gov/Publications/AgCensus/2017/Full_Report/Volume_1,_Chapter_1_State_Level/Montana/index.php",False
Montana State & County Profiles.csv,state_and_county_profiles,high,url|county|state|category,https://www.nass.usda.gov/Publications/AgCensus/2017/Online_Resources/County_Profiles/Montana/cp99030.pdf,https://www.nass.usda.gov/Publications/AgCensus/2017/Online_Resources/County_Profiles/Montana/index.php,False
Montana-reg.csv,race_ethnicity_and_gender_profil,high,title|pdf|state,"https://www.nass.usda.gov/Publications/AgCensus/2017/Online_Resources/Race,_Ethnicity_and_Gender_Profiles/Montana/cpd30001.pdf","https://www.nass.usda.gov/Publications/AgCensus/2017/Online_Resources/Race,_Ethnicity_and_Gender_Profiles/Montana/index.php",False
Montana-Releases (Delta Version).csv,state_releases_filtered,high,path|title|state|category|date,,,False
Montana-Releases (Delta Version)_0.csv,state_releases_filtered,high,path|title|state|category|date,,,False
Montana-Releases (Delta Version)_1.csv,state_releases_filtered,high,path|title|state|category|date,,,False
Montana-Releases (Delta Version)_2.csv,state_releases_filtered,high,path|title|state|category|date,,,False
Montana-Releases.csv,state_releases,high,url|filename|state|category|date,https://www.nass.usda.gov/Statistics_by_State/Montana/Publications/Special_Interest_Reports/agfacts.pdf,https://www.nass.usda.gov/Statistics_by_State/Montana/Publications/Special_Interest_Reports/index.php,False
Montana-Releases_0.csv,state_releases,high,url|filename|state|category|date,https://www.nass.usda.gov/Statistics_by_State/Montana/Publications/Special_Interest_Reports/agfacts.pdf,https://www.nass.usda.gov/Statistics_by_State/Montana/Publications/Special_Interest_Reports/index.php,False
Montana-Releases_1.csv,state_releases,high,url|filename|state|category|date,https://www.nass.usda.gov/Statistics_by_State/Montana/Publications/Special_Interest_Reports/agfacts.pdf,https://www.nass.usda.gov/Statistics_by_State/Montana/Publications/Special_Interest_Reports/index.php,False
NASS Alabama Census (Updated).csv,state_census,medium,table|url|filename|state|category|query|Notes,"https://www.nass.usda.gov/Publications/AgCensus/2017/Full_Report/Volume_1,_Chapter_1_State_Level/Alabama/alintro.pdf","https://www.nass.usda.gov/Publications/AgCensus/2017/Full_Report/Volume_1,_Chapter_1_State_Level/Alabama/index.php",False
NASS Alabama Census (Updated)_0.csv,state_census,medium,table|url|filename|state|category|query|Notes,"https://www.nass.usda.gov/Publications/AgCensus/2017/Full_Report/Volume_1,_Chapter_1_State_Level/Alabama/alintro.pdf","https://www.nass.usda.gov/Publications/AgCensus/2017/Full_Report/Volume_1,_Chapter_1_State_Level/Alabama/index.php",False
NASS Alabama Census (Updated)_1.csv,state_census,medium,table|url|filename|state|category|query|Notes,"https://www.nass.usda.gov/Publications/AgCensus/2017/Full_Report/Volume_1,_Chapter_1_State_Level/Alabama/alintro.pdf","https://www.nass.usda.gov/Publications/AgCensus/2017/Full_Report/Volume_1,_Chapter_1_State_Level/Alabama/index.php",False
NASS Alabama Census (Updated)_2.csv,state_census,medium,table|url|filename|state|category|query|Notes,"https://www.nass.usda.gov/Publications/AgCensus/2017/Full_Report/Volume_1,_Chapter_1_State_Level/Alabama/alintro.pdf","https://www.nass.usda.gov/Publications/AgCensus/2017/Full_Report/Volume_1,_Chapter_1_State_Level/Alabama/index.php",False
NASS Alabama Census v2.csv,state_census,medium,Table #'s|URL|File Name|State|Catergory|Query Tool URL|Notes||||||||||||,"https://www.nass.usda.gov/Publications/AgCensus/2017/Full_Report/Volume_1,_Chapter_1_State_Level/Alabama/alintro.pdf","https://www.nass.usda.gov/Publications/AgCensus/2017/Full_Report/Volume_1,_Chapter_1_State_Level/Alabama/index.php",False
NASS Alabama Census v2b.csv,UNKNOWN,unknown,"|https://www.nass.usda.gov/Publications/AgCensus/2017/Full_Report/Volume_1,_Chapter_1_State_Level/Alabama/alintro.pdf|Introduction|Alabama|State Level Data||||||||||||||","https://www.nass.usda.gov/Publications/AgCensus/2017/Full_Report/Volume_1,_Chapter_1_State_Level/Alabama/alrefmap.pdf","https://www.nass.usda.gov/Publications/AgCensus/2017/Full_Report/Volume_1,_Chapter_1_State_Level/Alabama/index.php",False
NASS Alabama Census v2_0.csv,state_census,medium,Table #'s|URL|File Name|State|Catergory|Query Tool URL|Notes||||||||||||,"https://www.nass.usda.gov/Publications/AgCensus/2017/Full_Report/Volume_1,_Chapter_1_State_Level/Alabama/alintro.pdf","https://www.nass.usda.gov/Publications/AgCensus/2017/Full_Report/Volume_1,_Chapter_1_State_Level/Alabama/index.php",False
NASS Alabama Census v2_1.csv,state_census,medium,Table #'s|URL|File Name|State|Catergory|Query Tool URL|Notes||||||||||||,"https://www.nass.usda.gov/Publications/AgCensus/2017/Full_Report/Volume_1,_Chapter_1_State_Level/Alabama/alintro.pdf","https://www.nass.usda.gov/Publications/AgCensus/2017/Full_Report/Volume_1,_Chapter_1_State_Level/Alabama/index.php",False
NASS Alabama Census v2_2.csv,state_census,medium,table|url|filename|state|category|query|notes,"https://www.nass.usda.gov/Publications/AgCensus/2017/Full_Report/Volume_1,_Chapter_1_State_Level/Alabama/alintro.pdf","https://www.nass.usda.gov/Publications/AgCensus/2017/Full_Report/Volume_1,_Chapter_1_State_Level/Alabama/index.php",False
NASS Alabama Census v3.csv,state_census,medium,table|url|filename|state|category|query|notes,"https://www.nass.usda.gov/Publications/AgCensus/2017/Full_Report/Volume_1,_Chapter_1_State_Level/Alabama/alintro.pdf","https://www.nass.usda.gov/Publications/AgCensus/2017/Full_Report/Volume_1,_Chapter_1_State_Level/Alabama/index.php",False
NASS Reports - Sheet1 (1)_0.csv,report,high,Title||Type|Section|Authors|Date,,,False
NASS Reports Fixed - Sheet1.csv,report,high,Title||Type|Section|Authors|Date,"https://www.nass.usda.gov/Education_and_Outreach/Reports,_Presentations_and_Conferences/Survey_Reports/125%20Years%20of%20Agricultural%20Estimates.pdf","https://www.nass.usda.gov/Education_and_Outreach/Reports,_Presentations_and_Conferences/Survey_Reports/index.php",False
NASS Reports Fixed - Sheet1_0.csv,report,high,Title|Report|Type|Section|Authors|Date,"https://www.nass.usda.gov/Education_and_Outreach/Reports,_Presentations_and_Conferences/Survey_Reports/125%20Years%20of%20Agricultural%20Estimates.pdf","https://www.nass.usda.gov/Education_and_Outreach/Reports,_Presentations_and_Conferences/Survey_Reports/index.php",False
nass_census_Alaska_v3.csv,state_census,medium,table|url|filename|state|category|query,"https://www.nass.usda.gov/Publications/AgCensus/2017/Full_Report/Volume_1,_Chapter_1_State_Level/Alaska/akv1.pdf","https://www.nass.usda.gov/Publications/AgCensus/2017/Full_Report/Volume_1,_Chapter_1_State_Level/Alaska/index.php",False
nass_census_Alaska_v3_0.csv,state_census,medium,table|url|filename|state|category|query,"https://www.nass.usda.gov/Publications/AgCensus/2017/Full_Report/Volume_1,_Chapter_1_State_Level/Alaska/akv1.pdf","https://www.nass.usda.gov/Publications/AgCensus/2017/Full_Report/Volume_1,_Chapter_1_State_Level/Alaska/index.php",False
nass_census_Alaska_v3_1.csv,state_census,medium,table|url|filename|state|category|query,"https://www.nass.usda.gov/Publications/AgCensus/2017/Full_Report/Volume_1,_Chapter_1_State_Level/Alaska/akv1.pdf","https://www.nass.usda.gov/Publications/AgCensus/2017/Full_Report/Volume_1,_Chapter_1_State_Level/Alaska/index.php",False
nass_census_Arizona.csv,state_census,medium,table|url|title|state|category|query,"https://www.nass.usda.gov/Publications/AgCensus/2017/Full_Report/Volume_1,_Chapter_1_State_Level/Arizona/azv1.pdf","https://www.nass.usda.gov/Publications/AgCensus/2017/Full_Report/Volume_1,_Chapter_1_State_Level/Arizona/index.php",False
nass_census_New_Hampshire.csv,state_census,medium,table|url|filename|state|category|query,"https://www.nass.usda.gov/Publications/AgCensus/2017/Full_Report/Volume_1,_Chapter_1_State_Level/New_Hampshire/nhv1.pdf","https://www.nass.usda.gov/Publications/AgCensus/2017/Full_Report/Volume_1,_Chapter_1_State_Level/New_Hampshire/index.php",False
nass_census_New_Hampshire_0.csv,state_census,medium,table|url|filename|state|category|query,"https://www.nass.usda.gov/Publications/AgCensus/2017/Full_Report/Volume_1,_Chapter_1_State_Level/New_Hampshire/nhv1.pdf","https://www.nass.usda.gov/Publications/AgCensus/2017/Full_Report/Volume_1,_Chapter_1_State_Level/New_Hampshire/index.php",False
nass_census_New_Hampshire_1.csv,state_census,medium,table|url|filename|state|category|query,"https://www.nass.usda.gov/Publications/AgCensus/2017/Full_Report/Volume_1,_Chapter_1_State_Level/New_Hampshire/nhv1.pdf","https://www.nass.usda.gov/Publications/AgCensus/2017/Full_Report/Volume_1,_Chapter_1_State_Level/New_Hampshire/index.php",False
nass_census_New_Hampshire_2.csv,state_census,medium,table|url|filename|state|category|query,"https://www.nass.usda.gov/Publications/AgCensus/2017/Full_Report/Volume_1,_Chapter_1_State_Level/New_Hampshire/nhv1.pdf","https://www.nass.usda.gov/Publications/AgCensus/2017/Full_Report/Volume_1,_Chapter_1_State_Level/New_Hampshire/index.php",False
nass_census_New_Hampshire_3.csv,state_census,medium,table|url|filename|state|category|query,"https://www.nass.usda.gov/Publications/AgCensus/2017/Full_Report/Volume_1,_Chapter_1_State_Level/New_Hampshire/nhv1.pdf","https://www.nass.usda.gov/Publications/AgCensus/2017/Full_Report/Volume_1,_Chapter_1_State_Level/New_Hampshire/index.php",False
nass_census_New_Hampshire_4.csv,state_census,medium,table|url|filename|state|category|query,"https://www.nass.usda.gov/Publications/AgCensus/2017/Full_Report/Volume_1,_Chapter_1_State_Level/New_Hampshire/nhv1.pdf","https://www.nass.usda.gov/Publications/AgCensus/2017/Full_Report/Volume_1,_Chapter_1_State_Level/New_Hampshire/index.php",False
nass_census_New_Hampshire_5.csv,state_census,medium,table|url|filename|state|category|query,"https://www.nass.usda.gov/Publications/AgCensus/2017/Full_Report/Volume_1,_Chapter_1_State_Level/New_Hampshire/nhv1.pdf","https://www.nass.usda.gov/Publications/AgCensus/2017/Full_Report/Volume_1,_Chapter_1_State_Level/New_Hampshire/index.php",False
nass_census_New_Hampshire_6.csv,state_census,medium,table|url|filename|state|category|query,"https://www.nass.usda.gov/Publications/AgCensus/2017/Full_Report/Volume_1,_Chapter_1_State_Level/New_Hampshire/nhv1.pdf","https://www.nass.usda.gov/Publications/AgCensus/2017/Full_Report/Volume_1,_Chapter_1_State_Level/New_Hampshire/index.php",False
nass_census_New_Jersey.csv,state_census,medium,table|url|filename|state|category|query,"https://www.nass.usda.gov/Publications/AgCensus/2017/Full_Report/Volume_1,_Chapter_1_State_Level/New_Jersey/njv1.pdf","https://www.nass.usda.gov/Publications/AgCensus/2017/Full_Report/Volume_1,_Chapter_1_State_Level/New_Jersey/index.php",False
nass_census_New_Jersey_0.csv,state_census,medium,table|url|filename|state|category|query,"https://www.nass.usda.gov/Publications/AgCensus/2017/Full_Report/Volume_1,_Chapter_1_State_Level/New_Jersey/njv1.pdf","https://www.nass.usda.gov/Publications/AgCensus/2017/Full_Report/Volume_1,_Chapter_1_State_Level/New_Jersey/index.php",False
nass_census_New_Jersey_1.csv,state_census,medium,table|url|filename|state|category|query,"https://www.nass.usda.gov/Publications/AgCensus/2017/Full_Report/Volume_1,_Chapter_1_State_Level/New_Jersey/njv1.pdf","https://www.nass.usda.gov/Publications/AgCensus/2017/Full_Report/Volume_1,_Chapter_1_State_Level/New_Jersey/index.php",False
nass_census_New_Mexico.csv,state_census,medium,table|url|filename|state|category|query,"https://www.nass.usda.gov/Publications/AgCensus/2017/Full_Report/Volume_1,_Chapter_1_State_Level/New_Mexico/nmv1.pdf","https://www.nass.usda.gov/Publications/AgCensus/2017/Full_Report/Volume_1,_Chapter_1_State_Level/New_Mexico/index.php",False
nass_census_New_Mexico_0.csv,state_census,medium,table|url|filename|state|category|query,"https://www.nass.usda.gov/Publications/AgCensus/2017/Full_Report/Volume_1,_Chapter_1_State_Level/New_Mexico/nmv1.pdf","https://www.nass.usda.gov/Publications/AgCensus/2017/Full_Report/Volume_1,_Chapter_1_State_Level/New_Mexico/index.php",False
nass_census_New_York.csv,state_census,medium,table|url|filename|state|category|query,"https://www.nass.usda.gov/Publications/AgCensus/2017/Full_Report/Volume_1,_Chapter_1_State_Level/New_York/nyv1.pdf","https://www.nass.usda.gov/Publications/AgCensus/2017/Full_Report/Volume_1,_Chapter_1_State_Level/New_York/index.php",False
nass_census_New_York_0.csv,state_census,medium,table|url|filename|state|category|query,"https://www.nass.usda.gov/Publications/AgCensus/2017/Full_Report/Volume_1,_Chapter_1_State_Level/New_York/nyv1.pdf","https://www.nass.usda.gov/Publications/AgCensus/2017/Full_Report/Volume_1,_Chapter_1_State_Level/New_York/index.php",False
nass_census_North_Carolina.csv,state_census,medium,table|url|filename|state|category|query,"https://www.nass.usda.gov/Publications/AgCensus/2017/Full_Report/Volume_1,_Chapter_1_State_Level/North_Carolina/ncv1.pdf","https://www.nass.usda.gov/Publications/AgCensus/2017/Full_Report/Volume_1,_Chapter_1_State_Level/North_Carolina/index.php",False
nass_census_North_Carolina_0.csv,state_census,medium,table|url|filename|state|category|query,"https://www.nass.usda.gov/Publications/AgCensus/2017/Full_Report/Volume_1,_Chapter_1_State_Level/North_Carolina/ncv1.pdf","https://www.nass.usda.gov/Publications/AgCensus/2017/Full_Report/Volume_1,_Chapter_1_State_Level/North_Carolina/index.php",False
nass_census_Puerto_Rico.csv,state_census,medium,table|url|filename|state|category|query,https://www.nass.usda.gov/Publications/AgCensus/2017/Online_Resources/County_Profiles/Puerto_Rico/Island_Summary.pdf,https://www.nass.usda.gov/Publications/AgCensus/2017/Online_Resources/County_Profiles/Puerto_Rico/index.php,False
nass_census_Wisconsin.csv,state_census,medium,table|url|filename|state|category|query,"https://www.nass.usda.gov/Publications/AgCensus/2017/Full_Report/Volume_1,_Chapter_1_State_Level/Wisconsin/wiv1.pdf","https://www.nass.usda.gov/Publications/AgCensus/2017/Full_Report/Volume_1,_Chapter_1_State_Level/Wisconsin/index.php",False
nass_census_Wisconsin_0.csv,state_census,medium,table|url|filename|state|category|query,"https://www.nass.usda.gov/Publications/AgCensus/2017/Full_Report/Volume_1,_Chapter_1_State_Level/Wisconsin/wiv1.pdf","https://www.nass.usda.gov/Publications/AgCensus/2017/Full_Report/Volume_1,_Chapter_1_State_Level/Wisconsin/index.php",False
NASS_Landing_Pages Final.csv,landing_page,high,id|title|field_content|new_path|old_path,https://www.nass.usda.gov/Data_and_Statistics/index.php,https://www.nass.usda.gov/Data_and_Statistics/index.php,False
nass_market_val_results - nass_market_val_results - nass_market_val_results - nass_market_val_results.csv,ranking_of_market_value_of_ag_pr,high,table|state|year|state_title,,,False
national-release-final-07272023.csv,releases_by_title_and_date_natio,medium,release date|title|url,https://www.nass.usda.gov/AgCensus/,https://www.nass.usda.gov/AgCensus/index.php,False
national_census - national_census (2)_0.csv,national_census,high,table|census|year|pdf|pdf_url|query_url_text|title,"https://www.nass.usda.gov/Publications/AgCensus/2017/Full_Report/Volume_1,_Chapter_1_US/st99_1_0001_0001.pdf","https://www.nass.usda.gov/Publications/AgCensus/2017/Full_Report/Volume_1,_Chapter_1_US/index.php",False
national_census - national_census.csv,national_census,high,table|census|pdf|pdf_url|query_url|query_url_text|title,"https://www.nass.usda.gov/Publications/AgCensus/2017/Full_Report/Volume_1,_Chapter_1_US/st99_1_0001_0001.pdf","https://www.nass.usda.gov/Publications/AgCensus/2017/Full_Report/Volume_1,_Chapter_1_US/index.php",False
Nebraska Congressional District Profiles.csv,congressional_district_profiles,medium,url|filename|state|category,https://www.nass.usda.gov/Publications/AgCensus/2017/Online_Resources/Congressional_District_Profiles/cd3101.pdf,https://www.nass.usda.gov/Publications/AgCensus/2017/Online_Resources/Congressional_District_Profiles/index.php,False
Nebraska State & County Level Data.csv,state_census,medium,table|url|filename|state|category|query,"https://www.nass.usda.gov/Publications/AgCensus/2017/Full_Report/Volume_1,_Chapter_1_State_Level/Nebraska/nev1.pdf","https://www.nass.usda.gov/Publications/AgCensus/2017/Full_Report/Volume_1,_Chapter_1_State_Level/Nebraska/index.php",False
Nebraska State & County Profiles.csv,state_and_county_profiles,high,url|county|state|category,https://www.nass.usda.gov/Publications/AgCensus/2017/Online_Resources/County_Profiles/Nebraska/cp99031.pdf,https://www.nass.usda.gov/Publications/AgCensus/2017/Online_Resources/County_Profiles/Nebraska/index.php,False
Nebraska-reg.csv,race_ethnicity_and_gender_profil,high,title|pdf|state,"https://www.nass.usda.gov/Publications/AgCensus/2017/Online_Resources/Race,_Ethnicity_and_Gender_Profiles/Nebraska/cpd31001.pdf","https://www.nass.usda.gov/Publications/AgCensus/2017/Online_Resources/Race,_Ethnicity_and_Gender_Profiles/Nebraska/index.php",False
Nebraska-Releases (Delta Version).csv,state_releases_filtered,high,path|title|state|category|date||,,,False
Nebraska-Releases.csv,state_releases,high,url|filename|state|category|date,https://www.nass.usda.gov/Statistics_by_State/Nebraska/Publications/Cooperative_Projects/wheat2015.pdf,https://www.nass.usda.gov/Statistics_by_State/Nebraska/Publications/Cooperative_Projects/index.php,False
Nebraska-Releases_0.csv,state_releases,high,url|filename|state|category|date,https://www.nass.usda.gov/Statistics_by_State/Nebraska/Publications/Cooperative_Projects/wheat2015.pdf,https://www.nass.usda.gov/Statistics_by_State/Nebraska/Publications/Cooperative_Projects/index.php,False
Nebraska-Releases_1.csv,state_releases,high,url|filename|state|category|date,https://www.nass.usda.gov/Statistics_by_State/Nebraska/Publications/Cooperative_Projects/wheat2015.pdf,https://www.nass.usda.gov/Statistics_by_State/Nebraska/Publications/Cooperative_Projects/index.php,False
Nevada Congressional District Profiles.csv,congressional_district_profiles,medium,url|filename|state|category,https://www.nass.usda.gov/Publications/AgCensus/2017/Online_Resources/Congressional_District_Profiles/cd3201.pdf,https://www.nass.usda.gov/Publications/AgCensus/2017/Online_Resources/Congressional_District_Profiles/index.php,False
Nevada State & County Level Data.csv,state_census,medium,table|url|filename|state|category|query,"https://www.nass.usda.gov/Publications/AgCensus/2017/Full_Report/Volume_1,_Chapter_1_State_Level/Nevada/nvv1.pdf","https://www.nass.usda.gov/Publications/AgCensus/2017/Full_Report/Volume_1,_Chapter_1_State_Level/Nevada/index.php",False
Nevada State & County Profiles.csv,state_and_county_profiles,high,url|county|state|category,https://www.nass.usda.gov/Publications/AgCensus/2017/Online_Resources/County_Profiles/Nevada/cp99032.pdf,https://www.nass.usda.gov/Publications/AgCensus/2017/Online_Resources/County_Profiles/Nevada/index.php,False
Nevada-reg.csv,race_ethnicity_and_gender_profil,high,title|pdf|state,"https://www.nass.usda.gov/Publications/AgCensus/2017/Online_Resources/Race,_Ethnicity_and_Gender_Profiles/Nevada/cpd32510.pdf","https://www.nass.usda.gov/Publications/AgCensus/2017/Online_Resources/Race,_Ethnicity_and_Gender_Profiles/Nevada/index.php",False
Nevada-Releases (Delta Version).csv,state_releases_filtered,high,path|title|state|category|date,,,False
Nevada-Releases (Delta Version)_0.csv,state_releases_filtered,high,path|title|state|category|date,,,False
Nevada-Releases.csv,state_releases,high,url|filename|state|category|date,https://www.nass.usda.gov/Statistics_by_State/Nevada/Publications/Annual_Statistical_Bulletin/1960s/1968.pdf,https://www.nass.usda.gov/Statistics_by_State/Nevada/Publications/Annual_Statistical_Bulletin/1960s/index.php,False
Nevada-State Releases Updated.csv,state_releases,high,url|filename|state|category|date,https://www.nass.usda.gov/Statistics_by_State/Nevada/Publications/Annual_Statistical_Bulletin/1960s/1968.pdf,https://www.nass.usda.gov/Statistics_by_State/Nevada/Publications/Annual_Statistical_Bulletin/1960s/index.php,False
New Hampshire Congressional District Profiles.csv,congressional_district_profiles,medium,url|filename|state|category,https://www.nass.usda.gov/Publications/AgCensus/2017/Online_Resources/Congressional_District_Profiles/cd3301.pdf,https://www.nass.usda.gov/Publications/AgCensus/2017/Online_Resources/Congressional_District_Profiles/index.php,False
New Hampshire State & County Level Data.csv,state_census,medium,table|url|filename|state|category|query,"https://www.nass.usda.gov/Publications/AgCensus/2017/Full_Report/Volume_1,_Chapter_1_State_Level/New_Hampshire/nhv1.pdf","https://www.nass.usda.gov/Publications/AgCensus/2017/Full_Report/Volume_1,_Chapter_1_State_Level/New_Hampshire/index.php",False
New Hampshire State & County Profiles.csv,state_and_county_profiles,high,url|county|state|category,https://www.nass.usda.gov/Publications/AgCensus/2017/Online_Resources/County_Profiles/New_Hampshire/cp99033.pdf,https://www.nass.usda.gov/Publications/AgCensus/2017/Online_Resources/County_Profiles/New_Hampshire/index.php,False
New Hampshire-Releases (Delta Version)_0.csv,state_releases_filtered,high,path|title|state|category|date,,,False
New Jersey - reg.csv,race_ethnicity_and_gender_profil,high,title|pdf|state,"https://www.nass.usda.gov/Publications/AgCensus/2017/Online_Resources/Race,_Ethnicity_and_Gender_Profiles/New_Jersey/cpd34001.pdf","https://www.nass.usda.gov/Publications/AgCensus/2017/Online_Resources/Race,_Ethnicity_and_Gender_Profiles/New_Jersey/index.php",False
New Jersey Congressional District Profiles .csv,congressional_district_profiles,medium,url|filename|state|category,https://www.nass.usda.gov/Publications/AgCensus/2017/Online_Resources/Congressional_District_Profiles/cd3401.pdf,https://www.nass.usda.gov/Publications/AgCensus/2017/Online_Resources/Congressional_District_Profiles/index.php,False
New Jersey State & County Level Data.csv,state_census,medium,table|url|filename|state|category|query,"https://www.nass.usda.gov/Publications/AgCensus/2017/Full_Report/Volume_1,_Chapter_1_State_Level/New_Jersey/njv1.pdf","https://www.nass.usda.gov/Publications/AgCensus/2017/Full_Report/Volume_1,_Chapter_1_State_Level/New_Jersey/index.php",False
New Jersey State & County Profiles.csv,state_and_county_profiles,high,url|county|state|category,https://www.nass.usda.gov/Publications/AgCensus/2017/Online_Resources/County_Profiles/New_Jersey/cp99034.pdf,https://www.nass.usda.gov/Publications/AgCensus/2017/Online_Resources/County_Profiles/New_Jersey/index.php,False
New Mexico Congressional District Profiles.csv,congressional_district_profiles,medium,url|filename|state|category,https://www.nass.usda.gov/Publications/AgCensus/2017/Online_Resources/Congressional_District_Profiles/cd3501.pdf,https://www.nass.usda.gov/Publications/AgCensus/2017/Online_Resources/Congressional_District_Profiles/index.php,False
New Mexico State & County Level Data.csv,state_census,medium,table|url|filename|state|category|query,"https://www.nass.usda.gov/Publications/AgCensus/2017/Full_Report/Volume_1,_Chapter_1_State_Level/New_Mexico/nmv1.pdf","https://www.nass.usda.gov/Publications/AgCensus/2017/Full_Report/Volume_1,_Chapter_1_State_Level/New_Mexico/index.php",False
New Mexico State & County Profiles.csv,state_and_county_profiles,high,url|county|state|category,https://www.nass.usda.gov/Publications/AgCensus/2017/Online_Resources/County_Profiles/New_Mexico/cp99035.pdf,https://www.nass.usda.gov/Publications/AgCensus/2017/Online_Resources/County_Profiles/New_Mexico/index.php,False
New York Congressional District Profiles.csv,congressional_district_profiles,medium,url|filename|state|category,https://www.nass.usda.gov/Publications/AgCensus/2017/Online_Resources/Congressional_District_Profiles/cd3601.pdf,https://www.nass.usda.gov/Publications/AgCensus/2017/Online_Resources/Congressional_District_Profiles/index.php,False
New York State & County Level Data.csv,state_census,medium,table|url|filename|state|category|query,"https://www.nass.usda.gov/Publications/AgCensus/2017/Full_Report/Volume_1,_Chapter_1_State_Level/New_York/nyv1.pdf","https://www.nass.usda.gov/Publications/AgCensus/2017/Full_Report/Volume_1,_Chapter_1_State_Level/New_York/index.php",False
New York State & County Profiles.csv,state_and_county_profiles,high,url|county|state|category,https://www.nass.usda.gov/Publications/AgCensus/2017/Online_Resources/County_Profiles/New_York/cp99036.pdf,https://www.nass.usda.gov/Publications/AgCensus/2017/Online_Resources/County_Profiles/New_York/index.php,False
news_2012_dave_edits - news_2012_dave_edits.csv,news_releases,medium,news_title|news_alt_title|content|url_redirect|date|referring_url|news_new_url|contact,https://www.nass.usda.gov/Newsroom/archive/2012/11_28_2012.php,https://www.nass.usda.gov/Newsroom/archive/2012/11_28_2012.php,False
news_2012_dave_edits - news_2012_dave_edits_0.csv,news_releases,medium,news_title|news_alt_title|content|url_redirect|date|referring_url|news_new_url|contact,https://www.nass.usda.gov/Newsroom/archive/2012/11_28_2012.php,https://www.nass.usda.gov/Newsroom/archive/2012/11_28_2012.php,False
news_2013_dave_edits - news_2013_dave_edits.csv,news_releases,medium,news_title|news_alt_title|content|url_redirect|date|referring_url|news_new_url|contact,https://www.nass.usda.gov/Newsroom/archive/2013/12_26_2013-1.php,https://www.nass.usda.gov/Newsroom/archive/2013/12_26_2013-1.php,False
news_2013_dave_edits - news_2013_dave_edits_0.csv,news_releases,medium,news_title|news_alt_title|content|url_redirect|date|referring_url|news_new_url|contact,https://www.nass.usda.gov/Newsroom/archive/2013/12_26_2013-1.php,https://www.nass.usda.gov/Newsroom/archive/2013/12_26_2013-1.php,False
news_2014_dave_edits - news_2014_dave_edits.csv,news_releases,medium,news_title|news_alt_title|content|url_redirect|date|referring_url|news_new_url|contact,https://www.nass.usda.gov/Newsroom/archive/2014/12_23_2014.php,https://www.nass.usda.gov/Newsroom/archive/2014/12_23_2014.php,False
news_2015_dave_edits - news_2015_dave_edits.csv,news_releases,medium,news_title|news_alt_title|content|url_redirect|date|referring_url|news_new_url|contact,https://www.nass.usda.gov/Newsroom/archive/2015/12_23_2015a.php,https://www.nass.usda.gov/Newsroom/archive/2015/12_23_2015a.php,False
news_2016_dave_edits - news_2016_dave_edits.csv,news_releases,medium,news_title|news_alt_title|content|url_redirect|date|referring_url|news_new_url|contact,https://www.nass.usda.gov/Newsroom/archive/2016/12_23_2016.php,https://www.nass.usda.gov/Newsroom/archive/2016/12_23_2016.php,False
news_2017_dave_edits - news_2017_dave_edits.csv,news_releases,medium,news_title|news_alt_title|content|url_redirect|date|referring_url|news_new_url|contact,https://www.nass.usda.gov/Newsroom/archive/2017/12_27_2017.php,https://www.nass.usda.gov/Newsroom/archive/2017/12_27_2017.php,False
news_2018_dave_edits - news_2018_dave_edits.csv,news_releases,medium,news_title|news_alt_title|content|url_redirect|date|referring_url|news_new_url|contact,https://www.nass.usda.gov/Newsroom/archive/2018/12-21-2018.php,https://www.nass.usda.gov/Newsroom/archive/2018/12-21-2018.php,False
news_2019_dave_edits - news_2019_dave_edits.csv,news_releases,medium,news_title|news_alt_title|content|url_redirect|date|referring_url|news_new_url|contact,https://www.nass.usda.gov/Newsroom/archive/2019/12-23-2019a.php,https://www.nass.usda.gov/Newsroom/archive/2019/12-23-2019a.php,False
news_2020_davew_edits - news_2020_davew_edits.csv,news_releases,medium,news_title|news_alt_title|content|url_redirect|date|referring_url|news_new_url|contact,https://www.nass.usda.gov/Newsroom/archive/2020/09-11-2020.php,https://www.nass.usda.gov/Newsroom/archive/2020/09-11-2020.php,False
news_2021_dave_edits - news_2021_dave_edits.csv,news_releases,medium,news_title|news_alt_title|content|url_redirect|date|referring_url|news_new_url|contact,https://www.nass.usda.gov/Newsroom/archive/2021/12-23-2021.php,https://www.nass.usda.gov/Newsroom/archive/2021/12-23-2021.php,False
news_2022 (1) - news_2022 (1).csv,news_releases,medium,news_title|contact|content|date,,,False
news_2022_dave_edits - news_2022_dave_edits.csv,news_releases,medium,news_title|news_alt_title|content|url_redirect|date|referring_url|news_new_url|contact,https://www.nass.usda.gov/Newsroom/2022/06-30-2022.php,https://www.nass.usda.gov/Newsroom/2022/06-30-2022.php,False
news_2023 - news_2023.csv,news_releases,medium,news_title|contact|content|date,,,False
news_release.csv,asb_notice_feed,high,title|url,https://www.nass.usda.gov/Newsroom/2022/01-12-2022.php,https://www.nass.usda.gov/Newsroom/2022/01-12-2022.php,False
New_England-Releases (Delta Version).csv,state_releases_filtered,high,path|title|state|category|date,,,False
New_England-Releases.csv,UNKNOWN,unknown,"https://www.nass.usda.gov/Statistics_by_State/New_England_includes/Publications/Annual_Statistical_Bulletin/2015/2015%20New%20England%20Annual%20Bulletin.pdf|2015%20New%20England%20Annual%20Bulletin.pdf|Connecticut||Maine||Massachusetts||New Hampshire||Rhode Island||Vermont||New England|Annual Statistical Bulletin|Feb 12, 2017, 12:00:00 AM",https://www.nass.usda.gov/Statistics_by_State/New_England_includes/Publications/Annual_Statistical_Bulletin/2014/2014%20New%20England%20Annual%20Bulletin.pdf,https://www.nass.usda.gov/Statistics_by_State/New_England_includes/Publications/Annual_Statistical_Bulletin/2014/index.php,True
New_England-Releases_0.csv,UNKNOWN,unknown,"https://www.nass.usda.gov/Statistics_by_State/New_England_includes/Publications/Annual_Statistical_Bulletin/2015/2015%20New%20England%20Annual%20Bulletin.pdf|2015%20New%20England%20Annual%20Bulletin.pdf|Connecticut||Maine||Massachusetts||New Hampshire||Rhode Island||Vermont||New England|Annual Statistical Bulletin|Feb 12, 2017, 12:00:00 AM",https://www.nass.usda.gov/Statistics_by_State/New_England_includes/Publications/Annual_Statistical_Bulletin/2014/2014%20New%20England%20Annual%20Bulletin.pdf,https://www.nass.usda.gov/Statistics_by_State/New_England_includes/Publications/Annual_Statistical_Bulletin/2014/index.php,True
New_hampshire-reg.csv,race_ethnicity_and_gender_profil,high,title|pdf|state,"https://www.nass.usda.gov/Publications/AgCensus/2017/Online_Resources/Race,_Ethnicity_and_Gender_Profiles/New_Hampshire/cpd33001.pdf","https://www.nass.usda.gov/Publications/AgCensus/2017/Online_Resources/Race,_Ethnicity_and_Gender_Profiles/New_Hampshire/index.php",False
New_Hampshire-Releases.csv,state_releases,high,url|filename|state|category|date,https://www.nass.usda.gov/Statistics_by_State/New_Hampshire/Publications/newhampshire-profile2021.pdf,https://www.nass.usda.gov/Statistics_by_State/New_Hampshire/Publications/index.php,False
New_Hampshire-Releases_0.csv,state_releases,high,url|filename|state|category|date,https://www.nass.usda.gov/Statistics_by_State/New_Hampshire/Publications/newhampshire-profile2021.pdf,https://www.nass.usda.gov/Statistics_by_State/New_Hampshire/Publications/index.php,False
New_Jersey-Releases (Delta Version).csv,state_releases_filtered,high,path|title|state|category|date,,,False
New_Jersey-Releases (Delta Version)_0.csv,state_releases_filtered,high,path|title|state|category|date,,,False
New_Jersey-State Releases.csv,state_releases,high,url|filename|state|category|date,https://www.nass.usda.gov/Statistics_by_State/New_Jersey/Publications/Annual_Statistical_Bulletin/2011/2011_ANNBULL_Final_TOC.pdf,https://www.nass.usda.gov/Statistics_by_State/New_Jersey/Publications/Annual_Statistical_Bulletin/2011/index.php,False
New_Jersey-State Releases_0.csv,state_releases,high,url|filename|state|category|date,https://www.nass.usda.gov/Statistics_by_State/New_Jersey/Publications/Annual_Statistical_Bulletin/2011/2011_ANNBULL_Final_TOC.pdf,https://www.nass.usda.gov/Statistics_by_State/New_Jersey/Publications/Annual_Statistical_Bulletin/2011/index.php,False
New_Jersey-State Releases_1.csv,state_releases,high,url|filename|state|category|date,https://www.nass.usda.gov/Statistics_by_State/New_Jersey/Publications/Annual_Statistical_Bulletin/2011/2011_ANNBULL_Final_TOC.pdf,https://www.nass.usda.gov/Statistics_by_State/New_Jersey/Publications/Annual_Statistical_Bulletin/2011/index.php,False
New_Mexico-reg.csv,race_ethnicity_and_gender_profil,high,title|pdf|state,"https://www.nass.usda.gov/Publications/AgCensus/2017/Online_Resources/Race,_Ethnicity_and_Gender_Profiles/New_Mexico/cpd35001.pdf","https://www.nass.usda.gov/Publications/AgCensus/2017/Online_Resources/Race,_Ethnicity_and_Gender_Profiles/New_Mexico/index.php",False
New_Mexico-Releases (Delta Version) - New_Mexico-Releases (Delta Version).csv,state_releases_filtered,high,path|title|state|category|date,,,False
New_Mexico-Releases (Delta Version).csv,state_releases_filtered,high,path|title|state|category|date,,,False
New_Mexico-Releases (Delta Version)_0.csv,state_releases_filtered,high,path|title|state|category|date,,,False
New_Mexico-Releases UPDATED.csv,state_releases,high,url|filename|state|category|date,http://www.nass.usda.gov/Statistics_by_State/New_Mexico/Publications/Crop_Progress_&_Condition/2015/NM_Weather_01032016.pdf,http://www.nass.usda.gov/Statistics_by_State/New_Mexico/Publications/Crop_Progress_&_Condition/2015/index.php,False
New_Mexico-Releases UPDATED_0.csv,state_releases,high,url|filename|state|category|date,http://www.nass.usda.gov/Statistics_by_State/New_Mexico/Publications/Crop_Progress_&_Condition/2015/NM_Weather_01032016.pdf,http://www.nass.usda.gov/Statistics_by_State/New_Mexico/Publications/Crop_Progress_&_Condition/2015/index.php,False
New_Mexico-Releases UPDATED_1.csv,state_releases,high,url|filename|state|category|date,http://www.nass.usda.gov/Statistics_by_State/New_Mexico/Publications/Crop_Progress_&_Condition/2015/NM_Weather_01032016.pdf,http://www.nass.usda.gov/Statistics_by_State/New_Mexico/Publications/Crop_Progress_&_Condition/2015/index.php,False
New_Mexico-Releases.csv,state_releases,high,url|filename|state|category|date,http://www.nass.usda.gov/Statistics_by_State/New_Mexico/Publications/Crop_Progress_&_Condition/2015/NM_Weather_01032016.pdf,http://www.nass.usda.gov/Statistics_by_State/New_Mexico/Publications/Crop_Progress_&_Condition/2015/index.php,False
New_Mexico-Releases_0.csv,state_releases,high,url|filename|state|category|date,http://www.nass.usda.gov/Statistics_by_State/New_Mexico/Publications/Crop_Progress_&_Condition/2015/NM_Weather_01032016.pdf,http://www.nass.usda.gov/Statistics_by_State/New_Mexico/Publications/Crop_Progress_&_Condition/2015/index.php,False
New_York- State Releases.csv,state_releases,high,url|filename|state|category|date,https://www.nass.usda.gov/Statistics_by_State/New_York/Publications/Annual_Statistical_Bulletin/1999/99-agst.pdf,https://www.nass.usda.gov/Statistics_by_State/New_York/Publications/Annual_Statistical_Bulletin/1999/index.php,False
New_York- State Releases_0.csv,state_releases,high,url|filename|state|category|date,https://www.nass.usda.gov/Statistics_by_State/New_York/Publications/Annual_Statistical_Bulletin/1999/99-agst.pdf,https://www.nass.usda.gov/Statistics_by_State/New_York/Publications/Annual_Statistical_Bulletin/1999/index.php,False
New_York- State Releases_1.csv,state_releases,high,url|filename|state|category|date,https://www.nass.usda.gov/Statistics_by_State/New_York/Publications/Annual_Statistical_Bulletin/1999/99-agst.pdf,https://www.nass.usda.gov/Statistics_by_State/New_York/Publications/Annual_Statistical_Bulletin/1999/index.php,False
New_York-reg.csv,race_ethnicity_and_gender_profil,high,title|pdf|state,"https://www.nass.usda.gov/Publications/AgCensus/2017/Online_Resources/Race,_Ethnicity_and_Gender_Profiles/New_York/cpd36001.pdf","https://www.nass.usda.gov/Publications/AgCensus/2017/Online_Resources/Race,_Ethnicity_and_Gender_Profiles/New_York/index.php",False
New_York-Releases (Delta Version).csv,state_releases_filtered,high,path|title|state|category|date,,,False
New_York-Releases (Delta Version)_0.csv,state_releases_filtered,high,path|title|state|category|date,,,False
North Carolina Congressional District Profiles .csv,congressional_district_profiles,medium,url|filename|state|category,https://www.nass.usda.gov/Publications/AgCensus/2017/Online_Resources/Congressional_District_Profiles/cd3701.pdf,https://www.nass.usda.gov/Publications/AgCensus/2017/Online_Resources/Congressional_District_Profiles/index.php,False
North Carolina State & County Level Data.csv,state_census,medium,table|url|filename|state|category|query,"https://www.nass.usda.gov/Publications/AgCensus/2017/Full_Report/Volume_1,_Chapter_1_State_Level/North_Carolina/ncv1.pdf","https://www.nass.usda.gov/Publications/AgCensus/2017/Full_Report/Volume_1,_Chapter_1_State_Level/North_Carolina/index.php",False
North Carolina State & County Profiles.csv,state_and_county_profiles,high,url|county|state|category,https://www.nass.usda.gov/Publications/AgCensus/2017/Online_Resources/County_Profiles/North_Carolina/cp99037.pdf,https://www.nass.usda.gov/Publications/AgCensus/2017/Online_Resources/County_Profiles/North_Carolina/index.php,False
North Dakota Congressional District Profiles .csv,congressional_district_profiles,medium,url|filename|state|category,https://www.nass.usda.gov/Publications/AgCensus/2017/Online_Resources/Congressional_District_Profiles/cd3801.pdf,https://www.nass.usda.gov/Publications/AgCensus/2017/Online_Resources/Congressional_District_Profiles/index.php,False
North Dakota State & County Level Data.csv,state_census,medium,table|url|filename|state|category|query,"https://www.nass.usda.gov/Publications/AgCensus/2017/Full_Report/Volume_1,_Chapter_1_State_Level/North_Dakota/ndv1.pdf","https://www.nass.usda.gov/Publications/AgCensus/2017/Full_Report/Volume_1,_Chapter_1_State_Level/North_Dakota/index.php",False
North Dakota State & County Profiles.csv,state_and_county_profiles,high,url|county|state|category,https://www.nass.usda.gov/Publications/AgCensus/2017/Online_Resources/County_Profiles/North_Dakota/cp99038.pdf,https://www.nass.usda.gov/Publications/AgCensus/2017/Online_Resources/County_Profiles/North_Dakota/index.php,False
North Dakota State & County Profiles_0.csv,state_and_county_profiles,high,url|county|state|category,https://www.nass.usda.gov/Publications/AgCensus/2017/Online_Resources/County_Profiles/North_Dakota/cp99038.pdf,https://www.nass.usda.gov/Publications/AgCensus/2017/Online_Resources/County_Profiles/North_Dakota/index.php,False
North_Carolina- State Releases.csv,state_releases,high,url|filename|state|category|date,https://www.nass.usda.gov/Statistics_by_State/North_Carolina/Publications/Annual_Statistical_Bulletin/AgStat/NCHighlights.pdf,https://www.nass.usda.gov/Statistics_by_State/North_Carolina/Publications/Annual_Statistical_Bulletin/AgStat/index.php,False
North_Carolina- State Releases_0.csv,state_releases,high,url|filename|state|category|date,https://www.nass.usda.gov/Statistics_by_State/North_Carolina/Publications/Annual_Statistical_Bulletin/AgStat/NCHighlights.pdf,https://www.nass.usda.gov/Statistics_by_State/North_Carolina/Publications/Annual_Statistical_Bulletin/AgStat/index.php,False
North_Carolina- State Releases_1.csv,state_releases,high,url|filename|state|category|date,https://www.nass.usda.gov/Statistics_by_State/North_Carolina/Publications/Annual_Statistical_Bulletin/AgStat/NCHighlights.pdf,https://www.nass.usda.gov/Statistics_by_State/North_Carolina/Publications/Annual_Statistical_Bulletin/AgStat/index.php,False
North_Carolina-reg.csv,race_ethnicity_and_gender_profil,high,title|pdf|state,"https://www.nass.usda.gov/Publications/AgCensus/2017/Online_Resources/Race,_Ethnicity_and_Gender_Profiles/North_Carolina/cpd37001.pdf","https://www.nass.usda.gov/Publications/AgCensus/2017/Online_Resources/Race,_Ethnicity_and_Gender_Profiles/North_Carolina/index.php",False
North_Carolina-Releases (Delta Version).csv,state_releases_filtered,high,path|title|state|category|date,,,False
North_Carolina-Releases (Delta Version)_0.csv,state_releases_filtered,high,path|title|state|category|date,,,False
North_Dakota-reg.csv,race_ethnicity_and_gender_profil,high,title|pdf|state,"https://www.nass.usda.gov/Publications/AgCensus/2017/Online_Resources/Race,_Ethnicity_and_Gender_Profiles/North_Dakota/cpd38001.pdf","https://www.nass.usda.gov/Publications/AgCensus/2017/Online_Resources/Race,_Ethnicity_and_Gender_Profiles/North_Dakota/index.php",False
North_Dakota-Releases (Delta Version).csv,state_releases_filtered,high,path|title|state|category|date,,,False
North_Dakota-Releases (Delta Version)_0.csv,state_releases_filtered,high,path|title|state|category|date,,,False
North_Dakota-Releases (Delta Version)_1.csv,state_releases_filtered,high,path|title|state|category|date,,,False
North_Dakota-Releases.csv,state_releases,high,url|filename|state|category|date,http://www.nass.usda.gov/Statistics_by_State/North_Dakota/Publications/Crop_Varieties/pub/whtvr15.pdf,http://www.nass.usda.gov/Statistics_by_State/North_Dakota/Publications/Crop_Varieties/pub/index.php,False
North_Dakota-Releases_0.csv,state_releases,high,url|filename|state|category|date,http://www.nass.usda.gov/Statistics_by_State/North_Dakota/Publications/Crop_Varieties/pub/whtvr15.pdf,http://www.nass.usda.gov/Statistics_by_State/North_Dakota/Publications/Crop_Varieties/pub/index.php,False
North_Dakota-Releases_1.csv,state_releases,high,url|filename|state|category|date,http://www.nass.usda.gov/Statistics_by_State/North_Dakota/Publications/Crop_Varieties/pub/whtvr15.pdf,http://www.nass.usda.gov/Statistics_by_State/North_Dakota/Publications/Crop_Varieties/pub/index.php,False
oatandsoy.csv,UNKNOWN,unknown,"Trends in U.S. Agriculture, published by USDA-NASS|||",,,False
Ohio Congressional District Profiles .csv,congressional_district_profiles,medium,url|filename|state|category,https://www.nass.usda.gov/Publications/AgCensus/2017/Online_Resources/Congressional_District_Profiles/cd3901.pdf,https://www.nass.usda.gov/Publications/AgCensus/2017/Online_Resources/Congressional_District_Profiles/index.php,False
Ohio State & County Level Data.csv,state_census,medium,table|url|filename|state|category|query,"https://www.nass.usda.gov/Publications/AgCensus/2017/Full_Report/Volume_1,_Chapter_1_State_Level/Ohio/ohv1.pdf","https://www.nass.usda.gov/Publications/AgCensus/2017/Full_Report/Volume_1,_Chapter_1_State_Level/Ohio/index.php",False
Ohio State & County Profiles.csv,state_and_county_profiles,high,url|county|state|category,https://www.nass.usda.gov/Publications/AgCensus/2017/Online_Resources/County_Profiles/Ohio/cp99039.pdf,https://www.nass.usda.gov/Publications/AgCensus/2017/Online_Resources/County_Profiles/Ohio/index.php,False
Ohio-reg.csv,race_ethnicity_and_gender_profil,high,title|pdf|state,"https://www.nass.usda.gov/Publications/AgCensus/2017/Online_Resources/Race,_Ethnicity_and_Gender_Profiles/Ohio/cpd39001.pdf","https://www.nass.usda.gov/Publications/AgCensus/2017/Online_Resources/Race,_Ethnicity_and_Gender_Profiles/Ohio/index.php",False
Ohio-Relases Edited.csv,state_releases,high,url|filename|state|category|date,https://www.nass.usda.gov/Statistics_by_State/Kentucky/Publications/Annual_Statistical_Bulletin/2009/OHIO.pdf,https://www.nass.usda.gov/Statistics_by_State/Kentucky/Publications/Annual_Statistical_Bulletin/2009/index.php,False
Ohio-Releases (Delta Version).csv,state_releases_filtered,high,path|title|state|category|date,,,False
Ohio-Releases (Delta Version)_0.csv,state_releases_filtered,high,path|title|state|category|date,,,False
Ohio-Releases (Delta Version)_1.csv,state_releases_filtered,high,path|title|state|category|date,,,False
Ohio-Releases - Copy.csv,state_releases,high,url|filename|state|category|date,https://www.nass.usda.gov/Statistics_by_State/Nevada/Publications/Annual_Statistical_Bulletin/1960s/1968.pdf,https://www.nass.usda.gov/Statistics_by_State/Nevada/Publications/Annual_Statistical_Bulletin/1960s/index.php,False
Ohio-Releases - Copy_0.csv,state_releases,high,url|filename|state|category|date,https://www.nass.usda.gov/Statistics_by_State/Nevada/Publications/Annual_Statistical_Bulletin/1960s/1968.pdf,https://www.nass.usda.gov/Statistics_by_State/Nevada/Publications/Annual_Statistical_Bulletin/1960s/index.php,False
Okalahoma State & County Profiles.csv,state_and_county_profiles,high,url|county|state|category,https://www.nass.usda.gov/Publications/AgCensus/2017/Online_Resources/County_Profiles/Oklahoma/cp99040.pdf,https://www.nass.usda.gov/Publications/AgCensus/2017/Online_Resources/County_Profiles/Oklahoma/index.php,False
Oklahoma Congressional District Profiles .csv,congressional_district_profiles,medium,url|filename|state|category,https://www.nass.usda.gov/Publications/AgCensus/2017/Online_Resources/Congressional_District_Profiles/cd4001.pdf,https://www.nass.usda.gov/Publications/AgCensus/2017/Online_Resources/Congressional_District_Profiles/index.php,False
Oklahoma State & County Level Data.csv,state_census,medium,table|url|filename|state|category|query,"https://www.nass.usda.gov/Publications/AgCensus/2017/Full_Report/Volume_1,_Chapter_1_State_Level/Oklahoma/okv1.pdf","https://www.nass.usda.gov/Publications/AgCensus/2017/Full_Report/Volume_1,_Chapter_1_State_Level/Oklahoma/index.php",False
Oklahoma-reg.csv,race_ethnicity_and_gender_profil,high,title|pdf|state,"https://www.nass.usda.gov/Publications/AgCensus/2017/Online_Resources/Race,_Ethnicity_and_Gender_Profiles/Oklahoma/cpd40001.pdf","https://www.nass.usda.gov/Publications/AgCensus/2017/Online_Resources/Race,_Ethnicity_and_Gender_Profiles/Oklahoma/index.php",False
Oklahoma-Releases (Delta Version).csv,state_releases_filtered,high,path|title|state|category|date,,,False
Oklahoma-Releases (Delta Version)_0.csv,state_releases_filtered,high,path|title|state|category|date,,,False
Oklahoma-Releases - Updated.csv,state_releases,high,url|filename|state|category|date,https://www.nass.usda.gov/Statistics_by_State/Oklahoma/Publications/Crop_Progress_&_Condition/2022/ok-cw-06-05-2022.pdf,https://www.nass.usda.gov/Statistics_by_State/Oklahoma/Publications/Crop_Progress_&_Condition/2022/index.php,False
Oklahoma-Releases.csv,state_releases,high,url|filename|state|category|date,https://www.nass.usda.gov/Statistics_by_State/Oklahoma/Publications/Crop_Progress_&_Condition/2022/ok-cw-06-05-2022.pdf,https://www.nass.usda.gov/Statistics_by_State/Oklahoma/Publications/Crop_Progress_&_Condition/2022/index.php,False
Oregon Congressional District Profiles.csv,congressional_district_profiles,medium,url|filename|state|category,https://www.nass.usda.gov/Publications/AgCensus/2017/Online_Resources/Congressional_District_Profiles/cd4101.pdf,https://www.nass.usda.gov/Publications/AgCensus/2017/Online_Resources/Congressional_District_Profiles/index.php,False
Oregon State & County Level Data.csv,state_census,medium,table|url|filename|state|category|query,"https://www.nass.usda.gov/Publications/AgCensus/2017/Full_Report/Volume_1,_Chapter_1_State_Level/Oregon/orv1.pdf","https://www.nass.usda.gov/Publications/AgCensus/2017/Full_Report/Volume_1,_Chapter_1_State_Level/Oregon/index.php",False
Oregon State & County Profiles.csv,state_and_county_profiles,high,url|county|state|category,https://www.nass.usda.gov/Publications/AgCensus/2017/Online_Resources/County_Profiles/Oregon/cp99041.pdf,https://www.nass.usda.gov/Publications/AgCensus/2017/Online_Resources/County_Profiles/Oregon/index.php,False
Oregon-reg.csv,race_ethnicity_and_gender_profil,high,title|pdf|state,"https://www.nass.usda.gov/Publications/AgCensus/2017/Online_Resources/Race,_Ethnicity_and_Gender_Profiles/Oregon/cpd41001.pdf","https://www.nass.usda.gov/Publications/AgCensus/2017/Online_Resources/Race,_Ethnicity_and_Gender_Profiles/Oregon/index.php",False
Oregon-Releases (Delta Version).csv,state_releases_filtered,high,path|title|state|category|date,,,False
Oregon-Releases (Delta Version)_0.csv,state_releases_filtered,high,path|title|state|category|date,,,False
Oregon-Releases (Delta Version)_1.csv,state_releases_filtered,high,path|title|state|category|date,,,False
Oregon-Releases (Delta Version)_2.csv,state_releases_filtered,high,path|title|state|category|date,,,False
Oregon-Releases (Delta Version)_3.csv,state_releases_filtered,high,path|title|state|category|date,,,False
Oregon-Releases (Delta Version)_4.csv,state_releases_filtered,high,path|title|state|category|date,,,False
Oregon-Releases (Delta Version)_5.csv,state_releases_filtered,high,path|title|state|category|date,,,False
Oregon-Releases.csv,state_releases,high,url|filename|state|category|date,https://www.nass.usda.gov/Research_and_Science/Disaster-Analysis/2018/Fire_2018_Oregon_Substation/Oregon_Substation_2018_Fire_Map.pdf,https://www.nass.usda.gov/Research_and_Science/Disaster-Analysis/2018/Fire_2018_Oregon_Substation/index.php,False
Oregon-Releases_0.csv,state_releases,high,url|filename|state|category|date,https://www.nass.usda.gov/Research_and_Science/Disaster-Analysis/2018/Fire_2018_Oregon_Substation/Oregon_Substation_2018_Fire_Map.pdf,https://www.nass.usda.gov/Research_and_Science/Disaster-Analysis/2018/Fire_2018_Oregon_Substation/index.php,False
Oregon-Releases_1.csv,state_releases,high,url|filename|state|category|date,https://www.nass.usda.gov/Research_and_Science/Disaster-Analysis/2018/Fire_2018_Oregon_Substation/Oregon_Substation_2018_Fire_Map.pdf,https://www.nass.usda.gov/Research_and_Science/Disaster-Analysis/2018/Fire_2018_Oregon_Substation/index.php,False
Oregon-State Releases Updated.csv,state_releases,high,url|filename|state|category|date,https://www.nass.usda.gov/Research_and_Science/Disaster-Analysis/2018/Fire_2018_Oregon_Substation/Oregon_Substation_2018_Fire_Map.pdf,https://www.nass.usda.gov/Research_and_Science/Disaster-Analysis/2018/Fire_2018_Oregon_Substation/index.php,False
organic_survey - organic_survey.csv,crop_progress_and_condition_grap,high,table|title|year|pdf|resource,https://www.nass.usda.gov/Publications/AgCensus/2017/Online_Resources/Organics/organics_1_001 _001.pdf,https://www.nass.usda.gov/Publications/AgCensus/2017/Online_Resources/Organics/index.php,False
pdf_urls_and_anchors_subset.csv,UNKNOWN,unknown,https://www.nass.usda.gov/Statistics_by_State/Ohio/Publications/Current_News_Releases/2019/nr1955oh.pdf|12-12-2019: USDA Gathers Information to Determine Financial Well-Being of Agriculture,https://www.nass.usda.gov/Statistics_by_State/Indiana/Publications/Current_News_Release/2019/nr1956in.pdf,https://www.nass.usda.gov/Statistics_by_State/Indiana/Publications/Current_News_Release/2019/index.php,True
pdf_urls_and_anchors_subset_0.csv,asb_notice_feed,high,url|title,https://www.nass.usda.gov/Statistics_by_State/Ohio/Publications/Current_News_Releases/2019/nr1955oh.pdf,https://www.nass.usda.gov/Statistics_by_State/Ohio/Publications/Current_News_Releases/2019/index.php,False
Pennsylvania Congressional District Profiles .csv,congressional_district_profiles,medium,url|filename|state|category,https://www.nass.usda.gov/Publications/AgCensus/2017/Online_Resources/Congressional_District_Profiles/cd4201.pdf,https://www.nass.usda.gov/Publications/AgCensus/2017/Online_Resources/Congressional_District_Profiles/index.php,False
Pennsylvania State & County Level Data.csv,state_census,medium,table|url|filename|state|category|query,"https://www.nass.usda.gov/Publications/AgCensus/2017/Full_Report/Volume_1,_Chapter_1_State_Level/Pennsylvania/pav1.pdf","https://www.nass.usda.gov/Publications/AgCensus/2017/Full_Report/Volume_1,_Chapter_1_State_Level/Pennsylvania/index.php",False
Pennsylvania State & County Profiles .csv,state_and_county_profiles,high,url|county|state|category,https://www.nass.usda.gov/Publications/AgCensus/2017/Online_Resources/County_Profiles/Pennsylvania/cp99042.pdf,https://www.nass.usda.gov/Publications/AgCensus/2017/Online_Resources/County_Profiles/Pennsylvania/index.php,False
Pennsylvania-reg.csv,race_ethnicity_and_gender_profil,high,title|pdf|state,"https://www.nass.usda.gov/Publications/AgCensus/2017/Online_Resources/Race,_Ethnicity_and_Gender_Profiles/Pennsylvania/cpd42001.pdf","https://www.nass.usda.gov/Publications/AgCensus/2017/Online_Resources/Race,_Ethnicity_and_Gender_Profiles/Pennsylvania/index.php",False
Pennsylvania-Releases (Delta Version).csv,state_releases_filtered,high,path|title|state|category|date,,,False
Pennsylvania-Releases (Delta Version)_0.csv,state_releases_filtered,high,path|title|state|category|date,,,False
Pennsylvania-Releases Updated.csv,state_releases,high,url|filename|state|category|date,https://www.nass.usda.gov/Statistics_by_State/Pennsylvania/Publications/Annual_Statistical_Bulletin/1998_1999/DEVIA98.PDF,https://www.nass.usda.gov/Statistics_by_State/Pennsylvania/Publications/Annual_Statistical_Bulletin/1998_1999/index.php,False
Pennsylvania-Releases.csv,state_releases,high,url|filename|state|category|date,https://www.nass.usda.gov/Statistics_by_State/Pennsylvania/Publications/Annual_Statistical_Bulletin/1998_1999/DEVIA98.PDF,https://www.nass.usda.gov/Statistics_by_State/Pennsylvania/Publications/Annual_Statistical_Bulletin/1998_1999/index.php,False
Puerto Rico State & County Profiles.csv,state_and_county_profiles,high,url|county|state|category,https://www.nass.usda.gov/Publications/AgCensus/2017/Online_Resources/County_Profiles/Puerto_Rico/Island_Summary.pdf,https://www.nass.usda.gov/Publications/AgCensus/2017/Online_Resources/County_Profiles/Puerto_Rico/index.php,False
Puerto_Rico-Releases (Delta Version) - Copy.csv,state_releases_filtered,high,path|title|state|category|date,,,False
Puerto_Rico-Releases (Delta Version) - Copy_0.csv,state_releases_filtered,high,path|title|state|category|date,,,False
Puerto_Rico-Releases (Delta Version) - Copy_1.csv,state_releases_filtered,high,path|title|state|category|date,,,False
Puerto_Rico-Releases (Delta Version) - Puerto_Rico-Releases (Delta Version).csv,state_releases_filtered,high,path|title|state|category|date,,,False
Puerto_Rico-Releases.csv,state_releases,high,url|filename|state|category|date,https://www.nass.usda.gov/Statistics_by_State/Puerto_Rico/Publications/PR%20FO%20%20Brochure%20Spanish.pdf,https://www.nass.usda.gov/Statistics_by_State/Puerto_Rico/Publications/index.php,False
QS_updatelog.csv,quick_stats_system_updates,high,Title|Data Series|Update Period|Update Description|Implementation Date|Update Type||||,,,False
Rhode Island Congressional District Profiles .csv,congressional_district_profiles,medium,url|filename|state|category,https://www.nass.usda.gov/Publications/AgCensus/2017/Online_Resources/Congressional_District_Profiles/cd4401.pdf,https://www.nass.usda.gov/Publications/AgCensus/2017/Online_Resources/Congressional_District_Profiles/index.php,False
Rhode Island State & County Level Data.csv,state_census,medium,table|url|filename|state|category|query,"https://www.nass.usda.gov/Publications/AgCensus/2017/Full_Report/Volume_1,_Chapter_1_State_Level/Rhode_Island/riv1.pdf","https://www.nass.usda.gov/Publications/AgCensus/2017/Full_Report/Volume_1,_Chapter_1_State_Level/Rhode_Island/index.php",False
Rhode Island State & County Profiles.csv,state_and_county_profiles,high,url|county|state|category,https://www.nass.usda.gov/Publications/AgCensus/2017/Online_Resources/County_Profiles/Rhode_Island/cp99044.pdf,https://www.nass.usda.gov/Publications/AgCensus/2017/Online_Resources/County_Profiles/Rhode_Island/index.php,False
Rhode Island-Releases (Delta Version)_0.csv,state_releases_filtered,high,path|title|state|category|date,,,False
Rhode Island-Releases (Delta Version)_1.csv,state_releases_filtered,high,path|title|state|category|date,,,False
Rhode Island-Releases (Delta Version)_2.csv,state_releases_filtered,high,path|title|state|category|date,,,False
Rhode_Island-reg.csv,race_ethnicity_and_gender_profil,high,title|pdf|state,"https://www.nass.usda.gov/Publications/AgCensus/2017/Online_Resources/Race,_Ethnicity_and_Gender_Profiles/Rhode_Island/cpd44001.pdf","https://www.nass.usda.gov/Publications/AgCensus/2017/Online_Resources/Race,_Ethnicity_and_Gender_Profiles/Rhode_Island/index.php",False
Rhode_Island-Releasees.csv,state_releases,high,url|filename|state|category|date,https://www.nass.usda.gov/Statistics_by_State/Rhode_Island/Publications/rhodeisland-profile2021.pdf,https://www.nass.usda.gov/Statistics_by_State/Rhode_Island/Publications/index.php,False
Rhode_Island-Releasees_0.csv,state_releases,high,url|filename|state|category|date,https://www.nass.usda.gov/Statistics_by_State/Rhode_Island/Publications/rhodeisland-profile2021.pdf,https://www.nass.usda.gov/Statistics_by_State/Rhode_Island/Publications/index.php,False
South Carolina Congressional District Profiles .csv,congressional_district_profiles,medium,url|filename|state|category,https://www.nass.usda.gov/Publications/AgCensus/2017/Online_Resources/Congressional_District_Profiles/cd4501.pdf,https://www.nass.usda.gov/Publications/AgCensus/2017/Online_Resources/Congressional_District_Profiles/index.php,False
South Carolina State & County Level Data.csv,state_census,medium,table|url|filename|state|category|query,"https://www.nass.usda.gov/Publications/AgCensus/2017/Full_Report/Volume_1,_Chapter_1_State_Level/South_Carolina/scv1.pdf","https://www.nass.usda.gov/Publications/AgCensus/2017/Full_Report/Volume_1,_Chapter_1_State_Level/South_Carolina/index.php",False
South Carolina State & County Profiles.csv,state_and_county_profiles,high,url|county|state|category,https://www.nass.usda.gov/Publications/AgCensus/2017/Online_Resources/County_Profiles/South_Carolina/cp99045.pdf,https://www.nass.usda.gov/Publications/AgCensus/2017/Online_Resources/County_Profiles/South_Carolina/index.php,False
South Dakota Congressional District Profiles.csv,congressional_district_profiles,medium,url|filename|state|category,https://www.nass.usda.gov/Publications/AgCensus/2017/Online_Resources/Congressional_District_Profiles/cd4601.pdf,https://www.nass.usda.gov/Publications/AgCensus/2017/Online_Resources/Congressional_District_Profiles/index.php,False
South Dakota State & County Level Data.csv,state_census,medium,table|url|filename|state|category|query,"https://www.nass.usda.gov/Publications/AgCensus/2017/Full_Report/Volume_1,_Chapter_1_State_Level/South_Dakota/sdv1.pdf","https://www.nass.usda.gov/Publications/AgCensus/2017/Full_Report/Volume_1,_Chapter_1_State_Level/South_Dakota/index.php",False
South Dakota State & County Profiles.csv,state_and_county_profiles,high,url|county|state|category,https://www.nass.usda.gov/Publications/AgCensus/2017/Online_Resources/County_Profiles/South_Dakota/cp99046.pdf,https://www.nass.usda.gov/Publications/AgCensus/2017/Online_Resources/County_Profiles/South_Dakota/index.php,False
South_Carolina-reg.csv,race_ethnicity_and_gender_profil,high,title|pdf|state,"https://www.nass.usda.gov/Publications/AgCensus/2017/Online_Resources/Race,_Ethnicity_and_Gender_Profiles/South_Carolina/cpd45001.pdf","https://www.nass.usda.gov/Publications/AgCensus/2017/Online_Resources/Race,_Ethnicity_and_Gender_Profiles/South_Carolina/index.php",False
South_Carolina-Releases (Delta Version)_0.csv,state_releases_filtered,high,path|title|state|category|date,,,False
South_Carolina-Releases.csv,state_releases,high,url|filename|state|category|date,https://www.nass.usda.gov/Statistics_by_State/South_Carolina/Publications/County_Estimates/SC_District_Counties.pdf,https://www.nass.usda.gov/Statistics_by_State/South_Carolina/Publications/County_Estimates/index.php,False
South_Carolina-Releases_0.csv,state_releases,high,url|filename|state|category|date,https://www.nass.usda.gov/Statistics_by_State/South_Carolina/Publications/County_Estimates/SC_District_Counties.pdf,https://www.nass.usda.gov/Statistics_by_State/South_Carolina/Publications/County_Estimates/index.php,False
South_Carolina-Releases_1.csv,state_releases,high,url|filename|state|category|date,https://www.nass.usda.gov/Statistics_by_State/South_Carolina/Publications/County_Estimates/SC_District_Counties.pdf,https://www.nass.usda.gov/Statistics_by_State/South_Carolina/Publications/County_Estimates/index.php,False
South_Dakota-reg.csv,race_ethnicity_and_gender_profil,high,title|pdf|state,"https://www.nass.usda.gov/Publications/AgCensus/2017/Online_Resources/Race,_Ethnicity_and_Gender_Profiles/South_Dakota/cpd46003.pdf","https://www.nass.usda.gov/Publications/AgCensus/2017/Online_Resources/Race,_Ethnicity_and_Gender_Profiles/South_Dakota/index.php",False
South_Dakota-Releases (Delta Version).csv,state_releases_filtered,high,path|title|state|category|date,,,False
South_Dakota-Releases.csv,state_releases,high,url|filename|state|category|date,https://www.nass.usda.gov/Statistics_by_State/South_Dakota/Publications/Annual_Statistical_Bulletin/2004/ab04002.pdf,https://www.nass.usda.gov/Statistics_by_State/South_Dakota/Publications/Annual_Statistical_Bulletin/2004/index.php,False
South_Dakota-Releases_0.csv,state_releases,high,url|filename|state|category|date,https://www.nass.usda.gov/Statistics_by_State/South_Dakota/Publications/Annual_Statistical_Bulletin/2004/ab04002.pdf,https://www.nass.usda.gov/Statistics_by_State/South_Dakota/Publications/Annual_Statistical_Bulletin/2004/index.php,False
South_Dakota-Releases_1.csv,state_releases,high,url|filename|state|category|date,https://www.nass.usda.gov/Statistics_by_State/South_Dakota/Publications/Annual_Statistical_Bulletin/2004/ab04002.pdf,https://www.nass.usda.gov/Statistics_by_State/South_Dakota/Publications/Annual_Statistical_Bulletin/2004/index.php,False
South_Dakota-Releases_2.csv,state_releases,high,url|filename|state|category|date,https://www.nass.usda.gov/Statistics_by_State/South_Dakota/Publications/Annual_Statistical_Bulletin/2004/ab04002.pdf,https://www.nass.usda.gov/Statistics_by_State/South_Dakota/Publications/Annual_Statistical_Bulletin/2004/index.php,False
soybeanmap.csv,UNKNOWN,unknown,"Trends in U.S. Agriculture, published by USDA-NASS|||",,,False
sp_tab_1997 - sp_tab_1997.csv,special_tabulations,high,tab_id|requesting_org|geography|file_title|description|title|year,,,False
sp_tab_1997 - sp_tab_1997_0.csv,special_tabulations,high,tab_id|requesting_org|geography|file_title|description|title|year,,,False
sp_tab_1997 - sp_tab_1997_0_0.csv,special_tabulations,high,tab_id|requesting_org|geography|file_title|description|title|year,,,False
sp_tab_1997 - sp_tab_1997_0_UPD1.csv,special_tabulations,high,tab_id|requesting_org|geography|file_title|description|title|year,,,False
sp_tab_1997_part_b - sp_tab_1997_part_b.csv,special_tabulations,high,tab_id|release_date|request_contact|source|reference_num|title|year,,,False
sp_tab_2002 - sp_tab_2002.csv,special_tabulations,high,tab_id|requesting_org|geography|file_title|description|title|year,,,False
sp_tab_2002 - sp_tab_2002_0.csv,special_tabulations,high,tab_id|requesting_org|geography|file_title|description|title|year,,,False
sp_tab_2002 - sp_tab_2002_v2.csv,UNKNOWN,unknown,sp_tab_2002 - sp_tab_2002_0,,,False
sp_tab_2002 - sp_tab_2002_v2_0.csv,UNKNOWN,unknown,sp_tab_2002 - sp_tab_2002_0,,,False
sp_tab_2002 - sp_tab_2002_v2_1.csv,special_tabulations,high,tab_id|requesting_org|geography|file_title|description|title|year,,,False
sp_tab_2002 - sp_tab_2002_v2_UPD1.csv,special_tabulations,high,tab_id|release_date|requesting_org|geography|description|title|year,,,False
sp_tab_2002_part_b - sp_tab_2002_part_b.csv,special_tabulations,high,tab_id|release_date|request_contact|source|reference_num|title|year,,,False
sp_tab_2007 - sp_tab_2007.csv,special_tabulations,high,tab_id|release_date|requesting|description|geography|title|year,,,False
sp_tab_2007 - sp_tab_2007_0 upd Source.csv,special_tabulations,high,tab_id|release_date|requesting_org|description|geography|title|year,,,False
sp_tab_2007 - sp_tab_2007_0.csv,special_tabulations,high,tab_id|release_date|requesting_org|description|geography|title|year,,,False
sp_tab_2012 - sp_tab_2012.csv,special_tabulations,high,tab_id|release_date|requesting|description|geography|title|year,,,False
sp_tab_2012 - sp_tab_2012_0.csv,special_tabulations,high,tab_id|release_date|requesting|description|geography|title|year,,,False
sp_tab_2012 - sp_tab_2012_1.csv,special_tabulations,high,tab_id|release_date|requesting|description|geography|title|year,,,False
sp_tab_2012 - sp_tab_2012_1_0 2.csv,special_tabulations,high,tab_id|release_date|requesting_org|description|geography|title|year,,,False
sp_tab_2012 - sp_tab_2012_1_0.csv,special_tabulations,high,tab_id|release_date|requesting_org|description|geography|title|year,,,False
sp_tab_2017 - sp_tab_2017.csv,special_tabulations,high,tab_id|release_date|requesting|description|geography|title|year,,,False
sp_tab_2017 - sp_tab_2017_0.csv,special_tabulations,high,tab_id|release_date|requesting|description|geography|title|year,,,False
sp_tab_2017 - sp_tab_2017_1.csv,special_tabulations,high,tab_id|release_date|requesting|description|geography|title|year,,,False
sp_tab_2017 - sp_tab_2017_1_0.csv,special_tabulations,high,tab_id|release_date|requesting_org|description|geography|title|year,,,False
sp_tab_2017 - sp_tab_2017_1_0_upd for Source.csv,special_tabulations,high,tab_id|release_date|requesting_org|description|geography|title|year,,,False
state_census - state_census.csv,national_census,high,census|title|query_url_text|year|table|pdf_url,https://www.nass.usda.gov//Quick_Stats/CDQT/chapter/2/table/1/state/US,https://www.nass.usda.gov//Quick_Stats/CDQT/chapter/2/table/1/state/index.php,False
Tennessee Congressional District Profiles.csv,congressional_district_profiles,medium,url|filename|state|category,https://www.nass.usda.gov/Publications/AgCensus/2017/Online_Resources/Congressional_District_Profiles/cd4701.pdf,https://www.nass.usda.gov/Publications/AgCensus/2017/Online_Resources/Congressional_District_Profiles/index.php,False
Tennessee State & County Level Data.csv,state_census,medium,table|url|filename|state|category|query,"https://www.nass.usda.gov/Publications/AgCensus/2017/Full_Report/Volume_1,_Chapter_1_State_Level/Tennessee/tnv1.pdf","https://www.nass.usda.gov/Publications/AgCensus/2017/Full_Report/Volume_1,_Chapter_1_State_Level/Tennessee/index.php",False
Tennessee State & County Profiles.csv,state_and_county_profiles,high,url|county|state|category,https://www.nass.usda.gov/Publications/AgCensus/2017/Online_Resources/County_Profiles/Tennessee/cp99047.pdf,https://www.nass.usda.gov/Publications/AgCensus/2017/Online_Resources/County_Profiles/Tennessee/index.php,False
Tennessee-reg.csv,race_ethnicity_and_gender_profil,high,title|pdf|state,"https://www.nass.usda.gov/Publications/AgCensus/2017/Online_Resources/Race,_Ethnicity_and_Gender_Profiles/Tennessee/cpd47001.pdf","https://www.nass.usda.gov/Publications/AgCensus/2017/Online_Resources/Race,_Ethnicity_and_Gender_Profiles/Tennessee/index.php",False
Tennessee-Releases (Delta Version).csv,state_releases_filtered,high,path|title|state|category|date,,,False
Tennessee-Releases (Delta Version)_1.csv,state_releases_filtered,high,path|title|state|category|date,,,False
Tennessee-Releases (Delta Version)_2.csv,state_releases_filtered,high,path|title|state|category|date,,,False
Tennessee-Releases - V2 (1).csv,state_releases,high,url|filename|state|category|date,https://www.nass.usda.gov/Statistics_by_State/Tennessee/Publications/Crop_Progress_&_Condition/2020/cw_04_06_20.pdf,https://www.nass.usda.gov/Statistics_by_State/Tennessee/Publications/Crop_Progress_&_Condition/2020/index.php,False
Tennessee-Releases - V2 (1)_0.csv,state_releases,high,url|filename|state|category|date,https://www.nass.usda.gov/Statistics_by_State/Tennessee/Publications/Crop_Progress_&_Condition/2020/cw_04_06_20.pdf,https://www.nass.usda.gov/Statistics_by_State/Tennessee/Publications/Crop_Progress_&_Condition/2020/index.php,False
Tennessee-State Releases - Updated.csv,state_releases,high,url|filename|state|category|date,https://www.nass.usda.gov/Statistics_by_State/Tennessee/Publications/Crop_Progress_&_Condition/2020/cw_04_06_20.pdf,https://www.nass.usda.gov/Statistics_by_State/Tennessee/Publications/Crop_Progress_&_Condition/2020/index.php,False
test (1).csv,UNKNOWN,unknown,test,,,False
test.csv,state_releases,high,url|filename|state|category|date,https://www.nass.usda.gov/Statistics_by_State/Regional_Office/Northwest/includes/Publications/Agri_facts/2021/AF01_2.pdf,https://www.nass.usda.gov/Statistics_by_State/Regional_Office/Northwest/includes/Publications/Agri_facts/2021/index.php,False
test_0 (1).csv,UNKNOWN,unknown,test,,,False
test_0.csv,state_releases,high,url|filename|state|category|date,https://www.nass.usda.gov/Statistics_by_State/Regional_Office/Northwest/includes/Publications/Agri_facts/2021/AF01_2.pdf,https://www.nass.usda.gov/Statistics_by_State/Regional_Office/Northwest/includes/Publications/Agri_facts/2021/index.php,False
test_1.csv,UNKNOWN,unknown,test,,,False
test_2.csv,UNKNOWN,unknown,test,,,False
Texas Congressional District Profiles.csv,congressional_district_profiles,medium,url|filename|state|category,https://www.nass.usda.gov/Publications/AgCensus/2017/Online_Resources/Congressional_District_Profiles/cd4801.pdf,https://www.nass.usda.gov/Publications/AgCensus/2017/Online_Resources/Congressional_District_Profiles/index.php,False
Texas State & County Level Data.csv,state_census,medium,table|url|filename|state|category|query,"https://www.nass.usda.gov/Publications/AgCensus/2017/Full_Report/Volume_1,_Chapter_1_State_Level/Texas/txv1.pdf","https://www.nass.usda.gov/Publications/AgCensus/2017/Full_Report/Volume_1,_Chapter_1_State_Level/Texas/index.php",False
Texas State & County Profiles.csv,state_and_county_profiles,high,url|county|state|category,https://www.nass.usda.gov/Publications/AgCensus/2017/Online_Resources/County_Profiles/Texas/cp99048.pdf,https://www.nass.usda.gov/Publications/AgCensus/2017/Online_Resources/County_Profiles/Texas/index.php,False
Texas-reg_0.csv,race_ethnicity_and_gender_profil,high,title|pdf|state,"https://www.nass.usda.gov/Publications/AgCensus/2017/Online_Resources/Race,_Ethnicity_and_Gender_Profiles/Texas/cpd48001.pdf","https://www.nass.usda.gov/Publications/AgCensus/2017/Online_Resources/Race,_Ethnicity_and_Gender_Profiles/Texas/index.php",False
Texas-Releases (Delta Version).csv,state_releases_filtered,high,path|title|state|category|date,,,False
Texas-Releases.csv,state_releases,high,url|filename|state|category|date,https://www.nass.usda.gov/Statistics_by_State/Texas/Publications/Annual_Statistical_Bulletin/tx-bulletin-2020.pdf,https://www.nass.usda.gov/Statistics_by_State/Texas/Publications/Annual_Statistical_Bulletin/index.php,False
Texas-Releases_0.csv,state_releases,high,url|filename|state|category|date,https://www.nass.usda.gov/Statistics_by_State/Texas/Publications/Annual_Statistical_Bulletin/tx-bulletin-2020.pdf,https://www.nass.usda.gov/Statistics_by_State/Texas/Publications/Annual_Statistical_Bulletin/index.php,False
Texas-State Releases Updated.csv,state_releases,high,url|filename|state|category|date,https://www.nass.usda.gov/Statistics_by_State/Texas/Publications/Annual_Statistical_Bulletin/tx-bulletin-2020.pdf,https://www.nass.usda.gov/Statistics_by_State/Texas/Publications/Annual_Statistical_Bulletin/index.php,False
Untitled spreadsheet - Sheet1 (1).csv,report,high,Title|Report|Type|Authors|Month|Year|Date,"https://www.nass.usda.gov/Education_and_Outreach/Reports,_Presentations_and_Conferences/reports/JAS-CAPI_Phase_I_Report-July_21_2015.pdf","https://www.nass.usda.gov/Education_and_Outreach/Reports,_Presentations_and_Conferences/reports/index.php",False
US Regional Releases.csv,state_releases,medium,url|filename||category|date,https://www.nass.usda.gov/Statistics_by_State/Regional_Office/Eastern_Mountain/includes/Publications/Farm-Facts/2020/EMRFF0120.pdf,https://www.nass.usda.gov/Statistics_by_State/Regional_Office/Eastern_Mountain/includes/Publications/Farm-Facts/2020/index.php,False
Utah Congressional District Profiles.csv,congressional_district_profiles,medium,url|filename|state|category,https://www.nass.usda.gov/Publications/AgCensus/2017/Online_Resources/Congressional_District_Profiles/cd4901.pdf,https://www.nass.usda.gov/Publications/AgCensus/2017/Online_Resources/Congressional_District_Profiles/index.php,False
Utah State & County Level Data.csv,state_census,medium,table|url|filename|state|category|query,"https://www.nass.usda.gov/Publications/AgCensus/2017/Full_Report/Volume_1,_Chapter_1_State_Level/Utah/utv1.pdf","https://www.nass.usda.gov/Publications/AgCensus/2017/Full_Report/Volume_1,_Chapter_1_State_Level/Utah/index.php",False
Utah State & County Profiles.csv,state_and_county_profiles,high,url|county|state|category,https://www.nass.usda.gov/Publications/AgCensus/2017/Online_Resources/County_Profiles/Utah/cp99049.pdf,https://www.nass.usda.gov/Publications/AgCensus/2017/Online_Resources/County_Profiles/Utah/index.php,False
Utah-reg.csv,race_ethnicity_and_gender_profil,high,title|pdf|state,"https://www.nass.usda.gov/Publications/AgCensus/2017/Online_Resources/Race,_Ethnicity_and_Gender_Profiles/Utah/cpd49001.pdf","https://www.nass.usda.gov/Publications/AgCensus/2017/Online_Resources/Race,_Ethnicity_and_Gender_Profiles/Utah/index.php",False
Utah-Releases (Delta Version)_1.csv,state_releases_filtered,high,path|title|state|category|date,,,False
Utah-Releases.csv,state_releases,high,url|filename|state|category|date,http://www.nass.usda.gov/Statistics_by_State/Utah/Publications/Crop_Progress_&_Condition/2015/UT_Weather_01032016.pdf,http://www.nass.usda.gov/Statistics_by_State/Utah/Publications/Crop_Progress_&_Condition/2015/index.php,False
Utah-State Releases Updated.csv,state_releases,high,url|filename|state|category|date,http://www.nass.usda.gov/Statistics_by_State/Utah/Publications/Crop_Progress_&_Condition/2015/UT_Weather_01032016.pdf,http://www.nass.usda.gov/Statistics_by_State/Utah/Publications/Crop_Progress_&_Condition/2015/index.php,False
Vermont Congressional District Profiles.csv,congressional_district_profiles,medium,url|filename|state|category,https://www.nass.usda.gov/Publications/AgCensus/2017/Online_Resources/Congressional_District_Profiles/cd5001.pdf,https://www.nass.usda.gov/Publications/AgCensus/2017/Online_Resources/Congressional_District_Profiles/index.php,False
Vermont State & County Level Data.csv,state_census,medium,table|url|filename|state|category|query,"https://www.nass.usda.gov/Publications/AgCensus/2017/Full_Report/Volume_1,_Chapter_1_State_Level/Vermont/vtv1.pdf","https://www.nass.usda.gov/Publications/AgCensus/2017/Full_Report/Volume_1,_Chapter_1_State_Level/Vermont/index.php",False
Vermont State & County Profiles.csv,state_and_county_profiles,high,url|county|state|category,https://www.nass.usda.gov/Publications/AgCensus/2017/Online_Resources/County_Profiles/Vermont/cp99050.pdf,https://www.nass.usda.gov/Publications/AgCensus/2017/Online_Resources/County_Profiles/Vermont/index.php,False
Vermont-reg.csv,race_ethnicity_and_gender_profil,high,title|pdf|state,"https://www.nass.usda.gov/Publications/AgCensus/2017/Online_Resources/Race,_Ethnicity_and_Gender_Profiles/Vermont/cpd50001.pdf","https://www.nass.usda.gov/Publications/AgCensus/2017/Online_Resources/Race,_Ethnicity_and_Gender_Profiles/Vermont/index.php",False
Vermont-Releases.csv,state_releases,high,url|filename|state|category|date,https://www.nass.usda.gov/Statistics_by_State/Vermont/Publications/vermont-profile2021.pdf,https://www.nass.usda.gov/Statistics_by_State/Vermont/Publications/index.php,False
Vermont-Releases_0.csv,state_releases,high,url|filename|state|category|date,https://www.nass.usda.gov/Statistics_by_State/Vermont/Publications/vermont-profile2021.pdf,https://www.nass.usda.gov/Statistics_by_State/Vermont/Publications/index.php,False
Vermont-State Releases Updated.csv,state_releases,high,url|filename|state|category|date,https://www.nass.usda.gov/Statistics_by_State/Vermont/Publications/vermont-profile2021.pdf,https://www.nass.usda.gov/Statistics_by_State/Vermont/Publications/index.php,False
Virginia Congressional District Profiles.csv,congressional_district_profiles,medium,url|filename|state|category,https://www.nass.usda.gov/Publications/AgCensus/2017/Online_Resources/Congressional_District_Profiles/cd5101.pdf,https://www.nass.usda.gov/Publications/AgCensus/2017/Online_Resources/Congressional_District_Profiles/index.php,False
Virginia State & County Level Data.csv,state_census,medium,table|url|filename|state|category|query,"https://www.nass.usda.gov/Publications/AgCensus/2017/Full_Report/Volume_1,_Chapter_1_State_Level/Virginia/vav1.pdf","https://www.nass.usda.gov/Publications/AgCensus/2017/Full_Report/Volume_1,_Chapter_1_State_Level/Virginia/index.php",False
Virginia State & County Profiles.csv,state_and_county_profiles,high,url|county|state|category,https://www.nass.usda.gov/Publications/AgCensus/2017/Online_Resources/County_Profiles/Virginia/cp99051.pdf,https://www.nass.usda.gov/Publications/AgCensus/2017/Online_Resources/County_Profiles/Virginia/index.php,False
Virginia-reg.csv,race_ethnicity_and_gender_profil,high,title|pdf|state,"https://www.nass.usda.gov/Publications/AgCensus/2017/Online_Resources/Race,_Ethnicity_and_Gender_Profiles/Virginia/cpd51001.pdf","https://www.nass.usda.gov/Publications/AgCensus/2017/Online_Resources/Race,_Ethnicity_and_Gender_Profiles/Virginia/index.php",False
Virginia-Releases (1).csv,state_releases,high,url|filename|state|category|date,https://www.nass.usda.gov/Statistics_by_State/Virginia/Publications/Annual_Statistical_Bulletin/2016%20VA%20Bulletin.pdf,https://www.nass.usda.gov/Statistics_by_State/Virginia/Publications/Annual_Statistical_Bulletin/index.php,False
Virginia-Releases (Delta Version).csv,state_releases_filtered,high,path|title|state|category|date,,,False
Virginia-State Releases Updated.csv,state_releases,high,url|filename|state|category|date,https://www.nass.usda.gov/Statistics_by_State/Virginia/Publications/Annual_Statistical_Bulletin/2016%20VA%20Bulletin.pdf,https://www.nass.usda.gov/Statistics_by_State/Virginia/Publications/Annual_Statistical_Bulletin/index.php,False
Visuals - Sheet1.csv,visuals,high,title|img_path|pdf_path|data_file|visual_category|survey|subject,https://www.nass.usda.gov/Charts_and_Maps/graphics/data/allprpd.txt,https://www.nass.usda.gov/Charts_and_Maps/graphics/data/index.php,False
Washington Congressional District Profiles.csv,congressional_district_profiles,medium,url|filename|state|category,https://www.nass.usda.gov/Publications/AgCensus/2017/Online_Resources/Congressional_District_Profiles/cd5301.pdf,https://www.nass.usda.gov/Publications/AgCensus/2017/Online_Resources/Congressional_District_Profiles/index.php,False
Washington State & County Level Data.csv,state_census,medium,table|url|filename|state|category|query,"https://www.nass.usda.gov/Publications/AgCensus/2017/Full_Report/Volume_1,_Chapter_1_State_Level/Washington/wav1.pdf","https://www.nass.usda.gov/Publications/AgCensus/2017/Full_Report/Volume_1,_Chapter_1_State_Level/Washington/index.php",False
Washington State & County Profiles.csv,state_and_county_profiles,high,url|county|state|category,https://www.nass.usda.gov/Publications/AgCensus/2017/Online_Resources/County_Profiles/Washington/cp99053.pdf,https://www.nass.usda.gov/Publications/AgCensus/2017/Online_Resources/County_Profiles/Washington/index.php,False
Washington-reg.csv,race_ethnicity_and_gender_profil,high,title|pdf|state,"https://www.nass.usda.gov/Publications/AgCensus/2017/Online_Resources/Race,_Ethnicity_and_Gender_Profiles/Washington/cpd53001.pdf","https://www.nass.usda.gov/Publications/AgCensus/2017/Online_Resources/Race,_Ethnicity_and_Gender_Profiles/Washington/index.php",False
Washington-Releases (Delta Version).csv,state_releases_filtered,high,path|title|state|category|date,,,False
Washington-Releases (Delta Version)_1.csv,state_releases_filtered,high,path|title|state|category|date,,,False
Washington-Releases.csv,state_releases,high,url|filename|state|category|date,https://www.nass.usda.gov/Statistics_by_State/Kentucky/Publications/Annual_Statistical_Bulletin/2009/WASHINGTON.pdf,https://www.nass.usda.gov/Statistics_by_State/Kentucky/Publications/Annual_Statistical_Bulletin/2009/index.php,False
Washington-Releases_0.csv,state_releases,high,url|filename|state|category|date,https://www.nass.usda.gov/Statistics_by_State/Kentucky/Publications/Annual_Statistical_Bulletin/2009/WASHINGTON.pdf,https://www.nass.usda.gov/Statistics_by_State/Kentucky/Publications/Annual_Statistical_Bulletin/2009/index.php,False
West Virginia Congressional District Profiles .csv,congressional_district_profiles,medium,url|filename|state|category,https://www.nass.usda.gov/Publications/AgCensus/2017/Online_Resources/Congressional_District_Profiles/cd5401.pdf,https://www.nass.usda.gov/Publications/AgCensus/2017/Online_Resources/Congressional_District_Profiles/index.php,False
West Virginia Releases.csv,state_releases,high,url|filename|state|category|date,https://www.nass.usda.gov/Statistics_by_State/West_Virginia/Publications/Annual_Statistical_Bulletin/2018/2018%20Bulletin_Final.pdf,https://www.nass.usda.gov/Statistics_by_State/West_Virginia/Publications/Annual_Statistical_Bulletin/2018/index.php,False
West Virginia Releases_0.csv,state_releases,high,url|filename|state|category|date,https://www.nass.usda.gov/Statistics_by_State/West_Virginia/Publications/Annual_Statistical_Bulletin/2018/2018%20Bulletin_Final.pdf,https://www.nass.usda.gov/Statistics_by_State/West_Virginia/Publications/Annual_Statistical_Bulletin/2018/index.php,False
West Virginia State & County Level Data.csv,state_census,medium,table|url|filename|state|category|query,"https://www.nass.usda.gov/Publications/AgCensus/2017/Full_Report/Volume_1,_Chapter_1_State_Level/West_Virginia/wvv1.pdf","https://www.nass.usda.gov/Publications/AgCensus/2017/Full_Report/Volume_1,_Chapter_1_State_Level/West_Virginia/index.php",False
West Virginia State & County Profiles.csv,state_and_county_profiles,high,url|county|state|category,https://www.nass.usda.gov/Publications/AgCensus/2017/Online_Resources/County_Profiles/West_Virginia/cp99054.pdf,https://www.nass.usda.gov/Publications/AgCensus/2017/Online_Resources/County_Profiles/West_Virginia/index.php,False
West Virginia- Releases (Delta Version).csv,state_releases_filtered,high,path|title|state|category|date,,,False
West Virginia- State Releases Test.csv,state_releases,high,url|filename|state|category|date,https://www.nass.usda.gov/Statistics_by_State/West_Virginia/Publications/Annual_Statistical_Bulletin/2018/2018%20Bulletin_Final.pdf,https://www.nass.usda.gov/Statistics_by_State/West_Virginia/Publications/Annual_Statistical_Bulletin/2018/index.php,False
West Virginia- State Releases.csv,state_releases,high,url|filename|state|category|date,https://www.nass.usda.gov/Statistics_by_State/West_Virginia/Publications/Annual_Statistical_Bulletin/2018/2018%20Bulletin_Final.pdf,https://www.nass.usda.gov/Statistics_by_State/West_Virginia/Publications/Annual_Statistical_Bulletin/2018/index.php,False
West_Virginia-reg.csv,race_ethnicity_and_gender_profil,high,title|pdf|state,"https://www.nass.usda.gov/Publications/AgCensus/2017/Online_Resources/Race,_Ethnicity_and_Gender_Profiles/West_Virginia/cpd54001.pdf","https://www.nass.usda.gov/Publications/AgCensus/2017/Online_Resources/Race,_Ethnicity_and_Gender_Profiles/West_Virginia/index.php",False
Wisconsin - State Releases.csv,state_releases,high,url|filename|state|category|date,https://www.nass.usda.gov/Statistics_by_State/Wisconsin/Publications/Miscellaneous/2015%20and%20Earlier/pest_use_06.pdf,https://www.nass.usda.gov/Statistics_by_State/Wisconsin/Publications/Miscellaneous/2015%20and%20Earlier/index.php,False
Wisconsin - State Releases_0.csv,state_releases,high,url|filename|state|category|date,https://www.nass.usda.gov/Statistics_by_State/Wisconsin/Publications/Miscellaneous/2015%20and%20Earlier/pest_use_06.pdf,https://www.nass.usda.gov/Statistics_by_State/Wisconsin/Publications/Miscellaneous/2015%20and%20Earlier/index.php,False
Wisconsin Congressional District Profiles.csv,congressional_district_profiles,medium,url|filename|state|category,https://www.nass.usda.gov/Publications/AgCensus/2017/Online_Resources/Congressional_District_Profiles/cd5501.pdf,https://www.nass.usda.gov/Publications/AgCensus/2017/Online_Resources/Congressional_District_Profiles/index.php,False
Wisconsin Releases - New Download.csv,state_releases,medium,url|filename||category|date,https://www.nass.usda.gov/Statistics_by_State/Wisconsin/Publications/Miscellaneous/2015%20and%20Earlier/pest_use_06.pdf,https://www.nass.usda.gov/Statistics_by_State/Wisconsin/Publications/Miscellaneous/2015%20and%20Earlier/index.php,False
Wisconsin Releases - New Download_0.csv,state_releases,medium,url|filename||category|date,https://www.nass.usda.gov/Statistics_by_State/Wisconsin/Publications/Miscellaneous/2015%20and%20Earlier/pest_use_06.pdf,https://www.nass.usda.gov/Statistics_by_State/Wisconsin/Publications/Miscellaneous/2015%20and%20Earlier/index.php,False
Wisconsin Releases - Updated.csv,state_releases,medium,url|filename||category|date,https://www.nass.usda.gov/Statistics_by_State/Wisconsin/Publications/Miscellaneous/2015%20and%20Earlier/pest_use_06.pdf,https://www.nass.usda.gov/Statistics_by_State/Wisconsin/Publications/Miscellaneous/2015%20and%20Earlier/index.php,False
Wisconsin Releases - Updated_0.csv,state_releases,medium,url|filename||category|date,https://www.nass.usda.gov/Statistics_by_State/Wisconsin/Publications/Miscellaneous/2015%20and%20Earlier/pest_use_06.pdf,https://www.nass.usda.gov/Statistics_by_State/Wisconsin/Publications/Miscellaneous/2015%20and%20Earlier/index.php,False
Wisconsin Releases - Updated_1.csv,state_releases,medium,url|filename||category|date,https://www.nass.usda.gov/Statistics_by_State/Wisconsin/Publications/Miscellaneous/2015%20and%20Earlier/pest_use_06.pdf,https://www.nass.usda.gov/Statistics_by_State/Wisconsin/Publications/Miscellaneous/2015%20and%20Earlier/index.php,False
Wisconsin Releases - Updated_2.csv,state_releases,medium,url|filename||category|date,https://www.nass.usda.gov/Statistics_by_State/Wisconsin/Publications/Miscellaneous/2015%20and%20Earlier/pest_use_06.pdf,https://www.nass.usda.gov/Statistics_by_State/Wisconsin/Publications/Miscellaneous/2015%20and%20Earlier/index.php,False
Wisconsin Releases 3.csv,state_releases,medium,url|filename||category|date,https://www.nass.usda.gov/Statistics_by_State/Wisconsin/Publications/Miscellaneous/2015%20and%20Earlier/pest_use_06.pdf,https://www.nass.usda.gov/Statistics_by_State/Wisconsin/Publications/Miscellaneous/2015%20and%20Earlier/index.php,False
Wisconsin Releases 3_0.csv,state_releases,high,url|filename|state|category|date,https://www.nass.usda.gov/Statistics_by_State/Wisconsin/Publications/Miscellaneous/2015%20and%20Earlier/pest_use_06.pdf,https://www.nass.usda.gov/Statistics_by_State/Wisconsin/Publications/Miscellaneous/2015%20and%20Earlier/index.php,False
Wisconsin Releases 3_1.csv,state_releases,high,url|filename|state|category|date,https://www.nass.usda.gov/Statistics_by_State/Wisconsin/Publications/Miscellaneous/2015%20and%20Earlier/pest_use_06.pdf,https://www.nass.usda.gov/Statistics_by_State/Wisconsin/Publications/Miscellaneous/2015%20and%20Earlier/index.php,False
Wisconsin Releases 3_2.csv,state_releases,high,url|filename|state|category|date,https://www.nass.usda.gov/Statistics_by_State/Wisconsin/Publications/Miscellaneous/2015%20and%20Earlier/pest_use_06.pdf,https://www.nass.usda.gov/Statistics_by_State/Wisconsin/Publications/Miscellaneous/2015%20and%20Earlier/index.php,False
Wisconsin Releases 3_3.csv,state_releases,high,url|filename|state|category|date,https://www.nass.usda.gov/Statistics_by_State/Wisconsin/Publications/Miscellaneous/2015%20and%20Earlier/pest_use_06.pdf,https://www.nass.usda.gov/Statistics_by_State/Wisconsin/Publications/Miscellaneous/2015%20and%20Earlier/index.php,False
Wisconsin Releases 3_4.csv,state_releases,high,url|filename|state|category|date,https://www.nass.usda.gov/Statistics_by_State/Wisconsin/Publications/Miscellaneous/2015%20and%20Earlier/pest_use_06.pdf,https://www.nass.usda.gov/Statistics_by_State/Wisconsin/Publications/Miscellaneous/2015%20and%20Earlier/index.php,False
Wisconsin Releases 3_5.csv,state_releases,high,url|filename|state|category|date,https://www.nass.usda.gov/Statistics_by_State/Wisconsin/Publications/Miscellaneous/2015%20and%20Earlier/pest_use_06.pdf,https://www.nass.usda.gov/Statistics_by_State/Wisconsin/Publications/Miscellaneous/2015%20and%20Earlier/index.php,False
Wisconsin Releases Updated State 2.csv,state_releases,high,url|filename|state|category|date,https://www.nass.usda.gov/Statistics_by_State/Wisconsin/Publications/Miscellaneous/2015%20and%20Earlier/pest_use_06.pdf,https://www.nass.usda.gov/Statistics_by_State/Wisconsin/Publications/Miscellaneous/2015%20and%20Earlier/index.php,False
Wisconsin Releases Updated State 2_0.csv,state_releases,high,url|filename|state|category|date,https://www.nass.usda.gov/Statistics_by_State/Wisconsin/Publications/Miscellaneous/2015%20and%20Earlier/pest_use_06.pdf,https://www.nass.usda.gov/Statistics_by_State/Wisconsin/Publications/Miscellaneous/2015%20and%20Earlier/index.php,False
Wisconsin State & County Level Data.csv,state_census,medium,table|url|filename|state|category|query,"https://www.nass.usda.gov/Publications/AgCensus/2017/Full_Report/Volume_1,_Chapter_1_State_Level/Wisconsin/wiv1.pdf","https://www.nass.usda.gov/Publications/AgCensus/2017/Full_Report/Volume_1,_Chapter_1_State_Level/Wisconsin/index.php",False
Wisconsin State & County Profiles.csv,state_and_county_profiles,high,url|county|state||category,https://www.nass.usda.gov/Publications/AgCensus/2017/Online_Resources/County_Profiles/Wisconsin/cp99055.pdf,https://www.nass.usda.gov/Publications/AgCensus/2017/Online_Resources/County_Profiles/Wisconsin/index.php,False
Wisconsin State Releases Updated.csv,state_releases,medium,url|filename||category|date,https://www.nass.usda.gov/Statistics_by_State/Wisconsin/Publications/Miscellaneous/2015%20and%20Earlier/pest_use_06.pdf,https://www.nass.usda.gov/Statistics_by_State/Wisconsin/Publications/Miscellaneous/2015%20and%20Earlier/index.php,False
Wisconsin State Releases Updated_0.csv,state_releases,medium,url|filename||category|date,https://www.nass.usda.gov/Statistics_by_State/Wisconsin/Publications/Miscellaneous/2015%20and%20Earlier/pest_use_06.pdf,https://www.nass.usda.gov/Statistics_by_State/Wisconsin/Publications/Miscellaneous/2015%20and%20Earlier/index.php,False
Wisconsin State Releases Updated_1.csv,state_releases,medium,url|filename||category|date,https://www.nass.usda.gov/Statistics_by_State/Wisconsin/Publications/Miscellaneous/2015%20and%20Earlier/pest_use_06.pdf,https://www.nass.usda.gov/Statistics_by_State/Wisconsin/Publications/Miscellaneous/2015%20and%20Earlier/index.php,False
Wisconsin State Releases Updated_2.csv,state_releases,medium,url|filename||category|date,https://www.nass.usda.gov/Statistics_by_State/Wisconsin/Publications/Miscellaneous/2015%20and%20Earlier/pest_use_06.pdf,https://www.nass.usda.gov/Statistics_by_State/Wisconsin/Publications/Miscellaneous/2015%20and%20Earlier/index.php,False
Wisconsin-reg.csv,race_ethnicity_and_gender_profil,high,title|pdf|state,"https://www.nass.usda.gov/Publications/AgCensus/2017/Online_Resources/Race,_Ethnicity_and_Gender_Profiles/Wisconsin/cpd55001.pdf","https://www.nass.usda.gov/Publications/AgCensus/2017/Online_Resources/Race,_Ethnicity_and_Gender_Profiles/Wisconsin/index.php",False
Wisconsin-Releases (Delta Version) - Wisconsin-Releases (Delta Version).csv,state_releases_filtered,high,path|title|state|category|date,,,False
Wisconsin-Releases (Delta Version).csv,state_releases_filtered,high,path|title|state|category|date,,,False
Wyoming Congressional District Profiles.csv,congressional_district_profiles,medium,url|filename|state|category,https://www.nass.usda.gov/Publications/AgCensus/2017/Online_Resources/Congressional_District_Profiles/cd5601.pdf,https://www.nass.usda.gov/Publications/AgCensus/2017/Online_Resources/Congressional_District_Profiles/index.php,False
Wyoming Release - Updated.csv,state_releases,high,url|filename|state|category|date,https://www.nass.usda.gov/Statistics_by_State/Wyoming/Publications/Brochures/Wyoming%20AG%20Profile%20Brochure.pdf,https://www.nass.usda.gov/Statistics_by_State/Wyoming/Publications/Brochures/index.php,False
Wyoming Release - Updated_0.csv,state_releases,high,url|filename|state|category|date,https://www.nass.usda.gov/Statistics_by_State/Wyoming/Publications/Brochures/Wyoming%20AG%20Profile%20Brochure.pdf,https://www.nass.usda.gov/Statistics_by_State/Wyoming/Publications/Brochures/index.php,False
Wyoming Release - Updated_1.csv,state_releases,high,url|filename|state|category|date,https://www.nass.usda.gov/Statistics_by_State/Wyoming/Publications/Brochures/Wyoming%20AG%20Profile%20Brochure.pdf,https://www.nass.usda.gov/Statistics_by_State/Wyoming/Publications/Brochures/index.php,False
Wyoming State & County Level Data.csv,state_census,medium,table|url|filename|state|category|query,"https://www.nass.usda.gov/Publications/AgCensus/2017/Full_Report/Volume_1,_Chapter_1_State_Level/Wyoming/wyv1.pdf","https://www.nass.usda.gov/Publications/AgCensus/2017/Full_Report/Volume_1,_Chapter_1_State_Level/Wyoming/index.php",False
Wyoming State & County Profiles.csv,state_and_county_profiles,high,url|county|state|category,https://www.nass.usda.gov/Publications/AgCensus/2017/Online_Resources/County_Profiles/Wyoming/cp99056.pdf,https://www.nass.usda.gov/Publications/AgCensus/2017/Online_Resources/County_Profiles/Wyoming/index.php,False
Wyoming State Release - Updated.csv,state_releases,high,url|filename|state|category|date,https://www.nass.usda.gov/Statistics_by_State/Wyoming/Publications/Brochures/Wyoming%20AG%20Profile%20Brochure.pdf,https://www.nass.usda.gov/Statistics_by_State/Wyoming/Publications/Brochures/index.php,False
Wyoming State Release - Updated_0.csv,state_releases,high,url|filename|state|category|date,https://www.nass.usda.gov/Statistics_by_State/Wyoming/Publications/Brochures/Wyoming%20AG%20Profile%20Brochure.pdf,https://www.nass.usda.gov/Statistics_by_State/Wyoming/Publications/Brochures/index.php,False
Wyoming-reg.csv,race_ethnicity_and_gender_profil,high,title|pdf|state,"https://www.nass.usda.gov/Publications/AgCensus/2017/Online_Resources/Race,_Ethnicity_and_Gender_Profiles/Wyoming/cpd56001.pdf","https://www.nass.usda.gov/Publications/AgCensus/2017/Online_Resources/Race,_Ethnicity_and_Gender_Profiles/Wyoming/index.php",False
Wyoming-reg_0.csv,race_ethnicity_and_gender_profil,high,title|pdf|state,"https://www.nass.usda.gov/Publications/AgCensus/2017/Online_Resources/Race,_Ethnicity_and_Gender_Profiles/Wyoming/cpd56001.pdf","https://www.nass.usda.gov/Publications/AgCensus/2017/Online_Resources/Race,_Ethnicity_and_Gender_Profiles/Wyoming/index.php",False
Wyoming-Release (Delta Version).csv,state_releases_filtered,high,path|title|state|category|date,,,False
Wyoming-Release (Delta Version)_1.csv,state_releases_filtered,high,path|title|state|category|date,,,False
Wyoming-Release (Delta Version)_2.csv,state_releases_filtered,high,path|title|state|category|date,,,False
Wyoming-Release (Delta Version)_3.csv,state_releases_filtered,high,path|title|state|category|date,,,False
