Release DateTime,Release Name,Release Filename,Release URL,QuickStats Only Release,Release Static Link,Release Includes JSON
2018-01-02T15:00:00Z,"Cotton System",cact0118,https://usda.library.cornell.edu/concern/publications/ng451h506,N,N,N
2018-01-02T15:00:00Z,"Fats & Oils",cafo0118,https://usda.library.cornell.edu/concern/publications/mp48sc77c,N,N,N
2018-01-02T15:00:00Z,"Grain Crushings",cagc0118,https://usda.library.cornell.edu/concern/publications/n583xt96p,N,N,N
2018-01-03T12:00:00Z,"State Stories",stwe0118,https://usda.library.cornell.edu/concern/publications/fq977t77k,N,N,N
2018-01-04T15:00:00Z,"Broiler Hatchery",brls0118,https://usda.library.cornell.edu/concern/publications/gm80hv35d,N,N,N
2018-01-04T15:00:00Z,"Dairy Products",dary0118,https://usda.library.cornell.edu/concern/publications/m326m1757,N,N,N
2018-01-05T15:00:00Z,"Peanut Prices",pnpr0118,https://usda.library.cornell.edu/concern/publications/5t34sj58c,N,N,N
2018-01-10T15:00:00Z,"Broiler Hatchery",brls0218,https://usda.library.cornell.edu/concern/publications/gm80hv35d,N,N,N
2018-01-12T12:00:00Z,"Cotton Ginnings",ctgn0218,https://usda.library.cornell.edu/concern/publications/q524jn76v,N,N,N
2018-01-12T12:00:00Z,"Crop Production",crop0118,https://usda.library.cornell.edu/concern/publications/tm70mv177,N,N,N
2018-01-12T12:00:00Z,"Crop Production - Ann.",cropan18,https://usda.library.cornell.edu/concern/publications/k3569432s,N,N,N
2018-01-12T12:00:00Z,"Grain Stocks",grst0118,https://usda.library.cornell.edu/concern/publications/xg94hp534,N,N,N
2018-01-12T12:00:00Z,"Peanut Prices",pnpr0218,https://usda.library.cornell.edu/concern/publications/5t34sj58c,N,N,N
2018-01-12T12:00:00Z,"Rice Stocks",rice0118,https://usda.library.cornell.edu/concern/publications/d791sg19j,N,N,N
2018-01-12T12:00:00Z,"Winter Wheat and Canola Seedings",wtrc0118,https://usda.library.cornell.edu/concern/publications/z890rt24s,N,N,N
2018-01-16T15:00:00Z,"Turkey Hatchery",tkha0118,https://usda.library.cornell.edu/concern/publications/k643b117x,N,N,N
2018-01-17T15:00:00Z,"Broiler Hatchery",brls0318,https://usda.library.cornell.edu/concern/publications/gm80hv35d,N,N,N
2018-01-19T15:00:00Z,"Coffee",cafean18,https://usda.library.cornell.edu/concern/publications/3t945q80c,N,N,N
2018-01-19T15:00:00Z,"Peanut Prices",pnpr0318,https://usda.library.cornell.edu/concern/publications/5t34sj58c,N,N,N
2018-01-23T12:00:00Z,"Cotton Ginnings",ctgn0418,https://usda.library.cornell.edu/concern/publications/q524jn76v,N,N,N
2018-01-23T15:00:00Z,"Chickens and Eggs",ckeg0118,https://usda.library.cornell.edu/concern/publications/fb494842n,N,N,N
2018-01-24T15:00:00Z,"Broiler Hatchery",brls0418,https://usda.library.cornell.edu/concern/publications/gm80hv35d,N,N,N
2018-01-24T15:00:00Z,"Capacity of Refrigerated Warehouses",rfwh0118,https://usda.library.cornell.edu/concern/publications/x059c7329,N,N,N
2018-01-24T15:00:00Z,"Cold Storage",cost0118,https://usda.library.cornell.edu/concern/publications/pg15bd892,N,N,N
2018-01-24T15:00:00Z,"Milk Production",mkpr0118,https://usda.library.cornell.edu/concern/publications/h989r321c,N,N,N
2018-01-25T15:00:00Z,"Livestock Slaughter",lstk0118,https://usda.library.cornell.edu/concern/publications/rx913p88g,N,N,N
2018-01-25T15:00:00Z,"Poultry Slaughter",psla0118,https://usda.library.cornell.edu/concern/publications/3197xm04j,N,N,N
2018-01-26T15:00:00Z,"Peanut Prices",pnpr0418,https://usda.library.cornell.edu/concern/publications/5t34sj58c,N,N,N
2018-01-29T15:00:00Z,"Peanut Stocks and Processing",pnst0118,https://usda.library.cornell.edu/concern/publications/02870v87z,N,N,N
2018-01-30T12:00:00Z,"State Stories",stwe0518,https://usda.library.cornell.edu/concern/publications/fq977t77k,N,N,N
2018-01-30T15:00:00Z,"Agricultural Prices",agpr0118,https://usda.library.cornell.edu/concern/publications/c821gj76b,N,N,N
2018-01-31T15:00:00Z,"Broiler Hatchery",brls0518,https://usda.library.cornell.edu/concern/publications/gm80hv35d,N,N,N
2018-01-31T15:00:00Z,"Cattle",catl0118,https://usda.library.cornell.edu/concern/publications/h702q636h,N,N,N
2018-01-31T15:00:00Z,"Egg Products",eggs0118,https://usda.library.cornell.edu/concern/publications/hx11xf25t,N,N,N
2018-01-31T15:00:00Z,"Sheep and Goats",shep0118,https://usda.library.cornell.edu/concern/publications/000000018,N,N,N
2018-02-01T15:00:00Z,"Cotton System",cact0218,https://usda.library.cornell.edu/concern/publications/ng451h506,N,N,N
2018-02-01T15:00:00Z,"Dairy Products",dary0218,https://usda.library.cornell.edu/concern/publications/m326m1757,N,N,N
2018-02-01T15:00:00Z,"Fats & Oils",cafo0218,https://usda.library.cornell.edu/concern/publications/mp48sc77c,N,N,N
2018-02-01T15:00:00Z,"Flour Milling",cafl0218,https://usda.library.cornell.edu/concern/publications/cr56n097m,N,N,N
2018-02-01T15:00:00Z,"Grain Crushings",cagc0218,https://usda.library.cornell.edu/concern/publications/n583xt96p,N,N,N
2018-02-02T15:00:00Z,"Catfish Production",cfpd0218,https://usda.library.cornell.edu/concern/publications/bg257f046,N,N,N
2018-02-02T15:00:00Z,"Peanut Prices",pnpr0518,https://usda.library.cornell.edu/concern/publications/5t34sj58c,N,N,N
2018-02-07T15:00:00Z,"Broiler Hatchery",brls0618,https://usda.library.cornell.edu/concern/publications/gm80hv35d,N,N,N
2018-02-08T12:00:00Z,"Cotton Ginnings",ctgn0618,https://usda.library.cornell.edu/concern/publications/q524jn76v,N,N,N
2018-02-08T12:00:00Z,"Crop Production",crop0218,https://usda.library.cornell.edu/concern/publications/tm70mv177,N,N,N
2018-02-09T15:00:00Z,"Peanut Prices",pnpr0618,https://usda.library.cornell.edu/concern/publications/5t34sj58c,N,N,N
2018-02-12T15:00:00Z,"North American Potatoes",uscp0218,https://usda.library.cornell.edu/concern/publications/4m90dv511,N,N,N
2018-02-13T15:00:00Z,"Vegetables - Ann.",vegean18,https://usda.library.cornell.edu/concern/publications/02870v86p,N,N,N
2018-02-14T15:00:00Z,"Broiler Hatchery",brls0718,https://usda.library.cornell.edu/concern/publications/gm80hv35d,N,N,N
2018-02-15T12:00:00Z,"Potato Stocks",post0218,https://usda.library.cornell.edu/concern/publications/47429915b,N,N,N
2018-02-15T15:00:00Z,"Turkey Hatchery",tkha0218,https://usda.library.cornell.edu/concern/publications/k643b117x,N,N,N
2018-02-16T12:00:00Z,"Farms and Land in Farms",fnlo0218,https://usda.library.cornell.edu/concern/publications/5712m6524,N,N,N
2018-02-16T12:00:00Z,"Peanut Prices",pnpr0718,https://usda.library.cornell.edu/concern/publications/5t34sj58c,N,N,N
2018-02-21T15:00:00Z,"Broiler Hatchery",brls0818,https://usda.library.cornell.edu/concern/publications/gm80hv35d,N,N,N
2018-02-21T15:00:00Z,"Milk Production",mkpr0218,https://usda.library.cornell.edu/concern/publications/h989r321c,N,N,N
2018-02-22T15:00:00Z,"Cold Storage",cost0218,https://usda.library.cornell.edu/concern/publications/pg15bd892,N,N,N
2018-02-22T15:00:00Z,"Cold Storage - Ann.",costan18,https://usda.library.cornell.edu/concern/publications/sb397824g,N,N,N
2018-02-22T15:00:00Z,"Livestock Slaughter",lstk0218,https://usda.library.cornell.edu/concern/publications/rx913p88g,N,N,N
2018-02-22T15:00:00Z,"County Estimates: Corn 2016-2017",cecnan18,https://www.nass.usda.gov/Quick_Stats/Lite/,Y,N,N
2018-02-22T15:00:00Z,"County Estimates: Sorghum 2016-2017",cesoan18,https://www.nass.usda.gov/Quick_Stats/Lite/,Y,N,N
2018-02-22T15:00:00Z,"County Estimates: Soybeans 2016-2017",cesban18,https://www.nass.usda.gov/Quick_Stats/Lite/,Y,N,N
2018-02-22T15:00:00Z,"County Estimates: Sunflowers 2016-2017",cesnan18,https://www.nass.usda.gov/Quick_Stats/Lite/,Y,N,N
2018-02-23T15:00:00Z,"Cattle on Feed",cofd0218,https://usda.library.cornell.edu/concern/publications/m326m174z,N,N,N
2018-02-23T15:00:00Z,"Crop Values",cpvl0218,https://usda.library.cornell.edu/concern/publications/k35694332,N,N,N
2018-02-23T15:00:00Z,"Peanut Prices",pnpr0818,https://usda.library.cornell.edu/concern/publications/5t34sj58c,N,N,N
2018-02-26T15:00:00Z,"Chickens and Eggs - Ann.",ckegan18,https://usda.library.cornell.edu/concern/publications/1v53jw96n,N,N,N
2018-02-26T15:00:00Z,"Poultry Slaughter",psla0218,https://usda.library.cornell.edu/concern/publications/3197xm04j,N,N,N
2018-02-26T15:00:00Z,"Poultry Slaughter - Ann.",pslaan18,https://usda.library.cornell.edu/concern/publications/pg15bd88s,N,N,N
2018-02-26T15:00:00Z,"Trout Production",trpr0218,https://usda.library.cornell.edu/concern/publications/t722h882h,N,N,N
2018-02-27T12:00:00Z,"State Stories",stwe0918,https://usda.library.cornell.edu/concern/publications/fq977t77k,N,N,N
2018-02-27T15:00:00Z,"Agricultural Prices",agpr0218,https://usda.library.cornell.edu/concern/publications/c821gj76b,N,N,N
2018-02-27T15:00:00Z,"Chickens and Eggs",ckeg0218,https://usda.library.cornell.edu/concern/publications/fb494842n,N,N,N
2018-02-27T15:00:00Z,"Peanut Stocks and Processing",pnst0218,https://usda.library.cornell.edu/concern/publications/02870v87z,N,N,N
2018-02-28T15:00:00Z,"Broiler Hatchery",brls0918,https://usda.library.cornell.edu/concern/publications/gm80hv35d,N,N,N
2018-02-28T15:00:00Z,"Egg Products",eggs0218,https://usda.library.cornell.edu/concern/publications/hx11xf25t,N,N,N
2018-03-01T15:00:00Z,"Cotton System",cact0318,https://usda.library.cornell.edu/concern/publications/ng451h506,N,N,N
2018-03-01T15:00:00Z,"Cotton System - Ann.",cactan18,https://usda.library.cornell.edu/concern/publications/kp78gg381,N,N,N
2018-03-01T15:00:00Z,"Dairy Products",dary0318,https://usda.library.cornell.edu/concern/publications/m326m1757,N,N,N
2018-03-01T15:00:00Z,"Fats & Oils",cafo0318,https://usda.library.cornell.edu/concern/publications/mp48sc77c,N,N,N
2018-03-01T15:00:00Z,"Fats & Oils - Ann.",cafoan18,https://usda.library.cornell.edu/concern/publications/b5644r54d,N,N,N
2018-03-01T15:00:00Z,"Grain Crushings",cagc0318,https://usda.library.cornell.edu/concern/publications/n583xt96p,N,N,N
2018-03-01T15:00:00Z,"Grain Crushings - Ann.",cagcan18,https://usda.library.cornell.edu/concern/publications/v979v304g,N,N,N
2018-03-02T15:00:00Z,"Peanut Prices",pnpr0918,https://usda.library.cornell.edu/concern/publications/5t34sj58c,N,N,N
2018-03-06T15:00:00Z,"U.S. and Canadian Cattle and Sheep",uscc0318,https://usda.library.cornell.edu/concern/publications/474299142,N,N,N
2018-03-06T15:00:00Z,"U.S. and Canadian Hogs",usch0318,https://usda.library.cornell.edu/concern/publications/7h149p85x,N,N,N
2018-03-07T15:00:00Z,"Broiler Hatchery",brls1018,https://usda.library.cornell.edu/concern/publications/gm80hv35d,N,N,N
2018-03-08T12:00:00Z,"Cotton Ginnings",ctgn1018,https://usda.library.cornell.edu/concern/publications/q524jn76v,N,N,N
2018-03-08T12:00:00Z,"Crop Production",crop0318,https://usda.library.cornell.edu/concern/publications/tm70mv177,N,N,N
2018-03-08T15:00:00Z,"County Estimates: All Rice 2016-2017",cerian18,https://www.nass.usda.gov/Quick_Stats/Lite/index.php,Y,N,N
2018-03-08T15:00:00Z,"County Estimates: Flaxseed 2016-2017",cefxan18,https://www.nass.usda.gov/Quick_Stats/Lite/,Y,N,N
2018-03-09T15:00:00Z,"Peanut Prices",pnpr1018,https://usda.library.cornell.edu/concern/publications/5t34sj58c,N,N,N
2018-03-09T15:00:00Z,"Price Reactions after USDA Crop Reports",prrcan18,https://usda.library.cornell.edu/concern/publications/ms35t861q,N,N,N
2018-03-14T15:00:00Z,"Broiler Hatchery",brls1118,https://usda.library.cornell.edu/concern/publications/gm80hv35d,N,N,N
2018-03-14T15:00:00Z,"Honey",hony0318,https://usda.library.cornell.edu/concern/publications/hd76s004z,N,N,N
2018-03-15T15:00:00Z,"Hop Stocks",hops0318,https://usda.library.cornell.edu/concern/publications/sb397825r,N,N,N
2018-03-15T15:00:00Z,"Price Reactions After USDA Livestock Reports",prrlan18,https://usda.library.cornell.edu/concern/publications/z316q156s,N,N,N
2018-03-15T15:00:00Z,"Turkey Hatchery",tkha0318,https://usda.library.cornell.edu/concern/publications/k643b117x,N,N,N
2018-03-16T15:00:00Z,"Peanut Prices",pnpr1118,https://usda.library.cornell.edu/concern/publications/5t34sj58c,N,N,N
2018-03-20T15:00:00Z,"Milk Production",mkpr0318,https://usda.library.cornell.edu/concern/publications/h989r321c,N,N,N
2018-03-21T15:00:00Z,"Broiler Hatchery",brls1218,https://usda.library.cornell.edu/concern/publications/gm80hv35d,N,N,N
2018-03-22T15:00:00Z,"Cold Storage",cost0318,https://usda.library.cornell.edu/concern/publications/pg15bd892,N,N,N
2018-03-22T15:00:00Z,"Livestock Slaughter",lstk0318,https://usda.library.cornell.edu/concern/publications/rx913p88g,N,N,N
2018-03-23T15:00:00Z,"Cattle on Feed",cofd0318,https://usda.library.cornell.edu/concern/publications/m326m174z,N,N,N
2018-03-23T15:00:00Z,"Chickens and Eggs",ckeg0318,https://usda.library.cornell.edu/concern/publications/fb494842n,N,N,N
2018-03-23T15:00:00Z,"Peanut Prices",pnpr1218,https://usda.library.cornell.edu/concern/publications/5t34sj58c,N,N,N
2018-03-26T15:00:00Z,"Poultry Slaughter",psla0318,https://usda.library.cornell.edu/concern/publications/3197xm04j,N,N,N
2018-03-27T12:00:00Z,"State Stories",stwe1318,https://usda.library.cornell.edu/concern/publications/fq977t77k,N,N,N
2018-03-28T15:00:00Z,"Agricultural Prices",agpr0318,https://usda.library.cornell.edu/concern/publications/c821gj76b,N,N,N
2018-03-28T15:00:00Z,"Broiler Hatchery",brls1318,https://usda.library.cornell.edu/concern/publications/gm80hv35d,N,N,N
2018-03-28T15:00:00Z,"Peanut Stocks and Processing",pnst0318,https://usda.library.cornell.edu/concern/publications/02870v87z,N,N,N
2018-03-29T12:00:00Z,"Grain Stocks",grst0318,https://usda.library.cornell.edu/concern/publications/xg94hp534,N,N,N
2018-03-29T12:00:00Z,"Prospective Plantings",pspl0318,https://usda.library.cornell.edu/concern/publications/x633f100h,N,N,N
2018-03-29T12:00:00Z,"Rice Stocks",rice0318,https://usda.library.cornell.edu/concern/publications/d791sg19j,N,N,N
2018-03-29T15:00:00Z,"Egg Products",eggs0318,https://usda.library.cornell.edu/concern/publications/hx11xf25t,N,N,N
2018-03-29T15:00:00Z,"Hogs and Pigs",hgpg0318,https://usda.library.cornell.edu/concern/publications/rj430453j,N,N,N
2018-03-29T15:00:00Z,"Peanut Prices",pnpr1318,https://usda.library.cornell.edu/concern/publications/5t34sj58c,N,N,N
2018-04-02T15:00:00Z,"Cotton System",cact0418,https://usda.library.cornell.edu/concern/publications/ng451h506,N,N,N
2018-04-02T15:00:00Z,"Fats & Oils",cafo0418,https://usda.library.cornell.edu/concern/publications/mp48sc77c,N,N,N
2018-04-02T15:00:00Z,"Grain Crushings",cagc0418,https://usda.library.cornell.edu/concern/publications/n583xt96p,N,N,N
2018-04-02T16:00:00Z,"Crop Progress",prog1418,https://usda.library.cornell.edu/concern/publications/8336h188j,N,N,N
2018-04-04T15:00:00Z,"Broiler Hatchery",brls1418,https://usda.library.cornell.edu/concern/publications/gm80hv35d,N,N,N
2018-04-04T15:00:00Z,"Dairy Products",dary0418,https://usda.library.cornell.edu/concern/publications/m326m1757,N,N,N
2018-04-06T15:00:00Z,"Peanut Prices",pnpr1418,https://usda.library.cornell.edu/concern/publications/5t34sj58c,N,N,N
2018-04-09T16:00:00Z,"Crop Progress",prog1518,https://usda.library.cornell.edu/concern/publications/8336h188j,N,N,N
2018-04-10T12:00:00Z,"Crop Production",crop0418,https://usda.library.cornell.edu/concern/publications/tm70mv177,N,N,N
2018-04-10T15:00:00Z,"Hatchery Production - Ann.",htpdan18,https://usda.library.cornell.edu/concern/publications/9306sz28s,N,N,N
2018-04-11T15:00:00Z,"Broiler Hatchery",brls1518,https://usda.library.cornell.edu/concern/publications/gm80hv35d,N,N,N
2018-04-12T15:00:00Z,"Crop Production Historical Track Records",croptr18,https://usda.library.cornell.edu/concern/publications/c534fn92g,N,N,N
2018-04-13T15:00:00Z,"Peanut Prices",pnpr1518,https://usda.library.cornell.edu/concern/publications/5t34sj58c,N,N,N
2018-04-16T15:00:00Z,"Turkey Hatchery",tkha0418,https://usda.library.cornell.edu/concern/publications/k643b117x,N,N,N
2018-04-16T16:00:00Z,"Crop Progress",prog1618,https://usda.library.cornell.edu/concern/publications/8336h188j,N,N,N
2018-04-17T15:00:00Z,"Potato Stocks",post0418,https://usda.library.cornell.edu/concern/publications/47429915b,N,N,N
2018-04-18T15:00:00Z,"Broiler Hatchery",brls1618,https://usda.library.cornell.edu/concern/publications/gm80hv35d,N,N,N
2018-04-18T15:00:00Z,"Livestock Slaughter - Ann.",lsslan18,https://usda.library.cornell.edu/concern/publications/r207tp32d,N,N,N
2018-04-19T15:00:00Z,"Livestock Slaughter",lstk0418,https://usda.library.cornell.edu/concern/publications/rx913p88g,N,N,N
2018-04-19T15:00:00Z,"County Estimates: Hay 2016-2017",ceahan18,https://www.nass.usda.gov/Quick_Stats/Lite/,Y,N,N
2018-04-20T15:00:00Z,"Cattle on Feed",cofd0418,https://usda.library.cornell.edu/concern/publications/m326m174z,N,N,N
2018-04-20T15:00:00Z,"Milk Production",mkpr0418,https://usda.library.cornell.edu/concern/publications/h989r321c,N,N,N
2018-04-20T15:00:00Z,"Peanut Prices",pnpr1618,https://usda.library.cornell.edu/concern/publications/5t34sj58c,N,N,N
2018-04-23T15:00:00Z,"Chickens and Eggs",ckeg0418,https://usda.library.cornell.edu/concern/publications/fb494842n,N,N,N
2018-04-23T15:00:00Z,"Cold Storage",cost0418,https://usda.library.cornell.edu/concern/publications/pg15bd892,N,N,N
2018-04-23T16:00:00Z,"Crop Progress",prog1718,https://usda.library.cornell.edu/concern/publications/8336h188j,N,N,N
2018-04-25T15:00:00Z,"Broiler Hatchery",brls1718,https://usda.library.cornell.edu/concern/publications/gm80hv35d,N,N,N
2018-04-25T15:00:00Z,"Poultry Slaughter",psla0418,https://usda.library.cornell.edu/concern/publications/3197xm04j,N,N,N
2018-04-26T15:00:00Z,"Dairy Products - Ann.",daryan18,https://usda.library.cornell.edu/concern/publications/jm214p131,N,N,N
2018-04-26T15:00:00Z,"Meat Animals - PDI",meatan18,https://usda.library.cornell.edu/concern/publications/02870v85d,N,N,N
2018-04-26T15:00:00Z,"Milk - PDI",mlkpdi18,https://usda.library.cornell.edu/concern/publications/4b29b5974,N,N,N
2018-04-26T15:00:00Z,"County Estimates: Dry Beans 2016-2017",cedban18,https://www.nass.usda.gov/Quick_Stats/Lite/,Y,N,N
2018-04-26T15:00:00Z,"County Estimates: Tobacco 2016-2017",cetban18,https://www.nass.usda.gov/Quick_Stats/Lite/,Y,N,N
2018-04-27T15:00:00Z,"Agricultural Prices",agpr0418,https://usda.library.cornell.edu/concern/publications/c821gj76b,N,N,N
2018-04-27T15:00:00Z,"Peanut Prices",pnpr1718,https://usda.library.cornell.edu/concern/publications/5t34sj58c,N,N,N
2018-04-27T15:00:00Z,"Peanut Stocks and Processing",pnst0418,https://usda.library.cornell.edu/concern/publications/02870v87z,N,N,N
2018-04-27T15:00:00Z,"Poultry - Production and Value",plva0418,https://usda.library.cornell.edu/concern/publications/m039k491c,N,N,N
2018-04-30T15:00:00Z,"Egg Products",eggs0418,https://usda.library.cornell.edu/concern/publications/hx11xf25t,N,N,N
2018-04-30T16:00:00Z,"Crop Progress",prog1818,https://usda.library.cornell.edu/concern/publications/8336h188j,N,N,N
2018-05-01T15:00:00Z,"Cotton System",cact0518,https://usda.library.cornell.edu/concern/publications/ng451h506,N,N,N
2018-05-01T15:00:00Z,"Fats & Oils",cafo0518,https://usda.library.cornell.edu/concern/publications/mp48sc77c,N,N,N
2018-05-01T15:00:00Z,"Flour Milling",cafl0518,https://usda.library.cornell.edu/concern/publications/cr56n097m,N,N,N
2018-05-01T15:00:00Z,"Flour Milling - Ann.",caflan18,https://usda.library.cornell.edu/concern/publications/ws859f64s,N,N,N
2018-05-01T15:00:00Z,"Grain Crushings",cagc0518,https://usda.library.cornell.edu/concern/publications/n583xt96p,N,N,N
2018-05-02T15:00:00Z,"Broiler Hatchery",brls1818,https://usda.library.cornell.edu/concern/publications/gm80hv35d,N,N,N
2018-05-03T15:00:00Z,"Dairy Products",dary0518,https://usda.library.cornell.edu/concern/publications/m326m1757,N,N,N
2018-05-04T15:00:00Z,"Peanut Prices",pnpr1818,https://usda.library.cornell.edu/concern/publications/5t34sj58c,N,N,N
2018-05-07T16:00:00Z,"Crop Progress",prog1918,https://usda.library.cornell.edu/concern/publications/8336h188j,N,N,N
2018-05-09T15:00:00Z,"Broiler Hatchery",brls1918,https://usda.library.cornell.edu/concern/publications/gm80hv35d,N,N,N
2018-05-10T12:00:00Z,"Cotton Ginnings - Ann.",ctgnan18,https://usda.library.cornell.edu/concern/publications/6108vb275,N,N,N
2018-05-10T12:00:00Z,"Crop Production",crop0518,https://usda.library.cornell.edu/concern/publications/tm70mv177,N,N,N
2018-05-10T15:00:00Z,"County Estimates: Cotton 2016-2017",cectan18,https://www.nass.usda.gov/Quick_Stats/Lite/,Y,N,N
2018-05-10T15:00:00Z,"County Estimates: Peanuts 2016-2017",cepnal18,https://www.nass.usda.gov/Quick_Stats/Lite/,Y,N,N
2018-05-11T15:00:00Z,"Peanut Prices",pnpr1918,https://usda.library.cornell.edu/concern/publications/5t34sj58c,N,N,N
2018-05-11T15:00:00Z,"Agricultural Chemical Usage - Field Crops",agcufc18,https://www.nass.usda.gov/Surveys/Guide_to_NASS_Surveys/Chemical_Use,Y,N,N
2018-05-14T15:00:00Z,"County Estimates: Cattle 2017-2018",cectan18,https://www.nass.usda.gov/Quick_Stats/Lite/,Y,N,N
2018-05-14T15:00:00Z,"County Estimates: Sheep 2017-2018",ceshan18,https://www.nass.usda.gov/Quick_Stats/Lite/,Y,N,N
2018-05-14T16:00:00Z,"Crop Progress",prog2018,https://usda.library.cornell.edu/concern/publications/8336h188j,N,N,N
2018-05-15T15:00:00Z,"Turkey Hatchery",tkha0518,https://usda.library.cornell.edu/concern/publications/k643b117x,N,N,N
2018-05-16T15:00:00Z,"Broiler Hatchery",brls2018,https://usda.library.cornell.edu/concern/publications/gm80hv35d,N,N,N
2018-05-17T15:00:00Z,"Farm Labor",fmla0518,https://usda.library.cornell.edu/concern/publications/x920fw89s,N,N,N
2018-05-18T15:00:00Z,"Milk Production",mkpr0518,https://usda.library.cornell.edu/concern/publications/h989r321c,N,N,N
2018-05-18T15:00:00Z,"Peanut Prices",pnpr2018,https://usda.library.cornell.edu/concern/publications/5t34sj58c,N,N,N
2018-05-21T16:00:00Z,"Crop Progress",prog2118,https://usda.library.cornell.edu/concern/publications/8336h188j,N,N,N
2018-05-22T15:00:00Z,"Chickens and Eggs",ckeg0518,https://usda.library.cornell.edu/concern/publications/fb494842n,N,N,N
2018-05-22T15:00:00Z,"Cold Storage",cost0518,https://usda.library.cornell.edu/concern/publications/pg15bd892,N,N,N
2018-05-23T15:00:00Z,"Broiler Hatchery",brls2118,https://usda.library.cornell.edu/concern/publications/gm80hv35d,N,N,N
2018-05-24T15:00:00Z,"Livestock Slaughter",lstk0518,https://usda.library.cornell.edu/concern/publications/rx913p88g,N,N,N
2018-05-25T12:00:00Z,"Cattle on Feed",cofd0518,https://usda.library.cornell.edu/concern/publications/m326m174z,N,N,N
2018-05-25T12:00:00Z,"Peanut Prices",pnpr2118,https://usda.library.cornell.edu/concern/publications/5t34sj58c,N,N,N
2018-05-25T12:00:00Z,"Poultry Slaughter",psla0518,https://usda.library.cornell.edu/concern/publications/3197xm04j,N,N,N
2018-05-29T16:00:00Z,"Crop Progress",prog2218,https://usda.library.cornell.edu/concern/publications/8336h188j,N,N,N
2018-05-30T15:00:00Z,"Agricultural Prices",agpr0518,https://usda.library.cornell.edu/concern/publications/c821gj76b,N,N,N
2018-05-30T15:00:00Z,"Peanut Stocks and Processing",pnst0518,https://usda.library.cornell.edu/concern/publications/02870v87z,N,N,N
2018-05-31T15:00:00Z,"Broiler Hatchery",brls2218,https://usda.library.cornell.edu/concern/publications/gm80hv35d,N,N,N
2018-05-31T15:00:00Z,"Egg Products",eggs0518,https://usda.library.cornell.edu/concern/publications/hx11xf25t,N,N,N
2018-05-31T15:00:00Z,"County Estimates: Pr. Tomatoes 2016-2017",ceptan18,https://www.nass.usda.gov/Quick_Stats/Lite/,Y,N,N
2018-05-31T15:00:00Z,"County Estimates: Sugarbeets 2016-2017",cesban18,https://www.nass.usda.gov/Quick_Stats/Lite/,Y,N,N
2018-05-31T15:00:00Z,"County Estimates: Sugarcane 2016-2017",cesgan18,https://www.nass.usda.gov/Quick_Stats/Lite/,Y,N,N
2018-06-01T15:00:00Z,"Cotton System",cact0618,https://usda.library.cornell.edu/concern/publications/ng451h506,N,N,N
2018-06-01T15:00:00Z,"Fats & Oils",cafo0618,https://usda.library.cornell.edu/concern/publications/mp48sc77c,N,N,N
2018-06-01T15:00:00Z,"Grain Crushings",cagc0618,https://usda.library.cornell.edu/concern/publications/n583xt96p,N,N,N
2018-06-01T15:00:00Z,"Peanut Prices",pnpr2218,https://usda.library.cornell.edu/concern/publications/5t34sj58c,N,N,N
2018-06-04T15:00:00Z,"Dairy Products",dary0618,https://usda.library.cornell.edu/concern/publications/m326m1757,N,N,N
2018-06-04T16:00:00Z,"Crop Progress",prog2318,https://usda.library.cornell.edu/concern/publications/8336h188j,N,N,N
2018-06-06T15:00:00Z,"Broiler Hatchery",brls2318,https://usda.library.cornell.edu/concern/publications/gm80hv35d,N,N,N
2018-06-08T15:00:00Z,"Peanut Prices",pnpr2318,https://usda.library.cornell.edu/concern/publications/5t34sj58c,N,N,N
2018-06-11T15:00:00Z,"County Estimates: Poultry 2016-2017",cepoan18,https://www.nass.usda.gov/Quick_Stats/Lite/,Y,N,N
2018-06-11T16:00:00Z,"Crop Progress",prog2418,https://usda.library.cornell.edu/concern/publications/8336h188j,N,N,N
2018-06-12T12:00:00Z,"Crop Production",crop0618,https://usda.library.cornell.edu/concern/publications/tm70mv177,N,N,N
2018-06-13T15:00:00Z,"Broiler Hatchery",brls2418,https://usda.library.cornell.edu/concern/publications/gm80hv35d,N,N,N
2018-06-14T15:00:00Z,"Potato Stocks",post0618,https://usda.library.cornell.edu/concern/publications/47429915b,N,N,N
2018-06-15T15:00:00Z,"Peanut Prices",pnpr2418,https://usda.library.cornell.edu/concern/publications/5t34sj58c,N,N,N
2018-06-15T15:00:00Z,"Turkey Hatchery",tkha0618,https://usda.library.cornell.edu/concern/publications/k643b117x,N,N,N
2018-06-18T16:00:00Z,"Crop Progress",prog2518,https://usda.library.cornell.edu/concern/publications/8336h188j,N,N,N
2018-06-19T15:00:00Z,"Milk Production",mkpr0618,https://usda.library.cornell.edu/concern/publications/h989r321c,N,N,N
2018-06-20T15:00:00Z,"Broiler Hatchery",brls2518,https://usda.library.cornell.edu/concern/publications/gm80hv35d,N,N,N
2018-06-21T15:00:00Z,"Livestock Slaughter",lstk0618,https://usda.library.cornell.edu/concern/publications/rx913p88g,N,N,N
2018-06-22T15:00:00Z,"Cattle on Feed",cofd0618,https://usda.library.cornell.edu/concern/publications/m326m174z,N,N,N
2018-06-22T15:00:00Z,"Chickens and Eggs",ckeg0618,https://usda.library.cornell.edu/concern/publications/fb494842n,N,N,N
2018-06-22T15:00:00Z,"Cold Storage",cost0618,https://usda.library.cornell.edu/concern/publications/pg15bd892,N,N,N
2018-06-22T15:00:00Z,"Peanut Prices",pnpr2518,https://usda.library.cornell.edu/concern/publications/5t34sj58c,N,N,N
2018-06-25T15:00:00Z,"Poultry Slaughter",psla0618,https://usda.library.cornell.edu/concern/publications/3197xm04j,N,N,N
2018-06-25T16:00:00Z,"Crop Progress",prog2618,https://usda.library.cornell.edu/concern/publications/8336h188j,N,N,N
2018-06-26T15:00:00Z,"Noncitrus Fruits and Nuts - Ann.",ncit0618,https://usda.library.cornell.edu/concern/publications/zs25x846c,N,N,N
2018-06-27T15:00:00Z,"Broiler Hatchery",brls2618,https://usda.library.cornell.edu/concern/publications/gm80hv35d,N,N,N
2018-06-28T15:00:00Z,"Agricultural Prices",agpr0618,https://usda.library.cornell.edu/concern/publications/c821gj76b,N,N,N
2018-06-28T15:00:00Z,"Egg Products",eggs0618,https://usda.library.cornell.edu/concern/publications/hx11xf25t,N,N,N
2018-06-28T15:00:00Z,"Hogs and Pigs",hgpg0618,https://usda.library.cornell.edu/concern/publications/rj430453j,N,N,N
2018-06-28T15:00:00Z,"Peanut Stocks and Processing",pnst0618,https://usda.library.cornell.edu/concern/publications/02870v87z,N,N,N
2018-06-29T12:00:00Z,"Acreage",acrg0618,https://usda.library.cornell.edu/concern/publications/j098zb09z,N,N,N
2018-06-29T12:00:00Z,"Grain Stocks",grst0618,https://usda.library.cornell.edu/concern/publications/xg94hp534,N,N,N
2018-06-29T12:00:00Z,"Peanut Prices",pnpr2618,https://usda.library.cornell.edu/concern/publications/5t34sj58c,N,N,N
2018-06-29T12:00:00Z,"Rice Stocks",rice0618,https://usda.library.cornell.edu/concern/publications/d791sg19j,N,N,N
2018-07-02T15:00:00Z,"Cotton System",cact0718,https://usda.library.cornell.edu/concern/publications/ng451h506,N,N,N
2018-07-02T15:00:00Z,"Fats & Oils",cafo0718,https://usda.library.cornell.edu/concern/publications/mp48sc77c,N,N,N
2018-07-02T15:00:00Z,"Grain Crushings",cagc0718,https://usda.library.cornell.edu/concern/publications/n583xt96p,N,N,N
2018-07-02T16:00:00Z,"Crop Progress",prog2718,https://usda.library.cornell.edu/concern/publications/8336h188j,N,N,N
2018-07-05T15:00:00Z,"Broiler Hatchery",brls2718,https://usda.library.cornell.edu/concern/publications/gm80hv35d,N,N,N
2018-07-05T15:00:00Z,"Dairy Products",dary0718,https://usda.library.cornell.edu/concern/publications/m326m1757,N,N,N
2018-07-06T15:00:00Z,"Peanut Prices",pnpr2718,https://usda.library.cornell.edu/concern/publications/5t34sj58c,N,N,N
2018-07-09T16:00:00Z,"Crop Progress",prog2818,https://usda.library.cornell.edu/concern/publications/8336h188j,N,N,N
2018-07-11T15:00:00Z,"Broiler Hatchery",brls2818,https://usda.library.cornell.edu/concern/publications/gm80hv35d,N,N,N
2018-07-12T12:00:00Z,"Crop Production",crop0718,https://usda.library.cornell.edu/concern/publications/tm70mv177,N,N,N
2018-07-13T15:00:00Z,"Peanut Prices",pnpr2818,https://usda.library.cornell.edu/concern/publications/5t34sj58c,N,N,N
2018-07-16T15:00:00Z,"Turkey Hatchery",tkha0718,https://usda.library.cornell.edu/concern/publications/k643b117x,N,N,N
2018-07-16T16:00:00Z,"Crop Progress",prog2918,https://usda.library.cornell.edu/concern/publications/8336h188j,N,N,N
2018-07-18T15:00:00Z,"Broiler Hatchery",brls2918,https://usda.library.cornell.edu/concern/publications/gm80hv35d,N,N,N
2018-07-19T15:00:00Z,"Livestock Slaughter",lstk0718,https://usda.library.cornell.edu/concern/publications/rx913p88g,N,N,N
2018-07-20T15:00:00Z,"Catfish Production",cfpd0718,https://usda.library.cornell.edu/concern/publications/bg257f046,N,N,N
2018-07-20T15:00:00Z,"Cattle",catl0718,https://usda.library.cornell.edu/concern/publications/h702q636h,N,N,N
2018-07-20T15:00:00Z,"Cattle on Feed",cofd0718,https://usda.library.cornell.edu/concern/publications/m326m174z,N,N,N
2018-07-20T15:00:00Z,"Milk Production",mkpr0718,https://usda.library.cornell.edu/concern/publications/h989r321c,N,N,N
2018-07-20T15:00:00Z,"Mink",mink0718,https://usda.library.cornell.edu/concern/publications/2227mp65f,N,N,N
2018-07-20T15:00:00Z,"Peanut Prices",pnpr2918,https://usda.library.cornell.edu/concern/publications/5t34sj58c,N,N,N
2018-07-23T15:00:00Z,"Chickens and Eggs",ckeg0718,https://usda.library.cornell.edu/concern/publications/fb494842n,N,N,N
2018-07-23T15:00:00Z,"Cold Storage",cost0718,https://usda.library.cornell.edu/concern/publications/pg15bd892,N,N,N
2018-07-23T16:00:00Z,"Crop Progress",prog3018,https://usda.library.cornell.edu/concern/publications/8336h188j,N,N,N
2018-07-25T15:00:00Z,"Broiler Hatchery",brls3018,https://usda.library.cornell.edu/concern/publications/gm80hv35d,N,N,N
2018-07-25T15:00:00Z,"Poultry Slaughter",psla0718,https://usda.library.cornell.edu/concern/publications/3197xm04j,N,N,N
2018-07-25T15:00:00Z,"Agricultural Chemical Usage - Fruits",agcf0718,https://www.nass.usda.gov/Surveys/Guide_to_NASS_Surveys/Chemical_Use,Y,N,N
2018-07-27T15:00:00Z,"Peanut Prices",pnpr3018,https://usda.library.cornell.edu/concern/publications/5t34sj58c,N,N,N
2018-07-27T15:00:00Z,"Peanut Stocks and Processing",pnst0718,https://usda.library.cornell.edu/concern/publications/02870v87z,N,N,N
2018-07-30T15:00:00Z,"Agricultural Prices",agpr0718,https://usda.library.cornell.edu/concern/publications/c821gj76b,N,N,N
2018-07-30T15:00:00Z,"Egg Products",eggs0718,https://usda.library.cornell.edu/concern/publications/hx11xf25t,N,N,N
2018-07-30T16:00:00Z,"Crop Progress",prog3118,https://usda.library.cornell.edu/concern/publications/8336h188j,N,N,N
2018-08-01T15:00:00Z,"Broiler Hatchery",brls3118,https://usda.library.cornell.edu/concern/publications/gm80hv35d,N,N,N
2018-08-01T15:00:00Z,"Cotton System",cact0818,https://usda.library.cornell.edu/concern/publications/ng451h506,N,N,N
2018-08-01T15:00:00Z,"Fats & Oils",cafo0818,https://usda.library.cornell.edu/concern/publications/mp48sc77c,N,N,N
2018-08-01T15:00:00Z,"Flour Milling",cafl0818,https://usda.library.cornell.edu/concern/publications/cr56n097m,N,N,N
2018-08-01T15:00:00Z,"Grain Crushings",cagc0818,https://usda.library.cornell.edu/concern/publications/n583xt96p,N,N,N
2018-08-01T15:00:00Z,"Honey Bee Colonies",hcny0818,https://usda.library.cornell.edu/concern/publications/rn301137d,N,N,N
2018-08-02T15:00:00Z,"Dairy Products",dary0818,https://usda.library.cornell.edu/concern/publications/m326m1757,N,N,N
2018-08-02T15:00:00Z,"Farm Production Expenditures",fpex0818,https://usda.library.cornell.edu/concern/publications/qz20ss48r,N,N,N
2018-08-02T15:00:00Z,"Land Values",land0818,https://usda.library.cornell.edu/concern/publications/pn89d6567,N,N,N
2018-08-02T15:00:00Z,"Cash Rents",rent0818,https://quickstats.nass.usda.gov/results/58B27A06-F574-315B-A854-9BF568F17652#7878272B-A9F3-3BC2-960D-5F03B7DF4826,Y,N,N
2018-08-03T15:00:00Z,"Peanut Prices",pnpr3118,https://usda.library.cornell.edu/concern/publications/5t34sj58c,N,N,N
2018-08-06T16:00:00Z,"Crop Progress",prog3218,https://usda.library.cornell.edu/concern/publications/8336h188j,N,N,N
2018-08-08T15:00:00Z,"Broiler Hatchery",brls3218,https://usda.library.cornell.edu/concern/publications/gm80hv35d,N,N,N
2018-08-10T12:00:00Z,"Cotton Ginnings",ctgn3218,https://usda.library.cornell.edu/concern/publications/q524jn76v,N,N,N
2018-08-10T12:00:00Z,"Crop Production",crop0818,https://usda.library.cornell.edu/concern/publications/tm70mv177,N,N,N
2018-08-10T15:00:00Z,"Peanut Prices",pnpr3218,https://usda.library.cornell.edu/concern/publications/5t34sj58c,N,N,N
2018-08-13T16:00:00Z,"Crop Progress",prog3318,https://usda.library.cornell.edu/concern/publications/8336h188j,N,N,N
2018-08-15T15:00:00Z,"Broiler Hatchery",brls3318,https://usda.library.cornell.edu/concern/publications/gm80hv35d,N,N,N
2018-08-15T15:00:00Z,"Turkey Hatchery",tkha0818,https://usda.library.cornell.edu/concern/publications/k643b117x,N,N,N
2018-08-17T15:00:00Z,"Peanut Prices",pnpr3318,https://usda.library.cornell.edu/concern/publications/5t34sj58c,N,N,N
2018-08-20T15:00:00Z,"Milk Production",mkpr0818,https://usda.library.cornell.edu/concern/publications/h989r321c,N,N,N
2018-08-20T15:00:00Z,"County Estimates: Hogs 2016-2017",cehgan18,https://www.nass.usda.gov/Quick_Stats/Lite/,Y,N,N
2018-08-20T16:00:00Z,"Crop Progress",prog3418,https://usda.library.cornell.edu/concern/publications/8336h188j,N,N,N
2018-08-21T15:00:00Z,"Chickens and Eggs",ckeg0818,https://usda.library.cornell.edu/concern/publications/fb494842n,N,N,N
2018-08-21T15:00:00Z,"Mushrooms",mush0818,https://usda.library.cornell.edu/concern/publications/r781wg03d,N,N,N
2018-08-22T15:00:00Z,"Broiler Hatchery",brls3418,https://usda.library.cornell.edu/concern/publications/gm80hv35d,N,N,N
2018-08-22T15:00:00Z,"Cold Storage",cost0818,https://usda.library.cornell.edu/concern/publications/pg15bd892,N,N,N
2018-08-23T15:00:00Z,"Livestock Slaughter",lstk0818,https://usda.library.cornell.edu/concern/publications/rx913p88g,N,N,N
2018-08-24T12:00:00Z,"Rice Stocks",rice0818,https://usda.library.cornell.edu/concern/publications/d791sg19j,N,N,N
2018-08-24T15:00:00Z,"Cattle on Feed",cofd0818,https://usda.library.cornell.edu/concern/publications/m326m174z,N,N,N
2018-08-24T15:00:00Z,"Peanut Prices",pnpr3418,https://usda.library.cornell.edu/concern/publications/5t34sj58c,N,N,N
2018-08-24T15:00:00Z,"Poultry Slaughter",psla0818,https://usda.library.cornell.edu/concern/publications/3197xm04j,N,N,N
2018-08-27T16:00:00Z,"Crop Progress",prog3518,https://usda.library.cornell.edu/concern/publications/8336h188j,N,N,N
2018-08-28T15:00:00Z,"Citrus Fruits",cfrt0818,https://usda.library.cornell.edu/concern/publications/j9602060k,N,N,N
2018-08-28T15:00:00Z,"U.S. and Canadian Cattle",uscc0818,https://usda.library.cornell.edu/concern/publications/474299142,N,N,N
2018-08-28T15:00:00Z,"U.S. and Canadian Hogs",usch0818,https://usda.library.cornell.edu/concern/publications/7h149p85x,N,N,N
2018-08-28T15:00:00Z,"Vegetables",vege0818,https://usda.library.cornell.edu/concern/publications/sj139192w,N,N,N
2018-08-29T15:00:00Z,"Agricultural Prices",agpr0818,https://usda.library.cornell.edu/concern/publications/c821gj76b,N,N,N
2018-08-29T15:00:00Z,"Broiler Hatchery",brls3518,https://usda.library.cornell.edu/concern/publications/gm80hv35d,N,N,N
2018-08-30T12:00:00Z,"Peanut Stocks and Processing",pnst0818,https://usda.library.cornell.edu/concern/publications/02870v87z,N,N,N
2018-08-31T12:00:00Z,"Egg Products",eggs0818,https://usda.library.cornell.edu/concern/publications/hx11xf25t,N,N,N
2018-08-31T12:00:00Z,"Peanut Prices",pnpr3518,https://usda.library.cornell.edu/concern/publications/5t34sj58c,N,N,N
2018-09-04T15:00:00Z,"Cotton System",cact0918,https://usda.library.cornell.edu/concern/publications/ng451h506,N,N,N
2018-09-04T15:00:00Z,"Fats & Oils",cafo0918,https://usda.library.cornell.edu/concern/publications/mp48sc77c,N,N,N
2018-09-04T15:00:00Z,"Grain Crushings",cagc0918,https://usda.library.cornell.edu/concern/publications/n583xt96p,N,N,N
2018-09-04T16:00:00Z,"Crop Progress",prog3618,https://usda.library.cornell.edu/concern/publications/8336h188j,N,N,N
2018-09-05T15:00:00Z,"Dairy Products",dary0918,https://usda.library.cornell.edu/concern/publications/m326m1757,N,N,N
2018-09-06T15:00:00Z,"Broiler Hatchery",brls3618,https://usda.library.cornell.edu/concern/publications/gm80hv35d,N,N,N
2018-09-07T15:00:00Z,"Peanut Prices",pnpr3618,https://usda.library.cornell.edu/concern/publications/5t34sj58c,N,N,N
2018-09-11T12:00:00Z,"Crop Progress",prog3718,https://usda.library.cornell.edu/concern/publications/8336h188j,N,N,N
2018-09-12T12:00:00Z,"Cotton Ginnings",ctgn3718,https://usda.library.cornell.edu/concern/publications/q524jn76v,N,N,N
2018-09-12T12:00:00Z,"Crop Production",crop0918,https://usda.library.cornell.edu/concern/publications/tm70mv177,N,N,N
2018-09-12T15:00:00Z,"Broiler Hatchery",brls3718,https://usda.library.cornell.edu/concern/publications/gm80hv35d,N,N,N
2018-09-13T15:00:00Z,"Livestock Historical Track Records",lvstan18,https://usda.library.cornell.edu/concern/publications/4b29b598d,N,N,N
2018-09-13T15:00:00Z,"Potatoes",pots0918,https://usda.library.cornell.edu/concern/publications/fx719m44h,N,N,N
2018-09-14T15:00:00Z,"Peanut Prices",pnpr3718,https://usda.library.cornell.edu/concern/publications/5t34sj58c,N,N,N
2018-09-17T15:00:00Z,"Turkey Hatchery",tkha0918,https://usda.library.cornell.edu/concern/publications/k643b117x,N,N,N
2018-09-17T16:00:00Z,"Crop Progress",prog3818,https://usda.library.cornell.edu/concern/publications/8336h188j,N,N,N
2018-09-19T15:00:00Z,"Broiler Hatchery",brls3818,https://usda.library.cornell.edu/concern/publications/gm80hv35d,N,N,N
2018-09-19T15:00:00Z,"Hop Stocks",hops0918,https://usda.library.cornell.edu/concern/publications/sb397825r,N,N,N
2018-09-19T15:00:00Z,"Milk Production",mkpr0918,https://usda.library.cornell.edu/concern/publications/h989r321c,N,N,N
2018-09-20T15:00:00Z,"Livestock Slaughter",lstk0918,https://usda.library.cornell.edu/concern/publications/rx913p88g,N,N,N
2018-09-21T15:00:00Z,"Cattle on Feed",cofd0918,https://usda.library.cornell.edu/concern/publications/m326m174z,N,N,N
2018-09-21T15:00:00Z,"Chickens and Eggs",ckeg0918,https://usda.library.cornell.edu/concern/publications/fb494842n,N,N,N
2018-09-21T15:00:00Z,"Peanut Prices",pnpr3818,https://usda.library.cornell.edu/concern/publications/5t34sj58c,N,N,N
2018-09-24T15:00:00Z,"Cold Storage",cost0918,https://usda.library.cornell.edu/concern/publications/pg15bd892,N,N,N
2018-09-24T16:00:00Z,"Crop Progress",prog3918,https://usda.library.cornell.edu/concern/publications/8336h188j,N,N,N
2018-09-25T12:00:00Z,"Cotton Ginnings",ctgn3918,https://usda.library.cornell.edu/concern/publications/q524jn76v,N,N,N
2018-09-25T15:00:00Z,"Poultry Slaughter",psla0918,https://usda.library.cornell.edu/concern/publications/3197xm04j,N,N,N
2018-09-26T15:00:00Z,"Broiler Hatchery",brls3918,https://usda.library.cornell.edu/concern/publications/gm80hv35d,N,N,N
2018-09-27T15:00:00Z,"Agricultural Prices",agpr0918,https://usda.library.cornell.edu/concern/publications/c821gj76b,N,N,N
2018-09-27T15:00:00Z,"Hogs and Pigs",hgpg0918,https://usda.library.cornell.edu/concern/publications/rj430453j,N,N,N
2018-09-27T15:00:00Z,"Peanut Stocks and Processing",pnst0918,https://usda.library.cornell.edu/concern/publications/02870v87z,N,N,N
2018-09-28T12:00:00Z,"Grain Stocks",grst0918,https://usda.library.cornell.edu/concern/publications/xg94hp534,N,N,N
2018-09-28T12:00:00Z,"Small Grains Summary",smgr0918,https://usda.library.cornell.edu/concern/publications/5t34sj573,N,N,N
2018-09-28T15:00:00Z,"Egg Products",eggs0918,https://usda.library.cornell.edu/concern/publications/hx11xf25t,N,N,N
2018-09-28T15:00:00Z,"Peanut Prices",pnpr3918,https://usda.library.cornell.edu/concern/publications/5t34sj58c,N,N,N
2018-09-28T15:00:00Z,"Turkeys Raised",tuky0918,https://usda.library.cornell.edu/concern/publications/0g354f23n,N,N,N
2018-10-01T15:00:00Z,"Cotton System",cact1018,https://usda.library.cornell.edu/concern/publications/ng451h506,N,N,N
2018-10-01T15:00:00Z,"Fats & Oils",cafo1018,https://usda.library.cornell.edu/concern/publications/mp48sc77c,N,N,N
2018-10-01T15:00:00Z,"Grain Crushings",cagc1018,https://usda.library.cornell.edu/concern/publications/n583xt96p,N,N,N
2018-10-01T16:00:00Z,"Crop Progress",prog4018,https://usda.library.cornell.edu/concern/publications/8336h188j,N,N,N
2018-10-03T15:00:00Z,"Broiler Hatchery",brls4018,https://usda.library.cornell.edu/concern/publications/gm80hv35d,N,N,N
2018-10-04T15:00:00Z,"Dairy Products",dary1018,https://usda.library.cornell.edu/concern/publications/m326m1757,N,N,N
2018-10-04T15:00:00Z,"County Estimates: Potatoes 2016-2017",ceptan18,https://www.nass.usda.gov/Quick_Stats/Lite/,Y,N,N
2018-10-05T12:00:00Z,"Peanut Prices",pnpr4018,https://usda.library.cornell.edu/concern/publications/5t34sj58c,N,N,N
2018-10-09T16:00:00Z,"Crop Progress",prog4118,https://usda.library.cornell.edu/concern/publications/8336h188j,N,N,N
2018-10-10T15:00:00Z,"Broiler Hatchery",brls4118,https://usda.library.cornell.edu/concern/publications/gm80hv35d,N,N,N
2018-10-11T12:00:00Z,"Cotton Ginnings",ctgn4118,https://usda.library.cornell.edu/concern/publications/q524jn76v,N,N,N
2018-10-11T12:00:00Z,"Crop Production",crop1018,https://usda.library.cornell.edu/concern/publications/tm70mv177,N,N,N
2018-10-12T15:00:00Z,"Peanut Prices",pnpr4118,https://usda.library.cornell.edu/concern/publications/5t34sj58c,N,N,N
2018-10-15T16:00:00Z,"Crop Progress",prog4218,https://usda.library.cornell.edu/concern/publications/8336h188j,N,N,N
2018-10-16T15:00:00Z,"Turkey Hatchery",tkha1018,https://usda.library.cornell.edu/concern/publications/k643b117x,N,N,N
2018-10-17T15:00:00Z,"Broiler Hatchery",brls4218,https://usda.library.cornell.edu/concern/publications/gm80hv35d,N,N,N
2018-10-19T15:00:00Z,"Cattle on Feed",cofd1018,https://usda.library.cornell.edu/concern/publications/m326m174z,N,N,N
2018-10-19T15:00:00Z,"Milk Production",mkpr1018,https://usda.library.cornell.edu/concern/publications/h989r321c,N,N,N
2018-10-19T15:00:00Z,"Peanut Prices",pnpr4218,https://usda.library.cornell.edu/concern/publications/5t34sj58c,N,N,N
2018-10-22T15:00:00Z,"Chickens and Eggs",ckeg1018,https://usda.library.cornell.edu/concern/publications/fb494842n,N,N,N
2018-10-22T15:00:00Z,"Cold Storage",cost1018,https://usda.library.cornell.edu/concern/publications/pg15bd892,N,N,N
2018-10-22T16:00:00Z,"Crop Progress",prog4318,https://usda.library.cornell.edu/concern/publications/8336h188j,N,N,N
2018-10-23T12:00:00Z,"Cotton Ginnings",ctgn4318,https://usda.library.cornell.edu/concern/publications/q524jn76v,N,N,N
2018-10-24T15:00:00Z,"Broiler Hatchery",brls4318,https://usda.library.cornell.edu/concern/publications/gm80hv35d,N,N,N
2018-10-25T15:00:00Z,"Livestock Slaughter",lstk1018,https://usda.library.cornell.edu/concern/publications/rx913p88g,N,N,N
2018-10-25T15:00:00Z,"Poultry Slaughter",psla1018,https://usda.library.cornell.edu/concern/publications/3197xm04j,N,N,N
2018-10-26T12:00:00Z,"Rice Stocks",rice1018,https://usda.library.cornell.edu/concern/publications/d791sg19j,N,N,N
2018-10-26T15:00:00Z,"Peanut Prices",pnpr4318,https://usda.library.cornell.edu/concern/publications/5t34sj58c,N,N,N
2018-10-29T16:00:00Z,"Crop Progress",prog4418,https://usda.library.cornell.edu/concern/publications/8336h188j,N,N,N
2018-10-30T15:00:00Z,"Agricultural Prices",agpr1018,https://usda.library.cornell.edu/concern/publications/c821gj76b,N,N,N
2018-10-30T15:00:00Z,"Egg Products",eggs1018,https://usda.library.cornell.edu/concern/publications/hx11xf25t,N,N,N
2018-10-30T15:00:00Z,"Peanut Stocks and Processing",pnst1018,https://usda.library.cornell.edu/concern/publications/02870v87z,N,N,N
2018-10-31T15:00:00Z,"Broiler Hatchery",brls4418,https://usda.library.cornell.edu/concern/publications/gm80hv35d,N,N,N
2018-11-01T15:00:00Z,"Cotton System",cact1118,https://usda.library.cornell.edu/concern/publications/ng451h506,N,N,N
2018-11-01T15:00:00Z,"Dairy Products",dary1118,https://usda.library.cornell.edu/concern/publications/m326m1757,N,N,N
2018-11-01T15:00:00Z,"Fats & Oils",cafo1118,https://usda.library.cornell.edu/concern/publications/mp48sc77c,N,N,N
2018-11-01T15:00:00Z,"Flour Milling",cafl1118,https://usda.library.cornell.edu/concern/publications/cr56n097m,N,N,N
2018-11-01T15:00:00Z,"Grain Crushings",cagc1118,https://usda.library.cornell.edu/concern/publications/n583xt96p,N,N,N
2018-11-02T15:00:00Z,"Peanut Prices",pnpr4418,https://usda.library.cornell.edu/concern/publications/5t34sj58c,N,N,N
2018-11-05T16:00:00Z,"Crop Progress",prog4518,https://usda.library.cornell.edu/concern/publications/8336h188j,N,N,N
2018-11-07T15:00:00Z,"Broiler Hatchery",brls4518,https://usda.library.cornell.edu/concern/publications/gm80hv35d,N,N,N
2018-11-08T12:00:00Z,"Cotton Ginnings",ctgn4518,https://usda.library.cornell.edu/concern/publications/q524jn76v,N,N,N
2018-11-08T12:00:00Z,"Crop Production",crop1118,https://usda.library.cornell.edu/concern/publications/tm70mv177,N,N,N
2018-11-09T12:00:00Z,"Peanut Prices",pnpr4518,https://usda.library.cornell.edu/concern/publications/5t34sj58c,N,N,N
2018-11-13T16:00:00Z,"Crop Progress",prog4618,https://usda.library.cornell.edu/concern/publications/8336h188j,N,N,N
2018-11-14T15:00:00Z,"Broiler Hatchery",brls4618,https://usda.library.cornell.edu/concern/publications/gm80hv35d,N,N,N
2018-11-15T15:00:00Z,"Farm Labor",fmla1118,https://usda.library.cornell.edu/concern/publications/x920fw89s,N,N,N
2018-11-16T15:00:00Z,"Peanut Prices",pnpr4618,https://usda.library.cornell.edu/concern/publications/5t34sj58c,N,N,N
2018-11-16T15:00:00Z,"Turkey Hatchery",tkha1118,https://usda.library.cornell.edu/concern/publications/k643b117x,N,N,N
2018-11-19T15:00:00Z,"Milk Production",mkpr1118,https://usda.library.cornell.edu/concern/publications/h989r321c,N,N,N
2018-11-19T16:00:00Z,"Crop Progress",prog4718,https://usda.library.cornell.edu/concern/publications/8336h188j,N,N,N
2018-11-20T15:00:00Z,"Chickens and Eggs",ckeg1118,https://usda.library.cornell.edu/concern/publications/fb494842n,N,N,N
2018-11-21T12:00:00Z,"Broiler Hatchery",brls4718,https://usda.library.cornell.edu/concern/publications/gm80hv35d,N,N,N
2018-11-21T12:00:00Z,"Cattle on Feed",cofd1118,https://usda.library.cornell.edu/concern/publications/m326m174z,N,N,N
2018-11-21T12:00:00Z,"Cold Storage",cost1118,https://usda.library.cornell.edu/concern/publications/pg15bd892,N,N,N
2018-11-21T12:00:00Z,"Livestock Slaughter",lstk1118,https://usda.library.cornell.edu/concern/publications/rx913p88g,N,N,N
2018-11-23T12:00:00Z,"Cotton Ginnings",ctgn4718,https://usda.library.cornell.edu/concern/publications/q524jn76v,N,N,N
2018-11-23T15:00:00Z,"Peanut Prices",pnpr4718,https://usda.library.cornell.edu/concern/publications/5t34sj58c,N,N,N
2018-11-26T15:00:00Z,"Poultry Slaughter",psla1118,https://usda.library.cornell.edu/concern/publications/3197xm04j,N,N,N
2018-11-26T16:00:00Z,"Crop Progress",prog4818,https://usda.library.cornell.edu/concern/publications/8336h188j,N,N,N
2018-11-28T15:00:00Z,"Broiler Hatchery",brls4818,https://usda.library.cornell.edu/concern/publications/gm80hv35d,N,N,N
2018-11-28T15:00:00Z,"Peanut Stocks and Processing",pnst1118,https://usda.library.cornell.edu/concern/publications/02870v87z,N,N,N
2018-11-29T15:00:00Z,"Agricultural Prices",agpr1118,https://usda.library.cornell.edu/concern/publications/c821gj76b,N,N,N
2018-11-29T15:00:00Z,"Egg Products",eggs1118,https://usda.library.cornell.edu/concern/publications/hx11xf25t,N,N,N
2018-11-30T15:00:00Z,"Peanut Prices",pnpr4818,https://usda.library.cornell.edu/concern/publications/5t34sj58c,N,N,N
2018-12-03T15:00:00Z,"Cotton System",cact1218,https://usda.library.cornell.edu/concern/publications/ng451h506,N,N,N
2018-12-03T15:00:00Z,"Fats & Oils",cafo1218,https://usda.library.cornell.edu/concern/publications/mp48sc77c,N,N,N
2018-12-03T15:00:00Z,"Grain Crushings",cagc1218,https://usda.library.cornell.edu/concern/publications/n583xt96p,N,N,N
2018-12-04T15:00:00Z,"Dairy Products",dary1218,https://usda.library.cornell.edu/concern/publications/m326m1757,N,N,N
2018-12-06T15:00:00Z,"Broiler Hatchery",brls4918,https://usda.library.cornell.edu/concern/publications/gm80hv35d,N,N,N
2018-12-07T15:00:00Z,"Peanut Prices",pnpr4918,https://usda.library.cornell.edu/concern/publications/5t34sj58c,N,N,N
2018-12-11T12:00:00Z,"Cotton Ginnings",ctgn5018,https://usda.library.cornell.edu/concern/publications/q524jn76v,N,N,N
2018-12-11T12:00:00Z,"Crop Production",crop1218,https://usda.library.cornell.edu/concern/publications/tm70mv177,N,N,N
2018-12-12T15:00:00Z,"Broiler Hatchery",brls5018,https://usda.library.cornell.edu/concern/publications/gm80hv35d,N,N,N
2018-12-13T15:00:00Z,"County Estimates: Barley 2017-2018",cebran18,https://www.nass.usda.gov/Quick_Stats/Lite/,Y,N,N
2018-12-13T15:00:00Z,"County Estimates: Durum Wheat 2017-2018",cedwan18,https://www.nass.usda.gov/Quick_Stats/Lite/,Y,N,N
2018-12-13T15:00:00Z,"County Estimates: Oats 2017-2018",ceotan18,https://www.nass.usda.gov/Quick_Stats/Lite/,Y,N,N
2018-12-13T15:00:00Z,"County Estimates: Spring Wheat 2017-2018",ceswan18,https://www.nass.usda.gov/Quick_Stats/Lite/,Y,N,N
2018-12-13T15:00:00Z,"County Estimates: Winter Wheat 2017-2018",cewwan18,https://www.nass.usda.gov/Quick_Stats/Lite/,Y,N,N
2018-12-14T15:00:00Z,"Peanut Prices",pnpr5018,https://usda.library.cornell.edu/concern/publications/5t34sj58c,N,N,N
2018-12-14T15:00:00Z,"Turkey Hatchery",tkha1218,https://usda.library.cornell.edu/concern/publications/k643b117x,N,N,N
2018-12-19T15:00:00Z,"Broiler Hatchery",brls5118,https://usda.library.cornell.edu/concern/publications/gm80hv35d,N,N,N
2018-12-19T15:00:00Z,"Milk Production",mkpr1218,https://usda.library.cornell.edu/concern/publications/h989r321c,N,N,N
2018-12-19T15:00:00Z,"National Hop Report",hopsan18,https://usda.library.cornell.edu/concern/publications/s7526c41m,N,N,N
2018-12-19T15:00:00Z,"Potato Stocks",post1218,https://usda.library.cornell.edu/concern/publications/47429915b,N,N,N
2018-12-20T15:00:00Z,"Cattle on Feed",cofd1218,https://usda.library.cornell.edu/concern/publications/m326m174z,N,N,N
2018-12-20T15:00:00Z,"Hogs and Pigs",hgpg1218,https://usda.library.cornell.edu/concern/publications/rj430453j,N,N,N
2018-12-20T15:00:00Z,"Livestock Slaughter",lstk1218,https://usda.library.cornell.edu/concern/publications/rx913p88g,N,N,N
2018-12-20T15:00:00Z,"North American Potatoes",uscp1218,https://usda.library.cornell.edu/concern/publications/4m90dv511,N,N,N
2018-12-21T12:00:00Z,"Chickens and Eggs",ckeg1218,https://usda.library.cornell.edu/concern/publications/fb494842n,N,N,N
2018-12-21T12:00:00Z,"Cold Storage",cost1218,https://usda.library.cornell.edu/concern/publications/pg15bd892,N,N,N
2018-12-21T12:00:00Z,"Cotton Ginnings",ctgn5118,https://usda.library.cornell.edu/concern/publications/q524jn76v,N,N,N
2018-12-21T12:00:00Z,"Peanut Prices",pnpr5118,https://usda.library.cornell.edu/concern/publications/5t34sj58c,N,N,N
2018-12-26T15:00:00Z,"Poultry Slaughter",psla1218,https://usda.library.cornell.edu/concern/publications/3197xm04j,N,N,N
2018-12-27T15:00:00Z,"Agricultural Prices",agpr1218,https://usda.library.cornell.edu/concern/publications/c821gj76b,N,N,N
2018-12-27T15:00:00Z,"Broiler Hatchery",brls5218,https://usda.library.cornell.edu/concern/publications/gm80hv35d,N,N,N
2018-12-28T12:00:00Z,"Egg Products",eggs1218,https://usda.library.cornell.edu/concern/publications/hx11xf25t,N,N,N
2018-12-28T12:00:00Z,"Peanut Prices",pnpr5218,https://usda.library.cornell.edu/concern/publications/5t34sj58c,N,N,N
2018-12-28T12:00:00Z,"Peanut Stocks and Processing",pnst1218,https://usda.library.cornell.edu/concern/publications/02870v87z,N,N,N
2018-12-28T15:00:00Z,"Citrus Fruits Final Estimates",citrsb18,https://usda.library.cornell.edu/concern/publications/5712m653d,N,N,N
2018-12-28T15:00:00Z,"Field Crops Final Estimates",fldcsb18,https://usda.library.cornell.edu/concern/publications/6w924b82f,N,N,N
2018-12-28T15:00:00Z,"Noncitrus Fruits and Nuts Final Estimates",fnutsb18,https://usda.library.cornell.edu/concern/publications/f1881k89j,N,N,N
2018-12-28T15:00:00Z,"Rice Stocks Final Estimates",ricesb18,https://usda.library.cornell.edu/concern/publications/8g84mm241,N,N,N
2018-12-28T15:00:00Z,"Stocks of Grain, Oilseeds, & Hay Final Estimates",gstksb18,https://usda.library.cornell.edu/concern/publications/sb3978261,N,N,N
2018-12-28T15:00:00Z,"Vegetables Final Estimates",vegesb18,https://usda.library.cornell.edu/concern/publications/2227mp66q,N,N,N
2018-01-01T00:00:00Z,"HOLIDAY", , ,N,N,N
2018-01-15T00:00:00Z,"HOLIDAY", , ,N,N,N
2018-02-19T00:00:00Z,"HOLIDAY", , ,N,N,N
2018-05-28T00:00:00Z,"HOLIDAY", , ,N,N,N
2018-07-04T00:00:00Z,"HOLIDAY", , ,N,N,N
2018-09-03T00:00:00Z,"HOLIDAY", , ,N,N,N
2018-10-08T00:00:00Z,"HOLIDAY", , ,N,N,N
2018-11-12T00:00:00Z,"HOLIDAY", , ,N,N,N
2018-11-22T00:00:00Z,"HOLIDAY", , ,N,N,N
2018-12-25T00:00:00Z,"HOLIDAY", , ,N,N,N
2019-01-03T12:00:00Z,"State Stories",stwe0119,https://usda.library.cornell.edu/concern/publications/fq977t77k,N,N,N
2019-01-03T15:00:00Z,"Broiler Hatchery",brls0119,https://usda.library.cornell.edu/concern/publications/gm80hv35d,N,N,N
2019-01-04T15:00:00Z,"Peanut Prices",pnpr0119,https://usda.library.cornell.edu/concern/publications/5t34sj58c,Y,N,N
2019-01-09T15:00:00Z,"Broiler Hatchery",brls0219,https://usda.library.cornell.edu/concern/publications/gm80hv35d,N,N,N
2019-01-11T12:00:00Z,"Cotton Ginnings",ctgn0219,https://usda.library.cornell.edu/concern/publications/q524jn76v,N,N,Y
2019-01-11T12:00:00Z,"Crop Production",crop0119,https://usda.library.cornell.edu/concern/publications/tm70mv177,N,N,Y
2019-01-11T15:00:00Z,"Peanut Prices",pnpr0219,https://usda.library.cornell.edu/concern/publications/5t34sj58c,N,N,N
2019-01-16T15:00:00Z,"Broiler Hatchery",brls0319,https://usda.library.cornell.edu/concern/publications/gm80hv35d,N,N,N
2019-01-18T15:00:00Z,"Peanut Prices",pnpr0319,https://usda.library.cornell.edu/concern/publications/5t34sj58c,N,N,N
2019-01-22T15:00:00Z,"Chickens and Eggs",ckeg0119,https://usda.library.cornell.edu/concern/publications/fb494842n,N,N,N
2019-01-23T12:00:00Z,"Cotton Ginnings",ctgn0419,https://usda.library.cornell.edu/concern/publications/q524jn76v,N,N,N
2019-01-23T15:00:00Z,"Broiler Hatchery",brls0419,https://usda.library.cornell.edu/concern/publications/gm80hv35d,N,N,N
2019-01-25T15:00:00Z,"Peanut Prices",pnpr0419,https://usda.library.cornell.edu/concern/publications/5t34sj58c,N,N,N
2019-01-29T12:00:00Z,"State Stories",stwe0519,https://usda.library.cornell.edu/concern/publications/fq977t77k,N,N,N
2019-01-29T15:00:00Z,"Peanut Stocks and Processing",pnst0119,https://usda.library.cornell.edu/concern/publications/02870v87z,N,N,N
2019-01-31T15:00:00Z,"Agricultural Prices",agpr0119,https://usda.library.cornell.edu/concern/publications/c821gj76b,N,N,N
2019-02-01T15:00:00Z,"Peanut Prices",pnpr0519,https://usda.library.cornell.edu/concern/publications/5t34sj58c,N,N,N
2019-02-01T15:00:00Z,"Peanut Stocks and Processing",pnst0219,https://usda.library.cornell.edu/concern/publications/02870v87z,N,N,N
2019-02-01T15:00:00Z,"Poultry Slaughter",psla0219,https://www.nass.usda.gov/Quick_Stats/Lite/,Y,N,N
2019-02-04T15:00:00Z,"Cotton System",cact0219,https://usda.library.cornell.edu/concern/publications/ng451h506,N,N,N
2019-02-04T15:00:00Z,"Dairy Products",dary0219,https://usda.library.cornell.edu/concern/publications/m326m1757,N,N,N
2019-02-04T15:00:00Z,"Fats & Oils",cafo0219,https://usda.library.cornell.edu/concern/publications/mp48sc77c,N,N,N
2019-02-04T15:00:00Z,"Grain Crushings",cagc0219,https://usda.library.cornell.edu/concern/publications/n583xt96p,N,N,N
2019-02-05T15:00:00Z,"Egg Products",eggs0219,https://usda.library.cornell.edu/concern/publications/hx11xf25t,N,N,N
2019-02-06T15:00:00Z,"Field Crops Final Estimates",fldcsb19,https://www.nass.usda.gov/Quick_Stats/Lite/,Y,N,N
2019-02-06T15:00:00Z,"Rice Stocks Final Estimates",ricesb19,https://www.nass.usda.gov/Quick_Stats/Lite/,Y,N,N
2019-02-06T15:00:00Z,"Stocks of Grain, Oilseeds, & Hay Final Estimates",gstksb19,https://www.nass.usda.gov/Quick_Stats/Lite/,Y,N,N
2019-02-08T12:00:00Z,"Cotton Ginnings",ctgn0619,https://usda.library.cornell.edu/concern/publications/q524jn76v,N,N,Y
2019-02-08T12:00:00Z,"Crop Production",crop0219,https://usda.library.cornell.edu/concern/publications/tm70mv177,N,N,Y
2019-02-08T12:00:00Z,"Crop Production - Ann.",cropan19,https://usda.library.cornell.edu/concern/publications/k3569432s,N,N,Y
2019-02-08T12:00:00Z,"Grain Stocks",grst0219,https://usda.library.cornell.edu/concern/publications/xg94hp534,N,N,Y
2019-02-08T12:00:00Z,"Rice Stocks",rice0219,https://usda.library.cornell.edu/concern/publications/d791sg19j,N,N,Y
2019-02-08T12:00:00Z,"Winter Wheat/Canola Seedings",wtrc0219,https://usda.library.cornell.edu/concern/publications/z890rt24s,N,N,N
2019-02-08T15:00:00Z,"Broiler Hatchery",brls0619,https://usda.library.cornell.edu/concern/publications/gm80hv35d,N,N,N
2019-02-08T15:00:00Z,"Peanut Prices",pnpr0619,https://usda.library.cornell.edu/concern/publications/5t34sj58c,N,N,N
2019-02-08T15:00:00Z,"Broiler Hatchery",brls0619,https://www.nass.usda.gov/Quick_Stats/Lite/,Y,N,N
2019-02-12T15:00:00Z,"Egg Products",eggs0219,https://usda.library.cornell.edu/concern/publications/hx11xf25t,N,N,N
2019-02-13T15:00:00Z,"Broiler Hatchery",brls0719,https://usda.library.cornell.edu/concern/publications/gm80hv35d,N,N,N
2019-02-14T15:00:00Z,"Potato Stocks",post0219,https://usda.library.cornell.edu/concern/publications/47429915b,N,N,N
2019-02-14T15:00:00Z,"Turkey Hatchery",tkha0219,https://usda.library.cornell.edu/concern/publications/k643b117x,N,N,N
2019-02-15T15:00:00Z,"Peanut Prices",pnpr0719,https://usda.library.cornell.edu/concern/publications/5t34sj58c,N,N,N
2019-02-15T15:00:00Z,"Poultry Slaughter",psla0219,https://usda.library.cornell.edu/concern/publications/3197xm04j,N,N,N
2019-02-15T15:00:00Z,"Turkey Hatchery",tkha0219,https://usda.library.cornell.edu/concern/publications/k643b117x,N,N,N
2019-02-20T15:00:00Z,"Agricultural Prices",agpr0219,https://usda.library.cornell.edu/concern/publications/c821gj76b,N,N,N
2019-02-20T15:00:00Z,"Broiler Hatchery",brls0819,https://usda.library.cornell.edu/concern/publications/gm80hv35d,N,N,N
2019-02-20T15:00:00Z,"Milk Production",mkpr0219,https://usda.library.cornell.edu/concern/publications/h989r321c,N,N,N
2019-02-21T15:00:00Z,"Vegetables Final Estimates",vegesb19,https://quickstats.nass.usda.gov/,Y,N,N
2019-02-22T15:00:00Z,"Cattle on Feed",cofd0219,https://usda.library.cornell.edu/concern/publications/m326m174z,N,N,Y
2019-02-22T15:00:00Z,"Cotton System",cact0219,https://usda.library.cornell.edu/concern/publications/ng451h506,N,N,N
2019-02-22T15:00:00Z,"Fats & Oils",cafo0219,https://usda.library.cornell.edu/concern/publications/mp48sc77c,N,N,N
2019-02-22T15:00:00Z,"Grain Crushings",cagc0219,https://usda.library.cornell.edu/concern/publications/n583xt96p,N,N,N
2019-02-22T15:00:00Z,"Peanut Prices",pnpr0819,https://usda.library.cornell.edu/concern/publications/5t34sj58c,N,N,N
2019-02-22T15:00:00Z,"Cold Storage",cost0219,https://quickstats.nass.usda.gov/91F301B3-B01B-38A6-9890-B9C707724DEE?long_desc__LIKE=cold+storage,Y,N,N
2019-02-26T12:00:00Z,"State Stories",stwe0919,https://usda.library.cornell.edu/concern/publications/fq977t77k,N,N,N
2019-02-26T15:00:00Z,"Chickens and Eggs",ckeg0219,https://usda.library.cornell.edu/concern/publications/fb494842n,N,N,N
2019-02-27T15:00:00Z,"Broiler Hatchery",brls0919,https://usda.library.cornell.edu/concern/publications/gm80hv35d,N,N,N
2019-02-27T15:00:00Z,"Egg Products",eggs0219,https://usda.library.cornell.edu/concern/publications/hx11xf25t,N,N,N
2019-02-27T15:00:00Z,"Livestock Slaughter",lstk0219,https://usda.library.cornell.edu/concern/publications/rx913p88g,N,N,N
2019-02-28T15:00:00Z,"Agricultural Prices",agpr0219,https://usda.library.cornell.edu/concern/publications/c821gj76b,N,N,Y
2019-02-28T15:00:00Z,"Cattle",catl0219,https://usda.library.cornell.edu/concern/publications/h702q636h,N,N,Y
2019-02-28T15:00:00Z,"Dairy Products",dary0219,https://usda.library.cornell.edu/concern/publications/m326m1757,N,N,N
2019-02-28T15:00:00Z,"Sheep and Goats",shep0219,https://usda.library.cornell.edu/concern/publications/000000018,N,N,N
2019-03-01T15:00:00Z,"Cotton System",cact0319,https://usda.library.cornell.edu/concern/publications/ng451h506,N,N,N
2019-03-01T15:00:00Z,"Fats & Oils",cafo0319,https://usda.library.cornell.edu/concern/publications/mp48sc77c,N,N,N
2019-03-01T15:00:00Z,"Flour Milling",cafl0319,https://usda.library.cornell.edu/concern/publications/cr56n097m,N,N,N
2019-03-01T15:00:00Z,"Grain Crushings",cagc0319,https://usda.library.cornell.edu/concern/publications/n583xt96p,N,N,N
2019-03-01T15:00:00Z,"Peanut Prices",pnpr0919,https://usda.library.cornell.edu/concern/publications/5t34sj58c,N,N,N
2019-03-04T15:00:00Z,"Livestock Slaughter",lstk0319,https://usda.library.cornell.edu/concern/publications/rx913p88g,N,N,N
2019-03-05T15:00:00Z,"Hogs and Pigs Final Est",hgpgsb19,https://usda.library.cornell.edu/concern/publications/jd472w45t,N,N,N
2019-03-06T15:00:00Z,"Broiler Hatchery",brls1019,https://usda.library.cornell.edu/concern/publications/gm80hv35d,N,N,N
2019-03-06T15:00:00Z,"Peanut Stocks and Processing",pnst0319,https://usda.library.cornell.edu/concern/publications/02870v87z,N,N,N
2019-03-07T15:00:00Z,"Cold Storage",cost0319,https://usda.library.cornell.edu/concern/publications/pg15bd892,N,N,N
2019-03-08T12:00:00Z,"Cotton Ginnings",ctgn1019,https://usda.library.cornell.edu/concern/publications/q524jn76v,N,N,Y
2019-03-08T12:00:00Z,"Crop Production",crop0319,https://usda.library.cornell.edu/concern/publications/tm70mv177,N,N,Y
2019-03-08T15:00:00Z,"Cattle on Feed",cofd0319,https://usda.library.cornell.edu/concern/publications/m326m174z,N,N,Y
2019-03-08T15:00:00Z,"Peanut Prices",pnpr1019,https://usda.library.cornell.edu/concern/publications/5t34sj58c,N,N,N
2019-03-12T15:00:00Z,"Milk Production",mkpr0319,https://usda.library.cornell.edu/concern/publications/h989r321c,N,N,N
2019-03-12T15:00:00Z,"Citrus Fruits Final Estimates",citrsb19,https://www.nass.usda.gov/Quick_Stats/Lite/,Y,N,N
2019-03-12T15:00:00Z,"Noncitrus Fruits and Nuts Final Estimates",fnutsb19,https://www.nass.usda.gov/Quick_Stats/Lite/,Y,N,N
2019-03-12T15:00:00Z,"Potatoes & Sweet Potatoes Final Est",potssb19,https://www.nass.usda.gov/Quick_Stats/Lite/,Y,N,N
2019-03-13T15:00:00Z,"Broiler Hatchery",brls1119,https://usda.library.cornell.edu/concern/publications/gm80hv35d,N,N,N
2019-03-13T15:00:00Z,"U.S. and Canadian Cattle and Sheep",uscc0319,https://usda.library.cornell.edu/concern/publications/474299142,N,N,N
2019-03-13T15:00:00Z,"U.S. and Canadian Hogs",usch0319,https://usda.library.cornell.edu/concern/publications/7h149p85x,N,N,N
2019-03-14T15:00:00Z,"Dairy Products",dary0319,https://usda.library.cornell.edu/concern/publications/m326m1757,N,N,N
2019-03-14T15:00:00Z,"Hop Stocks",hops0319,https://usda.library.cornell.edu/concern/publications/sb397825r,N,N,N
2019-03-14T15:00:00Z,"Pecan Production",pecnpr19,https://usda.library.cornell.edu/concern/publications/5425kg32f,N,N,N
2019-03-14T15:00:00Z,"Price Reactions After USDA Livestock Reports",prrlan19,https://usda.library.cornell.edu/concern/publications/z316q156s,N,N,N
2019-03-14T15:00:00Z,"Price Reactions after USDA Crop Reports",prrcan19,https://usda.library.cornell.edu/concern/publications/ms35t861q,N,N,N
2019-03-14T15:00:00Z,"Turkey Hatchery",tkha0319,https://usda.library.cornell.edu/concern/publications/k643b117x,N,N,N
2019-03-15T15:00:00Z,"Cotton System - Ann.",cactan19,https://usda.library.cornell.edu/concern/publications/kp78gg381,N,N,N
2019-03-15T15:00:00Z,"Fats & Oils - Ann.",cafoan19,https://usda.library.cornell.edu/concern/publications/b5644r54d,N,N,N
2019-03-15T15:00:00Z,"Grain Crushings - Ann.",cagcan19,https://usda.library.cornell.edu/concern/publications/v979v304g,N,N,N
2019-03-15T15:00:00Z,"Peanut Prices",pnpr1119,https://usda.library.cornell.edu/concern/publications/5t34sj58c,N,N,N
2019-03-15T15:00:00Z,"Poultry Slaughter",psla0319,https://usda.library.cornell.edu/concern/publications/3197xm04j,N,N,N
2019-03-19T15:00:00Z,"Milk Production",mkpr0319,https://usda.library.cornell.edu/concern/publications/h989r321c,N,N,N
2019-03-19T15:00:00Z,"North American Potatoes",uscp0319,https://usda.library.cornell.edu/concern/publications/4m90dv511,N,N,N
2019-03-20T15:00:00Z,"Broiler Hatchery",brls1219,https://usda.library.cornell.edu/concern/publications/gm80hv35d,N,N,N
2019-03-21T15:00:00Z,"Livestock Slaughter",lstk0319,https://usda.library.cornell.edu/concern/publications/rx913p88g,N,N,N
2019-03-21T15:00:00Z,"Vegetables - Ann.",vegean19,https://usda.library.cornell.edu/concern/publications/02870v86p,N,N,N
2019-03-21T15:00:00Z,"County Estimates: Corn, Soybeans, Sunflowers, Sorghum",cecnan19,https://www.nass.usda.gov/Quick_Stats/Lite/,Y,N,N
2019-03-22T15:00:00Z,"Cattle on Feed",cofd0319,https://usda.library.cornell.edu/concern/publications/m326m174z,N,N,Y
2019-03-22T15:00:00Z,"Cold Storage",cost0319,https://usda.library.cornell.edu/concern/publications/pg15bd892,N,N,N
2019-03-22T15:00:00Z,"Peanut Prices",pnpr1219,https://usda.library.cornell.edu/concern/publications/5t34sj58c,N,N,N
2019-03-26T12:00:00Z,"State Stories",stwe1319,https://usda.library.cornell.edu/concern/publications/fq977t77k,N,N,N
2019-03-26T15:00:00Z,"Chickens and Eggs - Ann.",ckegan19,https://usda.library.cornell.edu/concern/publications/1v53jw96n,N,N,N
2019-03-27T15:00:00Z,"Broiler Hatchery",brls1319,https://usda.library.cornell.edu/concern/publications/gm80hv35d,N,N,N
2019-03-27T15:00:00Z,"Chickens and Eggs",ckeg0319,https://usda.library.cornell.edu/concern/publications/fb494842n,N,N,N
2019-03-27T15:00:00Z,"Peanut Stocks and Processing",pnst0319,https://usda.library.cornell.edu/concern/publications/02870v87z,N,N,N
2019-03-28T15:00:00Z,"Agricultural Prices",agpr0319,https://usda.library.cornell.edu/concern/publications/c821gj76b,N,N,Y
2019-03-28T15:00:00Z,"Egg Products",eggs0319,https://usda.library.cornell.edu/concern/publications/hx11xf25t,N,N,N
2019-03-28T15:00:00Z,"Hogs and Pigs",hgpg0319,https://usda.library.cornell.edu/concern/publications/rj430453j,N,N,Y
2019-03-29T12:00:00Z,"Grain Stocks",grst0319,https://usda.library.cornell.edu/concern/publications/xg94hp534,N,N,Y
2019-03-29T12:00:00Z,"Prospective Plantings",pspl0319,https://usda.library.cornell.edu/concern/publications/x633f100h,N,N,Y
2019-03-29T12:00:00Z,"Rice Stocks",rice0319,https://usda.library.cornell.edu/concern/publications/d791sg19j,N,N,Y
2019-03-29T15:00:00Z,"Peanut Prices",pnpr1319,https://usda.library.cornell.edu/concern/publications/5t34sj58c,N,N,N
2019-04-01T15:00:00Z,"Cotton System",cact0419,https://usda.library.cornell.edu/concern/publications/ng451h506,N,N,N
2019-04-01T15:00:00Z,"Fats & Oils",cafo0419,https://usda.library.cornell.edu/concern/publications/mp48sc77c,N,N,N
2019-04-01T15:00:00Z,"Grain Crushings",cagc0419,https://usda.library.cornell.edu/concern/publications/n583xt96p,N,N,N
2019-04-01T15:00:00Z,"Poultry Slaughter - Ann.",pslaan19,https://usda.library.cornell.edu/concern/publications/pg15bd88s,N,N,N
2019-04-01T16:00:00Z,"Crop Progress",prog1419,https://usda.library.cornell.edu/concern/publications/8336h188j,N,N,N
2019-04-02T15:00:00Z,"Catfish Production",cfpd0419,https://usda.library.cornell.edu/concern/publications/bg257f046,N,N,N
2019-04-02T15:00:00Z,"Cold Storage - Ann.",costan19,https://usda.library.cornell.edu/concern/publications/sb397824g,N,N,N
2019-04-03T15:00:00Z,"Broiler Hatchery",brls1419,https://usda.library.cornell.edu/concern/publications/gm80hv35d,N,N,N
2019-04-03T15:00:00Z,"Dairy Products",dary0419,https://usda.library.cornell.edu/concern/publications/m326m1757,N,N,N
2019-04-04T15:00:00Z,"North American Grain and Oilseed Crushings",cairus19,https://usda.library.cornell.edu/concern/publications/ks65hk36z,N,N,N
2019-04-04T15:00:00Z,"County Estimates: All Rice & Flaxseed",cerian19,https://www.nass.usda.gov/Quick_Stats/Lite/,Y,N,N
2019-04-05T15:00:00Z,"Peanut Prices",pnpr1419,https://usda.library.cornell.edu/concern/publications/5t34sj58c,N,N,N
2019-04-05T15:00:00Z,"Crop Values Final Est",crpvsb19,https://www.nass.usda.gov/Quick_Stats/Lite/,Y,N,N
2019-04-08T15:00:00Z,"Poultry Slaughter",psla0419,https://usda.library.cornell.edu/concern/publications/3197xm04j,N,N,N
2019-04-08T16:00:00Z,"Crop Progress",prog1519,https://usda.library.cornell.edu/concern/publications/8336h188j,N,N,N
2019-04-09T12:00:00Z,"Crop Production",crop0419,https://usda.library.cornell.edu/concern/publications/tm70mv177,N,N,Y
2019-04-10T15:00:00Z,"Broiler Hatchery",brls1519,https://usda.library.cornell.edu/concern/publications/gm80hv35d,N,N,N
2019-04-11T12:00:00Z,"2017 Census of Agriculture",cen ag19,https://www.nass.usda.gov/AgCensus/,N,N,N
2019-04-12T15:00:00Z,"Crop Values",cpvl0419,https://usda.library.cornell.edu/concern/publications/k35694332,N,N,N
2019-04-12T15:00:00Z,"Peanut Prices",pnpr1519,https://usda.library.cornell.edu/concern/publications/5t34sj58c,N,N,N
2019-04-15T16:00:00Z,"Crop Progress",prog1619,https://usda.library.cornell.edu/concern/publications/8336h188j,N,N,N
2019-04-16T15:00:00Z,"Potato Stocks",post0419,https://usda.library.cornell.edu/concern/publications/47429915b,N,N,N
2019-04-16T15:00:00Z,"Trout Production",trpr0419,https://usda.library.cornell.edu/concern/publications/t722h882h,N,N,N
2019-04-16T15:00:00Z,"Turkey Hatchery",tkha0419,https://usda.library.cornell.edu/concern/publications/k643b117x,N,N,N
2019-04-17T15:00:00Z,"Broiler Hatchery",brls1619,https://usda.library.cornell.edu/concern/publications/gm80hv35d,N,N,N
2019-04-18T15:00:00Z,"Cattle on Feed",cofd0419,https://usda.library.cornell.edu/concern/publications/m326m174z,N,N,Y
2019-04-18T15:00:00Z,"Farms and Land in Farms",fnlo0419,https://usda.library.cornell.edu/concern/publications/5712m6524,N,N,N
2019-04-18T15:00:00Z,"Farms and Land in Farms Final Est",farmsb19,https://usda.library.cornell.edu/concern/publications/m326m172d,N,N,N
2019-04-18T15:00:00Z,"Peanut Prices",pnpr1619,https://usda.library.cornell.edu/concern/publications/5t34sj58c,N,N,N
2019-04-18T15:00:00Z,"County Estimates: Hay",ceahan19,https://www.nass.usda.gov/Quick_Stats/Lite/,Y,N,N
2019-04-22T15:00:00Z,"Chickens and Eggs",ckeg0419,https://usda.library.cornell.edu/concern/publications/fb494842n,N,N,N
2019-04-22T15:00:00Z,"Cold Storage",cost0419,https://usda.library.cornell.edu/concern/publications/pg15bd892,N,N,N
2019-04-22T15:00:00Z,"Milk Production",mkpr0419,https://usda.library.cornell.edu/concern/publications/h989r321c,N,N,N
2019-04-22T16:00:00Z,"Crop Progress",prog1719,https://usda.library.cornell.edu/concern/publications/8336h188j,N,N,N
2019-04-24T15:00:00Z,"Broiler Hatchery",brls1719,https://usda.library.cornell.edu/concern/publications/gm80hv35d,N,N,N
2019-04-24T15:00:00Z,"Livestock Slaughter - Ann.",lsslan19,https://usda.library.cornell.edu/concern/publications/r207tp32d,N,N,N
2019-04-24T15:00:00Z,"Poultry Slaughter",psla0419,https://usda.library.cornell.edu/concern/publications/3197xm04j,N,N,N
2019-04-25T15:00:00Z,"Crop Production Historical Track Records",croptr19,https://usda.library.cornell.edu/concern/publications/c534fn92g,N,N,N
2019-04-25T15:00:00Z,"Livestock Slaughter",lstk0419,https://usda.library.cornell.edu/concern/publications/rx913p88g,N,N,N
2019-04-25T15:00:00Z,"County Estimates: Dry Beans & Tobacco",cedban19,https://www.nass.usda.gov/Quick_Stats/Lite/,Y,N,N
2019-04-26T15:00:00Z,"Peanut Prices",pnpr1719,https://usda.library.cornell.edu/concern/publications/5t34sj58c,N,N,N
2019-04-29T15:00:00Z,"Egg Products",eggs0419,https://usda.library.cornell.edu/concern/publications/hx11xf25t,N,N,N
2019-04-29T15:00:00Z,"Peanut Stocks and Processing",pnst0419,https://usda.library.cornell.edu/concern/publications/02870v87z,N,N,N
2019-04-29T16:00:00Z,"Crop Progress",prog1819,https://usda.library.cornell.edu/concern/publications/8336h188j,N,N,N
2019-04-30T15:00:00Z,"Agricultural Prices",agpr0419,https://usda.library.cornell.edu/concern/publications/c821gj76b,N,N,Y
2019-05-01T15:00:00Z,"Broiler Hatchery",brls1819,https://usda.library.cornell.edu/concern/publications/gm80hv35d,N,N,N
2019-05-01T15:00:00Z,"Cotton System",cact0519,https://usda.library.cornell.edu/concern/publications/ng451h506,N,N,N
2019-05-01T15:00:00Z,"Fats & Oils",cafo0519,https://usda.library.cornell.edu/concern/publications/mp48sc77c,N,N,N
2019-05-01T15:00:00Z,"Flour Milling",cafl0519,https://usda.library.cornell.edu/concern/publications/cr56n097m,N,N,N
2019-05-01T15:00:00Z,"Flour Milling - Ann.",caflan19,https://usda.library.cornell.edu/concern/publications/ws859f64s,N,N,N
2019-05-01T15:00:00Z,"Grain Crushings",cagc0519,https://usda.library.cornell.edu/concern/publications/n583xt96p,N,N,N
2019-05-02T15:00:00Z,"Dairy Products",dary0519,https://usda.library.cornell.edu/concern/publications/m326m1757,N,N,N
2019-05-03T15:00:00Z,"Peanut Prices",pnpr1819,https://usda.library.cornell.edu/concern/publications/5t34sj58c,N,N,N
2019-05-06T16:00:00Z,"Crop Progress",prog1919,https://usda.library.cornell.edu/concern/publications/8336h188j,N,N,N
2019-05-07T15:00:00Z,"Hatchery Production - Ann.",htpdan19,https://usda.library.cornell.edu/concern/publications/9306sz28s,N,N,N
2019-05-08T15:00:00Z,"Broiler Hatchery",brls1919,https://usda.library.cornell.edu/concern/publications/gm80hv35d,N,N,N
2019-05-09T15:00:00Z,"Cattle Final Est",catlsb19,https://usda.library.cornell.edu/concern/publications/sq87bt648,N,N,N
2019-05-09T15:00:00Z,"Dairy Products - Ann.",daryan19,https://usda.library.cornell.edu/concern/publications/jm214p131,N,N,N
2019-05-09T15:00:00Z,"Milk Cows and Production Final Est",mcprsb19,https://usda.library.cornell.edu/concern/publications/cz30ps66x,N,N,N
2019-05-09T15:00:00Z,"Sheep and Goats Final Est",shgtsb19,https://usda.library.cornell.edu/concern/publications/6d56zw601,N,N,N
2019-05-09T15:00:00Z,"County Estimates: Peanuts",cepnal19,https://www.nass.usda.gov/Quick_Stats/Lite/,Y,N,N
2019-05-10T12:00:00Z,"Cotton Ginnings - Ann.",ctgnan19,https://usda.library.cornell.edu/concern/publications/6108vb275,N,N,N
2019-05-10T12:00:00Z,"Crop Production",crop0519,https://usda.library.cornell.edu/concern/publications/tm70mv177,N,N,Y
2019-05-10T15:00:00Z,"Peanut Prices",pnpr1919,https://usda.library.cornell.edu/concern/publications/5t34sj58c,N,N,N
2019-05-10T15:00:00Z,"Agricultural Chemical Usage - Field Crops",agcufc19,https://www.nass.usda.gov/Surveys/Guide_to_NASS_Surveys/Chemical_Use,Y,N,N
2019-05-10T15:00:00Z,"County Estimates: Cotton",cectan19,https://www.nass.usda.gov/Quick_Stats/Lite/,Y,N,N
2019-05-13T16:00:00Z,"Crop Progress",prog2019,https://usda.library.cornell.edu/concern/publications/8336h188j,N,N,N
2019-05-15T15:00:00Z,"Broiler Hatchery",brls2019,https://usda.library.cornell.edu/concern/publications/gm80hv35d,N,N,N
2019-05-15T15:00:00Z,"Turkey Hatchery",tkha0519,https://usda.library.cornell.edu/concern/publications/k643b117x,N,N,N
2019-05-16T15:00:00Z,"Honey",hony0519,https://usda.library.cornell.edu/concern/publications/hd76s004z,N,N,N
2019-05-17T15:00:00Z,"Peanut Prices",pnpr2019,https://usda.library.cornell.edu/concern/publications/5t34sj58c,N,N,N
2019-05-20T15:00:00Z,"Milk Production",mkpr0519,https://usda.library.cornell.edu/concern/publications/h989r321c,N,N,N
2019-05-20T16:00:00Z,"Crop Progress",prog2119,https://usda.library.cornell.edu/concern/publications/8336h188j,N,N,N
2019-05-21T15:00:00Z,"Chickens and Eggs",ckeg0519,https://usda.library.cornell.edu/concern/publications/fb494842n,N,N,N
2019-05-21T15:00:00Z,"North American Flour Milling Products Summary",cairus19,https://usda.library.cornell.edu/concern/publications/n87100088,N,N,N
2019-05-22T15:00:00Z,"Broiler Hatchery",brls2119,https://usda.library.cornell.edu/concern/publications/gm80hv35d,N,N,N
2019-05-22T15:00:00Z,"Cold Storage",cost0519,https://usda.library.cornell.edu/concern/publications/pg15bd892,N,N,N
2019-05-23T15:00:00Z,"Floriculture Crops",floran19,https://usda.library.cornell.edu/concern/publications/0p0966899,N,N,N
2019-05-23T15:00:00Z,"Livestock Slaughter",lstk0519,https://usda.library.cornell.edu/concern/publications/rx913p88g,N,N,N
2019-05-23T15:00:00Z,"Poultry - Production and Value",plva0519,https://usda.library.cornell.edu/concern/publications/m039k491c,N,N,N
2019-05-24T15:00:00Z,"Cattle on Feed",cofd0519,https://usda.library.cornell.edu/concern/publications/m326m174z,N,N,Y
2019-05-24T15:00:00Z,"Peanut Prices",pnpr2119,https://usda.library.cornell.edu/concern/publications/5t34sj58c,N,N,N
2019-05-24T15:00:00Z,"Poultry Slaughter",psla0519,https://usda.library.cornell.edu/concern/publications/3197xm04j,N,N,N
2019-05-28T16:00:00Z,"Crop Progress",prog2219,https://usda.library.cornell.edu/concern/publications/8336h188j,N,N,N
2019-05-29T15:00:00Z,"Broiler Hatchery",brls2219,https://usda.library.cornell.edu/concern/publications/gm80hv35d,N,N,N
2019-05-29T15:00:00Z,"Peanut Stocks and Processing",pnst0519,https://usda.library.cornell.edu/concern/publications/02870v87z,N,N,N
2019-05-30T15:00:00Z,"Farm Labor",fmla0519,https://usda.library.cornell.edu/concern/publications/x920fw89s,N,N,N
2019-05-30T15:00:00Z,"Meat Animals - PDI",meatan19,https://usda.library.cornell.edu/concern/publications/02870v85d,N,N,N
2019-05-30T15:00:00Z,"Meat Animals PDI Final Est",meatsb19,https://usda.library.cornell.edu/concern/publications/k930bx04x,N,N,N
2019-05-30T15:00:00Z,"Milk - PDI",mlkpdi19,https://usda.library.cornell.edu/concern/publications/4b29b5974,N,N,N
2019-05-30T15:00:00Z,"Milk PDI - Final Est",milksb19,https://usda.library.cornell.edu/concern/publications/dz010q056,N,N,N
2019-05-30T15:00:00Z,"County Estimates: Sugarbeets & Sugarcane",cesban19,https://www.nass.usda.gov/Quick_Stats/Lite/,Y,N,N
2019-05-31T15:00:00Z,"Agricultural Prices",agpr0519,https://usda.library.cornell.edu/concern/publications/c821gj76b,N,N,Y
2019-05-31T15:00:00Z,"Egg Products",eggs0519,https://usda.library.cornell.edu/concern/publications/hx11xf25t,N,N,N
2019-05-31T15:00:00Z,"Peanut Prices",pnpr2219,https://usda.library.cornell.edu/concern/publications/5t34sj58c,N,N,N
2019-06-03T15:00:00Z,"Cotton System",cact0619,https://usda.library.cornell.edu/concern/publications/ng451h506,N,N,N
2019-06-03T15:00:00Z,"Fats & Oils",cafo0619,https://usda.library.cornell.edu/concern/publications/mp48sc77c,N,N,N
2019-06-03T15:00:00Z,"Grain Crushings",cagc0619,https://usda.library.cornell.edu/concern/publications/n583xt96p,N,N,N
2019-06-03T16:00:00Z,"Crop Progress",prog2319,https://usda.library.cornell.edu/concern/publications/8336h188j,N,N,N
2019-06-04T15:00:00Z,"Dairy Products",dary0619,https://usda.library.cornell.edu/concern/publications/m326m1757,N,N,N
2019-06-05T15:00:00Z,"Broiler Hatchery",brls2319,https://usda.library.cornell.edu/concern/publications/gm80hv35d,N,N,N
2019-06-07T15:00:00Z,"Peanut Prices",pnpr2319,https://usda.library.cornell.edu/concern/publications/5t34sj58c,N,N,N
2019-06-10T16:00:00Z,"Crop Progress",prog2419,https://usda.library.cornell.edu/concern/publications/8336h188j,N,N,N
2019-06-11T12:00:00Z,"Crop Production",crop0619,https://usda.library.cornell.edu/concern/publications/tm70mv177,N,N,Y
2019-06-12T15:00:00Z,"Broiler Hatchery",brls2419,https://usda.library.cornell.edu/concern/publications/gm80hv35d,N,N,N
2019-06-13T15:00:00Z,"Potato Stocks",post0619,https://usda.library.cornell.edu/concern/publications/47429915b,N,N,N
2019-06-13T15:00:00Z,"County Estimates: Cattle & Sheep",cectan19,https://www.nass.usda.gov/Quick_Stats/Lite/,Y,N,N
2019-06-14T15:00:00Z,"Peanut Prices",pnpr2419,https://usda.library.cornell.edu/concern/publications/5t34sj58c,N,N,N
2019-06-14T15:00:00Z,"Turkey Hatchery",tkha0619,https://usda.library.cornell.edu/concern/publications/k643b117x,N,N,N
2019-06-17T16:00:00Z,"Crop Progress",prog2519,https://usda.library.cornell.edu/concern/publications/8336h188j,N,N,N
2019-06-18T15:00:00Z,"Milk Production",mkpr0619,https://usda.library.cornell.edu/concern/publications/h989r321c,N,N,N
2019-06-18T15:00:00Z,"Noncitrus Fruits and Nuts - Ann.",ncit0619,https://usda.library.cornell.edu/concern/publications/zs25x846c,N,N,N
2019-06-19T15:00:00Z,"Agricultural Land Values Final Est",landsb19,https://usda.library.cornell.edu/concern/publications/5425k968s,N,N,N
2019-06-19T15:00:00Z,"Broiler Hatchery",brls2519,https://usda.library.cornell.edu/concern/publications/gm80hv35d,N,N,N
2019-06-20T15:00:00Z,"Livestock Slaughter",lstk0619,https://usda.library.cornell.edu/concern/publications/rx913p88g,N,N,N
2019-06-21T15:00:00Z,"Cattle on Feed",cofd0619,https://usda.library.cornell.edu/concern/publications/m326m174z,N,N,Y
2019-06-21T15:00:00Z,"Chickens and Eggs",ckeg0619,https://usda.library.cornell.edu/concern/publications/fb494842n,N,N,N
2019-06-21T15:00:00Z,"Cold Storage",cost0619,https://usda.library.cornell.edu/concern/publications/pg15bd892,N,N,N
2019-06-21T15:00:00Z,"Peanut Prices",pnpr2519,https://usda.library.cornell.edu/concern/publications/5t34sj58c,N,N,N
2019-06-24T15:00:00Z,"Poultry Slaughter",psla0619,https://usda.library.cornell.edu/concern/publications/3197xm04j,N,N,N
2019-06-24T16:00:00Z,"Crop Progress",prog2619,https://usda.library.cornell.edu/concern/publications/8336h188j,N,N,N
2019-06-25T15:00:00Z,"Chickens and Eggs Final Est",chegsb19,https://usda.library.cornell.edu/concern/publications/8623hx75j,N,N,N
2019-06-25T15:00:00Z,"Honey Final Est",honeys19,https://usda.library.cornell.edu/concern/publications/fq977t78v,N,N,N
2019-06-25T15:00:00Z,"Poultry Production and Value Final Est",ppdvsb19,https://usda.library.cornell.edu/concern/publications/df65v786z,N,N,N
2019-06-26T12:00:00Z,"Census: Congressional District Rankings",cenrnk19,https://www.nass.usda.gov/AgCensus/,N,Y,N
2019-06-26T15:00:00Z,"Broiler Hatchery",brls2619,https://usda.library.cornell.edu/concern/publications/gm80hv35d,N,N,N
2019-06-27T15:00:00Z,"Agricultural Prices",agpr0619,https://usda.library.cornell.edu/concern/publications/c821gj76b,N,N,Y
2019-06-27T15:00:00Z,"Egg Products",eggs0619,https://usda.library.cornell.edu/concern/publications/hx11xf25t,N,N,N
2019-06-27T15:00:00Z,"Hogs and Pigs",hgpg0619,https://usda.library.cornell.edu/concern/publications/rj430453j,N,N,Y
2019-06-27T15:00:00Z,"Peanut Stocks and Processing",pnst0619,https://usda.library.cornell.edu/concern/publications/02870v87z,N,N,N
2019-06-28T12:00:00Z,"Acreage",acrg0619,https://usda.library.cornell.edu/concern/publications/j098zb09z,N,N,Y
2019-06-28T12:00:00Z,"Grain Stocks",grst0619,https://usda.library.cornell.edu/concern/publications/xg94hp534,N,N,Y
2019-06-28T12:00:00Z,"Rice Stocks",rice0619,https://usda.library.cornell.edu/concern/publications/d791sg19j,N,N,N
2019-06-28T15:00:00Z,"Peanut Prices",pnpr2619,https://usda.library.cornell.edu/concern/publications/5t34sj58c,N,N,N
2019-07-01T15:00:00Z,"Cotton System",cact0719,https://usda.library.cornell.edu/concern/publications/ng451h506,N,N,N
2019-07-01T15:00:00Z,"Fats & Oils",cafo0719,https://usda.library.cornell.edu/concern/publications/mp48sc77c,N,N,N
2019-07-01T15:00:00Z,"Grain Crushings",cagc0719,https://usda.library.cornell.edu/concern/publications/n583xt96p,N,N,N
2019-07-01T16:00:00Z,"Crop Progress",prog2719,https://usda.library.cornell.edu/concern/publications/8336h188j,N,N,N
2019-07-03T15:00:00Z,"Broiler Hatchery",brls2719,https://usda.library.cornell.edu/concern/publications/gm80hv35d,N,N,N
2019-07-03T15:00:00Z,"Dairy Products",dary0719,https://usda.library.cornell.edu/concern/publications/m326m1757,N,N,N
2019-07-05T15:00:00Z,"Peanut Prices",pnpr2719,https://usda.library.cornell.edu/concern/publications/5t34sj58c,N,N,N
2019-07-08T16:00:00Z,"Crop Progress",prog2819,https://usda.library.cornell.edu/concern/publications/8336h188j,N,N,N
2019-07-10T15:00:00Z,"Broiler Hatchery",brls2819,https://usda.library.cornell.edu/concern/publications/gm80hv35d,N,N,N
2019-07-11T12:00:00Z,"Crop Production",crop0719,https://usda.library.cornell.edu/concern/publications/tm70mv177,N,N,Y
2019-07-12T15:00:00Z,"Peanut Prices",pnpr2819,https://usda.library.cornell.edu/concern/publications/5t34sj58c,N,N,N
2019-07-15T15:00:00Z,"Turkey Hatchery",tkha0719,https://usda.library.cornell.edu/concern/publications/k643b117x,N,N,N
2019-07-15T16:00:00Z,"Crop Progress",prog2919,https://usda.library.cornell.edu/concern/publications/8336h188j,N,N,N
2019-07-17T15:00:00Z,"Broiler Hatchery",brls2919,https://usda.library.cornell.edu/concern/publications/gm80hv35d,N,N,N
2019-07-19T15:00:00Z,"Cattle",catl0719,https://usda.library.cornell.edu/concern/publications/h702q636h,N,N,Y
2019-07-19T15:00:00Z,"Cattle on Feed",cofd0719,https://usda.library.cornell.edu/concern/publications/m326m174z,N,N,Y
2019-07-19T15:00:00Z,"Peanut Prices",pnpr2919,https://usda.library.cornell.edu/concern/publications/5t34sj58c,N,N,N
2019-07-22T15:00:00Z,"Cold Storage",cost0719,https://usda.library.cornell.edu/concern/publications/pg15bd892,N,N,N
2019-07-22T15:00:00Z,"Milk Production",mkpr0719,https://usda.library.cornell.edu/concern/publications/h989r321c,N,N,N
2019-07-22T16:00:00Z,"Crop Progress",prog3019,https://usda.library.cornell.edu/concern/publications/8336h188j,N,N,N
2019-07-23T15:00:00Z,"Catfish Production",cfpd0719,https://usda.library.cornell.edu/concern/publications/bg257f046,N,N,N
2019-07-23T15:00:00Z,"Chickens and Eggs",ckeg0719,https://usda.library.cornell.edu/concern/publications/fb494842n,N,N,N
2019-07-23T15:00:00Z,"Mink",mink0719,https://usda.library.cornell.edu/concern/publications/2227mp65f,N,N,N
2019-07-24T15:00:00Z,"Broiler Hatchery",brls3019,https://usda.library.cornell.edu/concern/publications/gm80hv35d,N,N,N
2019-07-24T15:00:00Z,"Poultry Slaughter",psla0719,https://usda.library.cornell.edu/concern/publications/3197xm04j,N,N,N
2019-07-24T15:00:00Z,"Agricultural Chemical Usage - Vegetables",agcv0719,https://www.nass.usda.gov/Surveys/Guide_to_NASS_Surveys/Chemical_Use,Y,N,N
2019-07-25T12:00:00Z,"Census: Watersheds",cenorg19,https://www.nass.usda.gov/AgCensus/,N,Y,N
2019-07-25T15:00:00Z,"Livestock Slaughter",lstk0719,https://usda.library.cornell.edu/concern/publications/rx913p88g,N,N,N
2019-07-26T15:00:00Z,"Peanut Prices",pnpr3019,https://usda.library.cornell.edu/concern/publications/5t34sj58c,N,N,N
2019-07-26T15:00:00Z,"County Estimates: Poultry",cepoan19,https://www.nass.usda.gov/Quick_Stats/Lite/,Y,N,N
2019-07-29T15:00:00Z,"Peanut Stocks and Processing",pnst0719,https://usda.library.cornell.edu/concern/publications/02870v87z,N,N,N
2019-07-29T16:00:00Z,"Crop Progress",prog3119,https://usda.library.cornell.edu/concern/publications/8336h188j,N,N,N
2019-07-31T15:00:00Z,"Agricultural Prices",agpr0719,https://usda.library.cornell.edu/concern/publications/c821gj76b,N,N,Y
2019-07-31T15:00:00Z,"Broiler Hatchery",brls3119,https://usda.library.cornell.edu/concern/publications/gm80hv35d,N,N,N
2019-07-31T15:00:00Z,"Egg Products",eggs0719,https://usda.library.cornell.edu/concern/publications/hx11xf25t,N,N,N
2019-08-01T15:00:00Z,"Cotton System",cact0819,https://usda.library.cornell.edu/concern/publications/ng451h506,N,N,N
2019-08-01T15:00:00Z,"Dairy Products",dary0819,https://usda.library.cornell.edu/concern/publications/m326m1757,N,N,N
2019-08-01T15:00:00Z,"Fats & Oils",cafo0819,https://usda.library.cornell.edu/concern/publications/mp48sc77c,N,N,N
2019-08-01T15:00:00Z,"Flour Milling",cafl0819,https://usda.library.cornell.edu/concern/publications/cr56n097m,N,N,N
2019-08-01T15:00:00Z,"Grain Crushings",cagc0819,https://usda.library.cornell.edu/concern/publications/n583xt96p,N,N,N
2019-08-01T15:00:00Z,"Honey Bee Colonies",hcny0819,https://usda.library.cornell.edu/concern/publications/rn301137d,N,N,N
2019-08-02T15:00:00Z,"Farm Production Expenditures",fpex0819,https://usda.library.cornell.edu/concern/publications/qz20ss48r,N,N,N
2019-08-02T15:00:00Z,"Peanut Prices",pnpr3119,https://usda.library.cornell.edu/concern/publications/5t34sj58c,N,N,N
2019-08-05T16:00:00Z,"Crop Progress",prog3219,https://usda.library.cornell.edu/concern/publications/8336h188j,N,N,N
2019-08-06T15:00:00Z,"Land Values",land0819,https://usda.library.cornell.edu/concern/publications/pn89d6567,N,N,N
2019-08-06T15:00:00Z,"Cash Rents",rent0819,https://quickstats.nass.usda.gov/results/58B27A06-F574-315B-A854-9BF568F17652#7878272B-A9F3-3BC2-960D-5F03B7DF4826,Y,N,N
2019-08-07T15:00:00Z,"Broiler Hatchery",brls3219,https://usda.library.cornell.edu/concern/publications/gm80hv35d,N,N,N
2019-08-09T15:00:00Z,"Peanut Prices",pnpr3219,https://usda.library.cornell.edu/concern/publications/5t34sj58c,N,N,N
2019-08-12T12:00:00Z,"Cotton Ginnings",ctgn3319,https://usda.library.cornell.edu/concern/publications/q524jn76v,N,N,N
2019-08-12T12:00:00Z,"Crop Production",crop0819,https://usda.library.cornell.edu/concern/publications/tm70mv177,N,N,Y
2019-08-12T16:00:00Z,"Crop Progress",prog3319,https://usda.library.cornell.edu/concern/publications/8336h188j,N,N,N
2019-08-14T15:00:00Z,"Broiler Hatchery",brls3319,https://usda.library.cornell.edu/concern/publications/gm80hv35d,N,N,N
2019-08-14T15:00:00Z,"Turkey Hatchery",tkha0819,https://usda.library.cornell.edu/concern/publications/k643b117x,N,N,N
2019-08-16T15:00:00Z,"Farm Computer Usage and Ownership",fmpc0819,https://usda.library.cornell.edu/concern/publications/h128nd689,N,N,N
2019-08-16T15:00:00Z,"Peanut Prices",pnpr3319,https://usda.library.cornell.edu/concern/publications/5t34sj58c,N,N,N
2019-08-19T15:00:00Z,"Milk Production",mkpr0819,https://usda.library.cornell.edu/concern/publications/h989r321c,N,N,N
2019-08-19T15:00:00Z,"County Estimates: Hogs",cehgan19,https://www.nass.usda.gov/Quick_Stats/Lite/,Y,N,N
2019-08-19T16:00:00Z,"Crop Progress",prog3419,https://usda.library.cornell.edu/concern/publications/8336h188j,N,N,N
2019-08-21T15:00:00Z,"Broiler Hatchery",brls3419,https://usda.library.cornell.edu/concern/publications/gm80hv35d,N,N,N
2019-08-21T15:00:00Z,"Mushrooms",mush0819,https://usda.library.cornell.edu/concern/publications/r781wg03d,N,N,N
2019-08-22T15:00:00Z,"Cold Storage",cost0819,https://usda.library.cornell.edu/concern/publications/pg15bd892,N,N,N
2019-08-22T15:00:00Z,"Livestock Slaughter",lstk0819,https://usda.library.cornell.edu/concern/publications/rx913p88g,N,N,N
2019-08-23T12:00:00Z,"Rice Stocks",rice0819,https://usda.library.cornell.edu/concern/publications/d791sg19j,N,N,N
2019-08-23T15:00:00Z,"Cattle on Feed",cofd0819,https://usda.library.cornell.edu/concern/publications/m326m174z,N,N,Y
2019-08-23T15:00:00Z,"Chickens and Eggs",ckeg0819,https://usda.library.cornell.edu/concern/publications/fb494842n,N,N,N
2019-08-23T15:00:00Z,"Peanut Prices",pnpr3419,https://usda.library.cornell.edu/concern/publications/5t34sj58c,N,N,N
2019-08-23T15:00:00Z,"Poultry Slaughter",psla0819,https://usda.library.cornell.edu/concern/publications/3197xm04j,N,N,N
2019-08-26T12:00:00Z,"Census: American Indian Reservations",cenag19,https://www.nass.usda.gov/AgCensus/,N,Y,N
2019-08-26T16:00:00Z,"Crop Progress",prog3519,https://usda.library.cornell.edu/concern/publications/8336h188j,N,N,N
2019-08-27T15:00:00Z,"U.S. and Canadian Cattle",uscc0819,https://usda.library.cornell.edu/concern/publications/474299142,N,N,N
2019-08-27T15:00:00Z,"U.S. and Canadian Hogs",usch0819,https://usda.library.cornell.edu/concern/publications/7h149p85x,N,N,N
2019-08-28T15:00:00Z,"Broiler Hatchery",brls3519,https://usda.library.cornell.edu/concern/publications/gm80hv35d,N,N,N
2019-08-28T15:00:00Z,"Citrus Fruits",cfrt0819,https://usda.library.cornell.edu/concern/publications/j9602060k,N,N,N
2019-08-29T15:00:00Z,"Peanut Stocks and Processing",pnst0819,https://usda.library.cornell.edu/concern/publications/02870v87z,N,N,N
2019-08-30T15:00:00Z,"Agricultural Prices",agpr0819,https://usda.library.cornell.edu/concern/publications/c821gj76b,N,N,Y
2019-08-30T15:00:00Z,"Egg Products",eggs0819,https://usda.library.cornell.edu/concern/publications/hx11xf25t,N,N,N
2019-08-30T15:00:00Z,"Peanut Prices",pnpr3519,https://usda.library.cornell.edu/concern/publications/5t34sj58c,N,N,N
2019-09-03T15:00:00Z,"Cotton System",cact0919,https://usda.library.cornell.edu/concern/publications/ng451h506,N,N,N
2019-09-03T15:00:00Z,"Fats & Oils",cafo0919,https://usda.library.cornell.edu/concern/publications/mp48sc77c,N,N,N
2019-09-03T15:00:00Z,"Grain Crushings",cagc0919,https://usda.library.cornell.edu/concern/publications/n583xt96p,N,N,N
2019-09-03T16:00:00Z,"Crop Progress",prog3619,https://usda.library.cornell.edu/concern/publications/8336h188j,N,N,N
2019-09-04T15:00:00Z,"Broiler Hatchery",brls3619,https://usda.library.cornell.edu/concern/publications/gm80hv35d,N,N,N
2019-09-04T15:00:00Z,"Dairy Products",dary0919,https://usda.library.cornell.edu/concern/publications/m326m1757,N,N,N
2019-09-06T15:00:00Z,"Peanut Prices",pnpr3619,https://usda.library.cornell.edu/concern/publications/5t34sj58c,N,N,N
2019-09-09T16:00:00Z,"Crop Progress",prog3719,https://usda.library.cornell.edu/concern/publications/8336h188j,N,N,N
2019-09-10T15:00:00Z,"Cash Rents - County",cecart19,https://quickstats.nass.usda.gov/results/E0F5EB36-3313-3D7B-9E7F-E56A3365CF2B#9A9F55D7-E267-38C6-ACB9-DF106291B5A7,Y,N,N
2019-09-11T15:00:00Z,"Broiler Hatchery",brls3719,https://usda.library.cornell.edu/concern/publications/gm80hv35d,N,N,N
2019-09-11T15:00:00Z,"Potatoes",pots0919,https://usda.library.cornell.edu/concern/publications/fx719m44h,N,N,N
2019-09-12T12:00:00Z,"Cotton Ginnings",ctgn3719,https://usda.library.cornell.edu/concern/publications/q524jn76v,N,N,N
2019-09-12T12:00:00Z,"Crop Production",crop0919,https://usda.library.cornell.edu/concern/publications/tm70mv177,N,N,Y
2019-09-13T15:00:00Z,"Peanut Prices",pnpr3719,https://usda.library.cornell.edu/concern/publications/5t34sj58c,N,N,N
2019-09-16T15:00:00Z,"Turkey Hatchery",tkha0919,https://usda.library.cornell.edu/concern/publications/k643b117x,N,N,N
2019-09-16T16:00:00Z,"Crop Progress",prog3819,https://usda.library.cornell.edu/concern/publications/8336h188j,N,N,N
2019-09-17T15:00:00Z,"Livestock Historical Track Records",lvstan19,https://usda.library.cornell.edu/concern/publications/4b29b598d,N,N,N
2019-09-18T12:00:00Z,"Census:  Zip Code Tabulations",ziptab19,https://quickstats.nass.usda.gov/?agg_level_desc=ZIP%20CODE&year=2017,Y,N,N
2019-09-18T15:00:00Z,"Broiler Hatchery",brls3819,https://usda.library.cornell.edu/concern/publications/gm80hv35d,N,N,N
2019-09-18T15:00:00Z,"Hop Stocks",hops0919,https://usda.library.cornell.edu/concern/publications/sb397825r,N,N,N
2019-09-18T15:00:00Z,"Milk Production",mkpr0919,https://usda.library.cornell.edu/concern/publications/h989r321c,N,N,N
2019-09-19T15:00:00Z,"Livestock Slaughter",lstk0919,https://usda.library.cornell.edu/concern/publications/rx913p88g,N,N,N
2019-09-20T15:00:00Z,"Cattle on Feed",cofd0919,https://usda.library.cornell.edu/concern/publications/m326m174z,N,N,Y
2019-09-20T15:00:00Z,"Peanut Prices",pnpr3819,https://usda.library.cornell.edu/concern/publications/5t34sj58c,N,N,N
2019-09-23T15:00:00Z,"Chickens and Eggs",ckeg0919,https://usda.library.cornell.edu/concern/publications/fb494842n,N,N,N
2019-09-23T15:00:00Z,"Cold Storage",cost0919,https://usda.library.cornell.edu/concern/publications/pg15bd892,N,N,N
2019-09-23T16:00:00Z,"Crop Progress",prog3919,https://usda.library.cornell.edu/concern/publications/8336h188j,N,N,N
2019-09-24T12:00:00Z,"Cotton Ginnings",ctgn3919,https://usda.library.cornell.edu/concern/publications/q524jn76v,N,N,N
2019-09-24T15:00:00Z,"Poultry Slaughter",psla0919,https://usda.library.cornell.edu/concern/publications/3197xm04j,N,N,N
2019-09-25T15:00:00Z,"Broiler Hatchery",brls3919,https://usda.library.cornell.edu/concern/publications/gm80hv35d,N,N,N
2019-09-26T15:00:00Z,"Egg Products",eggs0919,https://usda.library.cornell.edu/concern/publications/hx11xf25t,N,N,N
2019-09-26T15:00:00Z,"Turkeys Raised",tuky0919,https://usda.library.cornell.edu/concern/publications/0g354f23n,N,N,N
2019-09-27T15:00:00Z,"Agricultural Prices",agpr0919,https://usda.library.cornell.edu/concern/publications/c821gj76b,N,N,Y
2019-09-27T15:00:00Z,"Hogs and Pigs",hgpg0919,https://usda.library.cornell.edu/concern/publications/rj430453j,N,N,Y
2019-09-27T15:00:00Z,"Peanut Prices",pnpr3919,https://usda.library.cornell.edu/concern/publications/5t34sj58c,N,N,N
2019-09-27T15:00:00Z,"Peanut Stocks and Processing",pnst0919,https://usda.library.cornell.edu/concern/publications/02870v87z,N,N,N
2019-09-30T12:00:00Z,"Grain Stocks",grst0919,https://usda.library.cornell.edu/concern/publications/xg94hp534,N,N,Y
2019-09-30T12:00:00Z,"Small Grains Summary",smgr0919,https://usda.library.cornell.edu/concern/publications/5t34sj573,N,N,Y
2019-09-30T16:00:00Z,"Crop Progress",prog4019,https://usda.library.cornell.edu/concern/publications/8336h188j,N,N,N
2019-10-01T15:00:00Z,"Cotton System",cact1019,https://usda.library.cornell.edu/concern/publications/ng451h506,N,N,N
2019-10-01T15:00:00Z,"Fats & Oils",cafo1019,https://usda.library.cornell.edu/concern/publications/mp48sc77c,N,N,N
2019-10-01T15:00:00Z,"Grain Crushings",cagc1019,https://usda.library.cornell.edu/concern/publications/n583xt96p,N,N,N
2019-10-02T15:00:00Z,"Broiler Hatchery",brls4019,https://usda.library.cornell.edu/concern/publications/gm80hv35d,N,N,N
2019-10-03T15:00:00Z,"Dairy Products",dary1019,https://usda.library.cornell.edu/concern/publications/m326m1757,N,N,N
2019-10-03T15:00:00Z,"County Estimates: Potatoes",ceptan19,https://www.nass.usda.gov/Quick_Stats/Lite/,Y,N,N
2019-10-04T15:00:00Z,"Peanut Prices",pnpr4019,https://usda.library.cornell.edu/concern/publications/5t34sj58c,N,N,N
2019-10-07T16:00:00Z,"Crop Progress",prog4119,https://usda.library.cornell.edu/concern/publications/8336h188j,N,N,N
2019-10-09T15:00:00Z,"Broiler Hatchery",brls4119,https://usda.library.cornell.edu/concern/publications/gm80hv35d,N,N,N
2019-10-10T12:00:00Z,"Cotton Ginnings",ctgn4119,https://usda.library.cornell.edu/concern/publications/q524jn76v,N,N,N
2019-10-10T12:00:00Z,"Crop Production",crop1019,https://usda.library.cornell.edu/concern/publications/tm70mv177,N,N,Y
2019-10-11T15:00:00Z,"Peanut Prices",pnpr4119,https://usda.library.cornell.edu/concern/publications/5t34sj58c,N,N,N
2019-10-15T16:00:00Z,"Crop Progress",prog4219,https://usda.library.cornell.edu/concern/publications/8336h188j,N,N,N
2019-10-16T15:00:00Z,"Broiler Hatchery",brls4219,https://usda.library.cornell.edu/concern/publications/gm80hv35d,N,N,N
2019-10-16T15:00:00Z,"Turkey Hatchery",tkha1019,https://usda.library.cornell.edu/concern/publications/k643b117x,N,N,N
2019-10-18T15:00:00Z,"Peanut Prices",pnpr4219,https://usda.library.cornell.edu/concern/publications/5t34sj58c,N,N,N
2019-10-21T15:00:00Z,"Milk Production",mkpr1019,https://usda.library.cornell.edu/concern/publications/h989r321c,N,N,N
2019-10-21T16:00:00Z,"Crop Progress",prog4319,https://usda.library.cornell.edu/concern/publications/8336h188j,N,N,N
2019-10-22T15:00:00Z,"Chickens and Eggs",ckeg1019,https://usda.library.cornell.edu/concern/publications/fb494842n,N,N,N
2019-10-22T15:00:00Z,"Cold Storage",cost1019,https://usda.library.cornell.edu/concern/publications/pg15bd892,N,N,N
2019-10-23T12:00:00Z,"Cotton Ginnings",ctgn4319,https://usda.library.cornell.edu/concern/publications/q524jn76v,N,N,N
2019-10-23T15:00:00Z,"Broiler Hatchery",brls4319,https://usda.library.cornell.edu/concern/publications/gm80hv35d,N,N,N
2019-10-24T15:00:00Z,"Livestock Slaughter",lstk1019,https://usda.library.cornell.edu/concern/publications/rx913p88g,N,N,N
2019-10-24T15:00:00Z,"Poultry Slaughter",psla1019,https://usda.library.cornell.edu/concern/publications/3197xm04j,N,N,N
2019-10-25T12:00:00Z,"Rice Stocks",rice1019,https://usda.library.cornell.edu/concern/publications/d791sg19j,N,N,N
2019-10-25T15:00:00Z,"Cattle on Feed",cofd1019,https://usda.library.cornell.edu/concern/publications/m326m174z,N,N,Y
2019-10-25T15:00:00Z,"Peanut Prices",pnpr4319,https://usda.library.cornell.edu/concern/publications/5t34sj58c,N,N,N
2019-10-28T16:00:00Z,"Crop Progress",prog4419,https://usda.library.cornell.edu/concern/publications/8336h188j,N,N,N
2019-10-29T15:00:00Z,"Peanut Stocks and Processing",pnst1019,https://usda.library.cornell.edu/concern/publications/02870v87z,N,N,N
2019-10-30T15:00:00Z,"Broiler Hatchery",brls4419,https://usda.library.cornell.edu/concern/publications/gm80hv35d,N,N,N
2019-10-30T15:00:00Z,"Egg Products",eggs1019,https://usda.library.cornell.edu/concern/publications/hx11xf25t,N,N,N
2019-10-31T15:00:00Z,"Agricultural Prices",agpr1019,https://usda.library.cornell.edu/concern/publications/c821gj76b,N,N,Y
2019-11-01T15:00:00Z,"Cotton System",cact1119,https://usda.library.cornell.edu/concern/publications/ng451h506,N,N,N
2019-11-01T15:00:00Z,"Fats & Oils",cafo1119,https://usda.library.cornell.edu/concern/publications/mp48sc77c,N,N,N
2019-11-01T15:00:00Z,"Flour Milling",cafl1119,https://usda.library.cornell.edu/concern/publications/cr56n097m,N,N,N
2019-11-01T15:00:00Z,"Grain Crushings",cagc1119,https://usda.library.cornell.edu/concern/publications/n583xt96p,N,N,N
2019-11-01T15:00:00Z,"Peanut Prices",pnpr4419,https://usda.library.cornell.edu/concern/publications/5t34sj58c,N,N,N
2019-11-04T16:00:00Z,"Crop Progress",prog4519,https://usda.library.cornell.edu/concern/publications/8336h188j,N,N,N
2019-11-05T15:00:00Z,"Dairy Products",dary1119,https://usda.library.cornell.edu/concern/publications/m326m1757,N,N,N
2019-11-06T15:00:00Z,"Broiler Hatchery",brls4519,https://usda.library.cornell.edu/concern/publications/gm80hv35d,N,N,N
2019-11-08T12:00:00Z,"Cotton Ginnings",ctgn4519,https://usda.library.cornell.edu/concern/publications/q524jn76v,N,N,N
2019-11-08T12:00:00Z,"Crop Production",crop1119,https://usda.library.cornell.edu/concern/publications/tm70mv177,N,N,Y
2019-11-08T15:00:00Z,"Peanut Prices",pnpr4519,https://usda.library.cornell.edu/concern/publications/5t34sj58c,N,N,N
2019-11-12T16:00:00Z,"Crop Progress",prog4619,https://usda.library.cornell.edu/concern/publications/8336h188j,N,N,N
2019-11-13T12:00:00Z,"Census: Irrigation and Water Management",cen ag19,https://www.nass.usda.gov/AgCensus/,N,Y,N
2019-11-13T15:00:00Z,"Broiler Hatchery",brls4619,https://usda.library.cornell.edu/concern/publications/gm80hv35d,N,N,N
2019-11-15T15:00:00Z,"Peanut Prices",pnpr4619,https://usda.library.cornell.edu/concern/publications/5t34sj58c,N,N,N
2019-11-18T15:00:00Z,"Turkey Hatchery",tkha1119,https://usda.library.cornell.edu/concern/publications/k643b117x,N,N,N
2019-11-18T16:00:00Z,"Crop Progress",prog4719,https://usda.library.cornell.edu/concern/publications/8336h188j,N,N,N
2019-11-19T15:00:00Z,"Milk Production",mkpr1119,https://usda.library.cornell.edu/concern/publications/h989r321c,N,N,N
2019-11-20T15:00:00Z,"Broiler Hatchery",brls4719,https://usda.library.cornell.edu/concern/publications/gm80hv35d,N,N,N
2019-11-21T15:00:00Z,"Farm Labor",fmla1119,https://usda.library.cornell.edu/concern/publications/x920fw89s,N,N,N
2019-11-21T15:00:00Z,"Livestock Slaughter",lstk1119,https://usda.library.cornell.edu/concern/publications/rx913p88g,N,N,N
2019-11-22T15:00:00Z,"Cattle on Feed",cofd1119,https://usda.library.cornell.edu/concern/publications/m326m174z,N,N,Y
2019-11-22T15:00:00Z,"Chickens and Eggs",ckeg1119,https://usda.library.cornell.edu/concern/publications/fb494842n,N,N,N
2019-11-22T15:00:00Z,"Cold Storage",cost1119,https://usda.library.cornell.edu/concern/publications/pg15bd892,N,N,N
2019-11-22T15:00:00Z,"Peanut Prices",pnpr4719,https://usda.library.cornell.edu/concern/publications/5t34sj58c,N,N,N
2019-11-25T12:00:00Z,"Cotton Ginnings",ctgn4819,https://usda.library.cornell.edu/concern/publications/q524jn76v,N,N,N
2019-11-25T15:00:00Z,"Poultry Slaughter",psla1119,https://usda.library.cornell.edu/concern/publications/3197xm04j,N,N,N
2019-11-25T16:00:00Z,"Crop Progress",prog4819,https://usda.library.cornell.edu/concern/publications/8336h188j,N,N,N
2019-11-27T15:00:00Z,"Agricultural Prices",agpr1119,https://usda.library.cornell.edu/concern/publications/c821gj76b,N,N,Y
2019-11-27T15:00:00Z,"Broiler Hatchery",brls4819,https://usda.library.cornell.edu/concern/publications/gm80hv35d,N,N,N
2019-11-27T15:00:00Z,"Egg Products",eggs1119,https://usda.library.cornell.edu/concern/publications/hx11xf25t,N,N,N
2019-11-27T15:00:00Z,"Peanut Stocks and Processing",pnst1119,https://usda.library.cornell.edu/concern/publications/02870v87z,N,N,N
2019-11-29T15:00:00Z,"Peanut Prices",pnpr4819,https://usda.library.cornell.edu/concern/publications/5t34sj58c,N,N,N
2019-12-02T15:00:00Z,"Cotton System",cact1219,https://usda.library.cornell.edu/concern/publications/ng451h506,N,N,N
2019-12-02T16:00:00Z,"Crop Progress",prog4919,https://usda.library.cornell.edu/concern/publications/8336h188j,N,N,N
2019-12-02T15:00:00Z,"Fats & Oils",cafo1219,https://usda.library.cornell.edu/concern/publications/mp48sc77c,N,N,N
2019-12-02T15:00:00Z,"Grain Crushings",cagc1219,https://usda.library.cornell.edu/concern/publications/n583xt96p,N,N,N
2019-12-04T15:00:00Z,"Broiler Hatchery",brls4919,https://usda.library.cornell.edu/concern/publications/gm80hv35d,N,N,N
2019-12-04T15:00:00Z,"Dairy Products",dary1219,https://usda.library.cornell.edu/concern/publications/m326m1757,N,N,N
2019-12-05T12:00:00Z,"Census: Specialty Crops",censpc19,https://www.nass.usda.gov/AgCensus/,N,Y,N
2019-12-06T15:00:00Z,"Peanut Prices",pnpr4919,https://usda.library.cornell.edu/concern/publications/5t34sj58c,N,N,N
2019-12-09T16:00:00Z,"Crop Progress",prog5019,https://usda.library.cornell.edu/concern/publications/8336h188j,N,N,N
2019-12-10T12:00:00Z,"Cotton Ginnings",ctgn5019,https://usda.library.cornell.edu/concern/publications/q524jn76v,N,N,N
2019-12-10T12:00:00Z,"Crop Production",crop1219,https://usda.library.cornell.edu/concern/publications/tm70mv177,N,N,Y
2019-12-11T15:00:00Z,"Broiler Hatchery",brls5019,https://usda.library.cornell.edu/concern/publications/gm80hv35d,N,N,N
2019-12-12T15:00:00Z,"County Estimates: Barley, Oats, Wheat",cebran19,https://www.nass.usda.gov/Quick_Stats/Lite/,Y,N,N
2019-12-12T15:00:00Z,"North American Potatoes",uscp1219,https://usda.library.cornell.edu/concern/publications/4m90dv511,N,N,N
2019-12-13T15:00:00Z,"Peanut Prices",pnpr5019,https://usda.library.cornell.edu/concern/publications/5t34sj58c,N,N,N
2019-12-16T15:00:00Z,"Potato Stocks",post1219,https://usda.library.cornell.edu/concern/publications/47429915b,N,N,N
2019-12-16T15:00:00Z,"Turkey Hatchery",tkha1219,https://usda.library.cornell.edu/concern/publications/k643b117x,N,N,N
2019-12-18T15:00:00Z,"Broiler Hatchery",brls5119,https://usda.library.cornell.edu/concern/publications/gm80hv35d,N,N,N
2019-12-18T15:00:00Z,"Milk Production",mkpr1219,https://usda.library.cornell.edu/concern/publications/h989r321c,N,N,N
2019-12-18T15:00:00Z,"National Hop Report",hopsan19,https://usda.library.cornell.edu/concern/publications/s7526c41m,N,N,N
2019-12-19T15:00:00Z,"Census of Aquaculture",cenaqua01,https://www.nass.usda.gov/AgCensus/,N,Y,N
2019-12-19T15:00:00Z,"Livestock Slaughter",lstk1219,https://usda.library.cornell.edu/concern/publications/rx913p88g,N,N,N
2019-12-20T15:00:00Z,"Cattle on Feed",cofd1219,https://usda.library.cornell.edu/concern/publications/m326m174z,N,N,Y
2019-12-20T15:00:00Z,"Peanut Prices",pnpr5119,https://usda.library.cornell.edu/concern/publications/5t34sj58c,N,N,N
2019-12-23T12:00:00Z,"Cotton Ginnings",ctgn5219,https://usda.library.cornell.edu/concern/publications/q524jn76v,N,N,N
2019-12-23T15:00:00Z,"Chickens and Eggs",ckeg1219,https://usda.library.cornell.edu/concern/publications/fb494842n,N,N,N
2019-12-23T15:00:00Z,"Cold Storage",cost1219,https://usda.library.cornell.edu/concern/publications/pg15bd892,N,N,N
2019-12-23T15:00:00Z,"Hogs and Pigs",hgpg1219,https://usda.library.cornell.edu/concern/publications/rj430453j,N,N,Y
2019-12-26T15:00:00Z,"Poultry Slaughter",psla1219,https://usda.library.cornell.edu/concern/publications/3197xm04j,N,N,N
2019-12-27T15:00:00Z,"Agricultural Prices",agpr1219,https://usda.library.cornell.edu/concern/publications/c821gj76b,N,N,Y
2019-12-27T15:00:00Z,"Broiler Hatchery",brls5219,https://usda.library.cornell.edu/concern/publications/gm80hv35d,N,N,N
2019-12-27T15:00:00Z,"Egg Products",eggs1219,https://usda.library.cornell.edu/concern/publications/hx11xf25t,N,N,N
2019-12-27T15:00:00Z,"Peanut Prices",pnpr5219,https://usda.library.cornell.edu/concern/publications/5t34sj58c,N,N,N
2019-12-30T15:00:00Z,"Peanut Stocks and Processing",pnst1219,https://usda.library.cornell.edu/concern/publications/02870v87z,N,N,N
2019-01-01T00:00:00Z,"HOLIDAY", , ,N,N,N
2019-01-21T00:00:00Z,"HOLIDAY", , ,N,N,N
2019-02-18T00:00:00Z,"HOLIDAY", , ,N,N,N
2019-05-27T00:00:00Z,"HOLIDAY", , ,N,N,N
2019-07-04T00:00:00Z,"HOLIDAY", , ,N,N,N
2019-09-02T00:00:00Z,"HOLIDAY", , ,N,N,N
2019-10-14T00:00:00Z,"HOLIDAY", , ,N,N,N
2019-11-11T00:00:00Z,"HOLIDAY", , ,N,N,N
2019-11-28T00:00:00Z,"HOLIDAY", , ,N,N,N
2019-12-25T00:00:00Z,"HOLIDAY", , ,N,N,N
2020-01-02T15:00:00Z,"Broiler Hatchery",brls0120,https://usda.library.cornell.edu/concern/publications/gm80hv35d,N,N,N
2020-01-02T15:00:00Z,"Cotton System",cact0120,https://usda.library.cornell.edu/concern/publications/ng451h506,N,N,N
2020-01-02T15:00:00Z,"Fats & Oils",cafo0120,https://usda.library.cornell.edu/concern/publications/mp48sc77c,N,N,N
2020-01-02T15:00:00Z,"Grain Crushings",cagc0120,https://usda.library.cornell.edu/concern/publications/n583xt96p,N,N,N
2020-01-03T12:00:00Z,"State Stories",stwe0120,https://usda.library.cornell.edu/concern/publications/fq977t77k,N,N,N
2020-01-03T15:00:00Z,"Peanut Prices",pnpr0120,https://usda.library.cornell.edu/concern/publications/5t34sj58c,N,Y,N
2020-01-06T15:00:00Z,"Dairy Products",dary0120,https://usda.library.cornell.edu/concern/publications/m326m1757,N,N,N
2020-01-08T15:00:00Z,"Broiler Hatchery",brls0220,https://usda.library.cornell.edu/concern/publications/gm80hv35d,N,N,N
2020-01-10T12:00:00Z,"Cotton Ginnings",ctgn0220,https://usda.library.cornell.edu/concern/publications/q524jn76v,N,N,N
2020-01-10T12:00:00Z,"Crop Production",crop0120,https://usda.library.cornell.edu/concern/publications/tm70mv177,N,N,Y
2020-01-10T12:00:00Z,"Crop Production - Ann.",cropan20,https://usda.library.cornell.edu/concern/publications/k3569432s,N,N,Y
2020-01-10T12:00:00Z,"Grain Stocks",grst0120,https://usda.library.cornell.edu/concern/publications/xg94hp534,N,N,Y
2020-01-10T12:00:00Z,"Rice Stocks",rice0120,https://usda.library.cornell.edu/concern/publications/d791sg19j,N,N,N
2020-01-10T12:00:00Z,"Winter Wheat/Canola Seedings",wtrc0120,https://usda.library.cornell.edu/concern/publications/z890rt24s,N,N,Y
2020-01-10T15:00:00Z,"Peanut Prices",pnpr0220,https://usda.library.cornell.edu/concern/publications/5t34sj58c,N,N,N
2020-01-14T15:00:00Z,"Turkey Hatchery",tkha0120,https://usda.library.cornell.edu/concern/publications/k643b117x,N,N,N
2020-01-15T15:00:00Z,"Broiler Hatchery",brls0320,https://usda.library.cornell.edu/concern/publications/gm80hv35d,N,N,N
2020-01-17T15:00:00Z,"Peanut Prices",pnpr0320,https://usda.library.cornell.edu/concern/publications/5t34sj58c,N,N,N
2020-01-21T15:00:00Z,"Chickens and Eggs",ckeg0120,https://usda.library.cornell.edu/concern/publications/fb494842n,N,N,N
2020-01-22T15:00:00Z,"Broiler Hatchery",brls0420,https://usda.library.cornell.edu/concern/publications/gm80hv35d,N,N,N
2020-01-22T15:00:00Z,"Cold Storage",cost0120,https://usda.library.cornell.edu/concern/publications/pg15bd892,N,N,N
2020-01-23T12:00:00Z,"Cotton Ginnings",ctgn0420,https://usda.library.cornell.edu/concern/publications/q524jn76v,N,N,N
2020-01-23T15:00:00Z,"Coffee",cafean20,https://usda.library.cornell.edu/concern/publications/3t945q80c,N,N,N
2020-01-23T15:00:00Z,"Livestock Slaughter",lstk0120,https://usda.library.cornell.edu/concern/publications/rx913p88g,N,N,N
2020-01-23T15:00:00Z,"Milk Production",mkpr0120,https://usda.library.cornell.edu/concern/publications/h989r321c,N,N,N
2020-01-23T15:00:00Z,"Pecan Production",pecnpr20,https://usda.library.cornell.edu/concern/publications/5425kg32f,N,N,N
2020-01-24T15:00:00Z,"Cattle on Feed",cofd0120,https://usda.library.cornell.edu/concern/publications/m326m174z,N,N,Y
2020-01-24T15:00:00Z,"Peanut Prices",pnpr0420,https://usda.library.cornell.edu/concern/publications/5t34sj58c,N,N,N
2020-01-24T15:00:00Z,"Poultry Slaughter",psla0120,https://usda.library.cornell.edu/concern/publications/3197xm04j,N,N,N
2020-01-27T15:00:00Z,"Capacity of Refrigerated Warehouses",rfwh0120,https://usda.library.cornell.edu/concern/publications/x059c7329,N,N,N
2020-01-28T12:00:00Z,"State Stories",stwe0520,https://usda.library.cornell.edu/concern/publications/fq977t77k,N,N,N
2020-01-28T15:00:00Z,"Peanut Stocks and Processing",pnst0120,https://usda.library.cornell.edu/concern/publications/02870v87z,N,N,N
2020-01-29T15:00:00Z,"Broiler Hatchery",brls0520,https://usda.library.cornell.edu/concern/publications/gm80hv35d,N,N,N
2020-01-29T15:00:00Z,"Egg Products",eggs0120,https://usda.library.cornell.edu/concern/publications/hx11xf25t,N,N,N
2020-01-31T15:00:00Z,"Agricultural Prices",agpr0120,https://usda.library.cornell.edu/concern/publications/c821gj76b,N,N,Y
2020-01-31T15:00:00Z,"Cattle",catl0120,https://usda.library.cornell.edu/concern/publications/h702q636h,N,N,Y
2020-01-31T15:00:00Z,"Peanut Prices",pnpr0520,https://usda.library.cornell.edu/concern/publications/5t34sj58c,N,N,N
2020-01-31T15:00:00Z,"Sheep and Goats",shep0120,https://usda.library.cornell.edu/concern/publications/000000018,N,N,N
2020-02-03T15:00:00Z,"Cotton System",cact0220,https://usda.library.cornell.edu/concern/publications/ng451h506,N,N,N
2020-02-03T15:00:00Z,"Fats & Oils",cafo0220,https://usda.library.cornell.edu/concern/publications/mp48sc77c,N,N,N
2020-02-03T15:00:00Z,"Flour Milling",cafl0220,https://usda.library.cornell.edu/concern/publications/cr56n097m,N,N,N
2020-02-03T15:00:00Z,"Grain Crushings",cagc0220,https://usda.library.cornell.edu/concern/publications/n583xt96p,N,N,N
2020-02-04T15:00:00Z,"Dairy Products",dary0220,https://usda.library.cornell.edu/concern/publications/m326m1757,N,N,N
2020-02-05T15:00:00Z,"Broiler Hatchery",brls0620,https://usda.library.cornell.edu/concern/publications/gm80hv35d,N,N,N
2020-02-07T15:00:00Z,"Catfish Production",cfpd0220,https://usda.library.cornell.edu/concern/publications/bg257f046,N,N,N
2020-02-07T15:00:00Z,"Peanut Prices",pnpr0620,https://usda.library.cornell.edu/concern/publications/5t34sj58c,N,N,N
2020-02-10T15:00:00Z,"North American Potatoes",uscp0220,https://usda.library.cornell.edu/concern/publications/4m90dv511,N,N,N
2020-02-11T12:00:00Z,"Cotton Ginnings",ctgn0720,https://usda.library.cornell.edu/concern/publications/q524jn76v,N,N,N
2020-02-11T12:00:00Z,"Crop Production",crop0220,https://usda.library.cornell.edu/concern/publications/tm70mv177,N,N,Y
2020-02-12T15:00:00Z,"Broiler Hatchery",brls0720,https://usda.library.cornell.edu/concern/publications/gm80hv35d,N,N,N
2020-02-13T15:00:00Z,"Turkey Hatchery",tkha0220,https://usda.library.cornell.edu/concern/publications/k643b117x,N,N,N
2020-02-13T15:00:00Z,"Vegetables - Ann.",vegean20,https://usda.library.cornell.edu/concern/publications/02870v86p,N,N,N
2020-02-14T15:00:00Z,"Peanut Prices",pnpr0720,https://usda.library.cornell.edu/concern/publications/5t34sj58c,N,N,N
2020-02-18T15:00:00Z,"Potato Stocks",post0220,https://usda.library.cornell.edu/concern/publications/47429915b,N,N,N
2020-02-19T15:00:00Z,"Broiler Hatchery",brls0820,https://usda.library.cornell.edu/concern/publications/gm80hv35d,N,N,N
2020-02-20T15:00:00Z,"Farms and Land in Farms",fnlo0220,https://usda.library.cornell.edu/concern/publications/5712m6524,N,N,N
2020-02-20T15:00:00Z,"Livestock Slaughter",lstk0220,https://usda.library.cornell.edu/concern/publications/rx913p88g,N,N,N
2020-02-20T15:00:00Z,"Milk Production",mkpr0220,https://usda.library.cornell.edu/concern/publications/h989r321c,N,N,N
2020-02-20T15:00:00Z,"County Estimates: Corn, Soybeans, Sunflowers, Sorghum",cecnan20,https://www.nass.usda.gov/Quick_Stats/Lite/,Y,N,N
2020-02-21T15:00:00Z,"Cattle on Feed",cofd0220,https://usda.library.cornell.edu/concern/publications/m326m174z,N,N,Y
2020-02-21T15:00:00Z,"Peanut Prices",pnpr0820,https://usda.library.cornell.edu/concern/publications/5t34sj58c,N,N,N
2020-02-24T15:00:00Z,"Cold Storage",cost0220,https://usda.library.cornell.edu/concern/publications/pg15bd892,N,N,N
2020-02-24T15:00:00Z,"Crop Values",cpvl0220,https://usda.library.cornell.edu/concern/publications/k35694332,N,N,N
2020-02-24T15:00:00Z,"Poultry Slaughter",psla0220,https://usda.library.cornell.edu/concern/publications/3197xm04j,N,N,N
2020-02-25T12:00:00Z,"State Stories",stwe0920,https://usda.library.cornell.edu/concern/publications/fq977t77k,N,N,N
2020-02-26T15:00:00Z,"Broiler Hatchery",brls0920,https://usda.library.cornell.edu/concern/publications/gm80hv35d,N,N,N
2020-02-26T15:00:00Z,"Egg Products",eggs0220,https://usda.library.cornell.edu/concern/publications/hx11xf25t,N,N,N
2020-02-26T15:00:00Z,"Peanut Stocks and Processing",pnst0220,https://usda.library.cornell.edu/concern/publications/02870v87z,N,N,N
2020-02-27T15:00:00Z,"Chickens and Eggs - Ann.",ckegan20,https://usda.library.cornell.edu/concern/publications/1v53jw96n,N,N,N
2020-02-27T15:00:00Z,"Trout Production",trpr0220,https://usda.library.cornell.edu/concern/publications/t722h882h,N,N,N
2020-02-28T15:00:00Z,"Agricultural Prices",agpr0220,https://usda.library.cornell.edu/concern/publications/c821gj76b,N,N,Y
2020-02-28T15:00:00Z,"Chickens and Eggs",ckeg0220,https://usda.library.cornell.edu/concern/publications/fb494842n,N,N,N
2020-02-28T15:00:00Z,"Cold Storage - Ann.",costan20,https://usda.library.cornell.edu/concern/publications/sb397824g,N,N,N
2020-02-28T15:00:00Z,"Peanut Prices",pnpr0920,https://usda.library.cornell.edu/concern/publications/5t34sj58c,N,N,N
2020-02-28T15:00:00Z,"Poultry Slaughter - Ann.",pslaan20,https://usda.library.cornell.edu/concern/publications/pg15bd88s,N,N,N
2020-03-02T15:00:00Z,"Cotton System",cact0320,https://usda.library.cornell.edu/concern/publications/ng451h506,N,N,N
2020-03-02T15:00:00Z,"Cotton System - Ann.",cactan20,https://usda.library.cornell.edu/concern/publications/kp78gg381,N,N,N
2020-03-02T15:00:00Z,"Fats & Oils",cafo0320,https://usda.library.cornell.edu/concern/publications/mp48sc77c,N,N,N
2020-03-02T15:00:00Z,"Fats & Oils - Ann.",cafoan20,https://usda.library.cornell.edu/concern/publications/b5644r54d,N,N,N
2020-03-02T15:00:00Z,"Grain Crushings",cagc0320,https://usda.library.cornell.edu/concern/publications/n583xt96p,N,N,N
2020-03-02T15:00:00Z,"Grain Crushings - Ann.",cagcan20,https://usda.library.cornell.edu/concern/publications/v979v304g,N,N,N
2020-03-04T15:00:00Z,"Broiler Hatchery",brls1020,https://usda.library.cornell.edu/concern/publications/gm80hv35d,N,N,N
2020-03-04T15:00:00Z,"Dairy Products",dary0320,https://usda.library.cornell.edu/concern/publications/m326m1757,N,N,N
2020-03-05T15:00:00Z,"U.S. and Canadian Cattle and Sheep",uscc0320,https://usda.library.cornell.edu/concern/publications/474299142,N,N,N
2020-03-05T15:00:00Z,"U.S. and Canadian Hogs",usch0320,https://usda.library.cornell.edu/concern/publications/7h149p85x,N,N,N
2020-03-05T15:00:00Z,"County Estimates: All Rice",cerian20,https://www.nass.usda.gov/Quick_Stats/Lite/,Y,N,N
2020-03-06T15:00:00Z,"Peanut Prices",pnpr1020,https://usda.library.cornell.edu/concern/publications/5t34sj58c,N,N,N
2020-03-10T12:00:00Z,"Cotton Ginnings",ctgn1120,https://usda.library.cornell.edu/concern/publications/q524jn76v,N,N,N
2020-03-10T12:00:00Z,"Crop Production",crop0320,https://usda.library.cornell.edu/concern/publications/tm70mv177,N,N,Y
2020-03-11T15:00:00Z,"Broiler Hatchery",brls1120,https://usda.library.cornell.edu/concern/publications/gm80hv35d,N,N,N
2020-03-12T15:00:00Z,"Price Reactions After USDA Livestock Reports",prrlan20,https://usda.library.cornell.edu/concern/publications/z316q156s,N,N,N
2020-03-12T15:00:00Z,"Price Reactions after USDA Crop Reports",prrcan20,https://usda.library.cornell.edu/concern/publications/ms35t861q,N,N,N
2020-03-13T15:00:00Z,"Peanut Prices",pnpr1120,https://usda.library.cornell.edu/concern/publications/5t34sj58c,N,N,N
2020-03-16T15:00:00Z,"North American Grain and Oilseed Crushings",cairus20,https://usda.library.cornell.edu/concern/publications/ks65hk36z,N,N,N
2020-03-16T15:00:00Z,"Turkey Hatchery",tkha0320,https://usda.library.cornell.edu/concern/publications/k643b117x,N,N,N
2020-03-18T15:00:00Z,"Broiler Hatchery",brls1220,https://usda.library.cornell.edu/concern/publications/gm80hv35d,N,N,N
2020-03-18T15:00:00Z,"Hop Stocks",hops0320,https://usda.library.cornell.edu/concern/publications/sb397825r,N,N,N
2020-03-19T15:00:00Z,"Honey",hony0320,https://usda.library.cornell.edu/concern/publications/hd76s004z,N,N,N
2020-03-19T15:00:00Z,"Livestock Slaughter",lstk0320,https://usda.library.cornell.edu/concern/publications/rx913p88g,N,N,N
2020-03-19T15:00:00Z,"Milk Production",mkpr0320,https://usda.library.cornell.edu/concern/publications/h989r321c,N,N,N
2020-03-20T15:00:00Z,"Cattle on Feed",cofd0320,https://usda.library.cornell.edu/concern/publications/m326m174z,N,N,Y
2020-03-20T15:00:00Z,"Peanut Prices",pnpr1220,https://usda.library.cornell.edu/concern/publications/5t34sj58c,N,N,N
2020-03-23T15:00:00Z,"Chickens and Eggs",ckeg0320,https://usda.library.cornell.edu/concern/publications/fb494842n,N,N,N
2020-03-23T15:00:00Z,"Cold Storage",cost0320,https://usda.library.cornell.edu/concern/publications/pg15bd892,N,N,N
2020-03-24T15:00:00Z,"Poultry Slaughter",psla0320,https://usda.library.cornell.edu/concern/publications/3197xm04j,N,N,N
2020-03-25T15:00:00Z,"Broiler Hatchery",brls1320,https://usda.library.cornell.edu/concern/publications/gm80hv35d,N,N,N
2020-03-26T15:00:00Z,"Hogs and Pigs",hgpg0320,https://usda.library.cornell.edu/concern/publications/rj430453j,N,N,Y
2020-03-27T15:00:00Z,"Peanut Prices",pnpr1320,https://usda.library.cornell.edu/concern/publications/5t34sj58c,N,N,N
2020-03-27T15:00:00Z,"Peanut Stocks and Processing",pnst0320,https://usda.library.cornell.edu/concern/publications/02870v87z,N,N,N
2020-03-30T15:00:00Z,"Egg Products",eggs0320,https://usda.library.cornell.edu/concern/publications/hx11xf25t,N,N,N
2020-03-31T12:00:00Z,"Grain Stocks",grst0320,https://usda.library.cornell.edu/concern/publications/xg94hp534,N,N,Y
2020-03-31T12:00:00Z,"Prospective Plantings",pspl0320,https://usda.library.cornell.edu/concern/publications/x633f100h,N,N,Y
2020-03-31T12:00:00Z,"Rice Stocks",rice0320,https://usda.library.cornell.edu/concern/publications/d791sg19j,N,N,N
2020-03-31T12:00:00Z,"State Stories",stwe1420,https://usda.library.cornell.edu/concern/publications/fq977t77k,N,N,N
2020-03-31T15:00:00Z,"Agricultural Prices",agpr0320,https://usda.library.cornell.edu/concern/publications/c821gj76b,N,N,Y
2020-04-01T15:00:00Z,"Broiler Hatchery",brls1420,https://usda.library.cornell.edu/concern/publications/gm80hv35d,N,N,N
2020-04-01T15:00:00Z,"Cotton System",cact0420,https://usda.library.cornell.edu/concern/publications/ng451h506,N,N,N
2020-04-01T15:00:00Z,"Fats & Oils",cafo0420,https://usda.library.cornell.edu/concern/publications/mp48sc77c,N,N,N
2020-04-01T15:00:00Z,"Grain Crushings",cagc0420,https://usda.library.cornell.edu/concern/publications/n583xt96p,N,N,N
2020-04-02T15:00:00Z,"Dairy Products",dary0420,https://usda.library.cornell.edu/concern/publications/m326m1757,N,N,N
2020-04-03T15:00:00Z,"Peanut Prices",pnpr1420,https://usda.library.cornell.edu/concern/publications/5t34sj58c,N,N,N
2020-04-06T16:00:00Z,"Crop Progress",prog1520,https://usda.library.cornell.edu/concern/publications/8336h188j,N,N,N
2020-04-07T15:00:00Z,"Hatchery Production - Ann.",htpdan20,https://usda.library.cornell.edu/concern/publications/9306sz28s,N,N,N
2020-04-08T15:00:00Z,"Broiler Hatchery",brls1520,https://usda.library.cornell.edu/concern/publications/gm80hv35d,N,N,N
2020-04-09T12:00:00Z,"Crop Production",crop0420,https://usda.library.cornell.edu/concern/publications/tm70mv177,N,N,Y
2020-04-09T15:00:00Z,"Peanut Prices",pnpr1520,https://usda.library.cornell.edu/concern/publications/5t34sj58c,N,N,N
2020-04-13T15:00:00Z,"Crop Production Historical Track Records",croptr20,https://usda.library.cornell.edu/concern/publications/c534fn92g,N,N,N
2020-04-13T16:00:00Z,"Crop Progress",prog1620,https://usda.library.cornell.edu/concern/publications/8336h188j,N,N,N
2020-04-15T15:00:00Z,"Broiler Hatchery",brls1620,https://usda.library.cornell.edu/concern/publications/gm80hv35d,N,N,N
2020-04-15T15:00:00Z,"Turkey Hatchery",tkha0420,https://usda.library.cornell.edu/concern/publications/k643b117x,N,N,N
2020-04-17T15:00:00Z,"Peanut Prices",pnpr1620,https://usda.library.cornell.edu/concern/publications/5t34sj58c,N,N,N
2020-04-17T15:00:00Z,"Potato Stocks",post0420,https://usda.library.cornell.edu/concern/publications/47429915b,N,N,N
2020-04-20T16:00:00Z,"Crop Progress",prog1720,https://usda.library.cornell.edu/concern/publications/8336h188j,N,N,N
2020-04-21T15:00:00Z,"Chickens and Eggs",ckeg0420,https://usda.library.cornell.edu/concern/publications/fb494842n,N,N,N
2020-04-21T15:00:00Z,"Milk Production",mkpr0420,https://usda.library.cornell.edu/concern/publications/h989r321c,N,N,N
2020-04-22T15:00:00Z,"Broiler Hatchery",brls1720,https://usda.library.cornell.edu/concern/publications/gm80hv35d,N,N,N
2020-04-22T15:00:00Z,"Cold Storage",cost0420,https://usda.library.cornell.edu/concern/publications/pg15bd892,N,N,N
2020-04-22T15:00:00Z,"Livestock Slaughter - Ann.",lsan0420,https://usda.library.cornell.edu/concern/publications/r207tp32d,N,N,N
2020-04-23T15:00:00Z,"Livestock Slaughter",lstk0420,https://usda.library.cornell.edu/concern/publications/rx913p88g,N,N,N
2020-04-24T15:00:00Z,"Cattle on Feed",cofd0420,https://usda.library.cornell.edu/concern/publications/m326m174z,N,N,Y
2020-04-24T15:00:00Z,"Peanut Prices",pnpr1720,https://usda.library.cornell.edu/concern/publications/5t34sj58c,N,N,N
2020-04-24T15:00:00Z,"Poultry Slaughter",psla0420,https://usda.library.cornell.edu/concern/publications/3197xm04j,N,N,N
2020-04-27T15:00:00Z,"Dairy Products - Ann.",daryan20,https://usda.library.cornell.edu/concern/publications/jm214p131,N,N,N
2020-04-27T15:00:00Z,"Peanut Stocks and Processing",pnst0420,https://usda.library.cornell.edu/concern/publications/02870v87z,N,N,N
2020-04-27T16:00:00Z,"Crop Progress",prog1820,https://usda.library.cornell.edu/concern/publications/8336h188j,N,N,N
2020-04-29T15:00:00Z,"Broiler Hatchery",brls1820,https://usda.library.cornell.edu/concern/publications/gm80hv35d,N,N,N
2020-04-29T15:00:00Z,"Egg Products",eggs0420,https://usda.library.cornell.edu/concern/publications/hx11xf25t,N,N,N
2020-04-30T15:00:00Z,"Agricultural Prices",agpr0420,https://usda.library.cornell.edu/concern/publications/c821gj76b,N,N,Y
2020-04-30T15:00:00Z,"Meat Animals - PDI",meatan20,https://usda.library.cornell.edu/concern/publications/02870v85d,N,N,N
2020-04-30T15:00:00Z,"Milk - PDI",mlkpdi20,https://usda.library.cornell.edu/concern/publications/4b29b5974,N,N,N
2020-04-30T15:00:00Z,"Poultry - Production and Value",plva0420,https://usda.library.cornell.edu/concern/publications/m039k491c,N,N,N
2020-05-01T15:00:00Z,"Cotton System",cact0520,https://usda.library.cornell.edu/concern/publications/ng451h506,N,N,N
2020-05-01T15:00:00Z,"Fats & Oils",cafo0520,https://usda.library.cornell.edu/concern/publications/mp48sc77c,N,N,N
2020-05-01T15:00:00Z,"Flour Milling",cafl0520,https://usda.library.cornell.edu/concern/publications/cr56n097m,N,N,N
2020-05-01T15:00:00Z,"Flour Milling - Ann.",caflan20,https://usda.library.cornell.edu/concern/publications/ws859f64s,N,N,N
2020-05-01T15:00:00Z,"Grain Crushings",cagc0520,https://usda.library.cornell.edu/concern/publications/n583xt96p,N,N,N
2020-05-01T15:00:00Z,"Peanut Prices",pnpr1820,https://usda.library.cornell.edu/concern/publications/5t34sj58c,N,N,N
2020-05-04T16:00:00Z,"Crop Progress",prog1920,https://usda.library.cornell.edu/concern/publications/8336h188j,N,N,N
2020-05-05T15:00:00Z,"Dairy Products",dary0520,https://usda.library.cornell.edu/concern/publications/m326m1757,N,N,N
2020-05-05T15:00:00Z,"Noncitrus Fruits and Nuts - Ann.",ncit0520,https://usda.library.cornell.edu/concern/publications/zs25x846c,N,N,N
2020-05-06T15:00:00Z,"Broiler Hatchery",brls1920,https://usda.library.cornell.edu/concern/publications/gm80hv35d,N,N,N
2020-05-07T15:00:00Z,"County Estimates: Peanuts",cepnal20,https://www.nass.usda.gov/Quick_Stats/Lite/,Y,N,N
2020-05-08T15:00:00Z,"Peanut Prices",pnpr1920,https://usda.library.cornell.edu/concern/publications/5t34sj58c,N,N,N
2020-05-08T15:00:00Z,"Agricultural Chemical Usage - Field Crops",agcufc20,https://www.nass.usda.gov/Surveys/Guide_to_NASS_Surveys/Chemical_Use,Y,N,N
2020-05-11T15:00:00Z,"County Estimates: Cattle & Sheep",cectan20,https://www.nass.usda.gov/Quick_Stats/Lite/,Y,N,N
2020-05-11T16:00:00Z,"Crop Progress",prog2020,https://usda.library.cornell.edu/concern/publications/8336h188j,N,N,N
2020-05-12T12:00:00Z,"Cotton Ginnings - Ann.",ctgnan20,https://usda.library.cornell.edu/concern/publications/6108vb275,N,N,N
2020-05-12T12:00:00Z,"Crop Production",crop0520,https://usda.library.cornell.edu/concern/publications/tm70mv177,N,N,Y
2020-05-12T15:00:00Z,"County Estimates: Cotton",cectan20,https://www.nass.usda.gov/Quick_Stats/Lite/,Y,N,N
2020-05-13T15:00:00Z,"Broiler Hatchery",brls2020,https://usda.library.cornell.edu/concern/publications/gm80hv35d,N,N,N
2020-05-14T15:00:00Z,"Turkey Hatchery",tkha0520,https://usda.library.cornell.edu/concern/publications/k643b117x,N,N,N
2020-05-15T15:00:00Z,"North American Flour Milling Products Summary",cairus20,https://usda.library.cornell.edu/concern/publications/n87100088,N,N,N
2020-05-15T15:00:00Z,"Peanut Prices",pnpr2020,https://usda.library.cornell.edu/concern/publications/5t34sj58c,N,N,N
2020-05-18T16:00:00Z,"Crop Progress",prog2120,https://usda.library.cornell.edu/concern/publications/8336h188j,N,N,N
2020-05-20T15:00:00Z,"Broiler Hatchery",brls2120,https://usda.library.cornell.edu/concern/publications/gm80hv35d,N,N,N
2020-05-20T15:00:00Z,"Milk Production",mkpr0520,https://usda.library.cornell.edu/concern/publications/h989r321c,N,N,N
2020-05-21T15:00:00Z,"Cold Storage",cost0520,https://usda.library.cornell.edu/concern/publications/pg15bd892,N,N,N
2020-05-21T15:00:00Z,"Livestock Slaughter",lstk0520,https://usda.library.cornell.edu/concern/publications/rx913p88g,N,N,N
2020-05-22T15:00:00Z,"Cattle on Feed",cofd0520,https://usda.library.cornell.edu/concern/publications/m326m174z,N,N,Y
2020-05-22T15:00:00Z,"Chickens and Eggs",ckeg0520,https://usda.library.cornell.edu/concern/publications/fb494842n,N,N,N
2020-05-22T15:00:00Z,"Peanut Prices",pnpr2120,https://usda.library.cornell.edu/concern/publications/5t34sj58c,N,N,N
2020-05-22T15:00:00Z,"Poultry Slaughter",psla0520,https://usda.library.cornell.edu/concern/publications/3197xm04j,N,N,N
2020-05-26T16:00:00Z,"Crop Progress",prog2220,https://usda.library.cornell.edu/concern/publications/8336h188j,N,N,N
2020-05-27T15:00:00Z,"Broiler Hatchery",brls2220,https://usda.library.cornell.edu/concern/publications/gm80hv35d,N,N,N
2020-05-27T15:00:00Z,"Peanut Stocks and Processing",pnst0520,https://usda.library.cornell.edu/concern/publications/02870v87z,N,N,N
2020-05-28T15:00:00Z,"Egg Products",eggs0520,https://usda.library.cornell.edu/concern/publications/hx11xf25t,N,N,N
2020-05-28T15:00:00Z,"Farm Labor",fmla0520,https://usda.library.cornell.edu/concern/publications/x920fw89s,N,N,N
2020-05-29T15:00:00Z,"Agricultural Prices",agpr0520,https://usda.library.cornell.edu/concern/publications/c821gj76b,N,N,Y
2020-05-29T15:00:00Z,"Peanut Prices",pnpr2220,https://usda.library.cornell.edu/concern/publications/5t34sj58c,N,N,N
2020-06-01T15:00:00Z,"Cotton System",cact0620,https://usda.library.cornell.edu/concern/publications/ng451h506,N,N,N
2020-06-01T15:00:00Z,"Fats & Oils",cafo0620,https://usda.library.cornell.edu/concern/publications/mp48sc77c,N,N,N
2020-06-01T15:00:00Z,"Grain Crushings",cagc0620,https://usda.library.cornell.edu/concern/publications/n583xt96p,N,N,N
2020-06-01T16:00:00Z,"Crop Progress",prog2320,https://usda.library.cornell.edu/concern/publications/8336h188j,N,N,N
2020-06-03T15:00:00Z,"Broiler Hatchery",brls2320,https://usda.library.cornell.edu/concern/publications/gm80hv35d,N,N,N
2020-06-04T15:00:00Z,"Dairy Products",dary0620,https://usda.library.cornell.edu/concern/publications/m326m1757,N,N,N
2020-06-05T15:00:00Z,"Peanut Prices",pnpr2320,https://usda.library.cornell.edu/concern/publications/5t34sj58c,N,N,N
2020-06-08T15:00:00Z,"County Estimates: Poultry",cepoan20,https://www.nass.usda.gov/Quick_Stats/Lite/,Y,N,N
2020-06-08T16:00:00Z,"Crop Progress",prog2420,https://usda.library.cornell.edu/concern/publications/8336h188j,N,N,N
2020-06-09T12:00:00Z,"Census of Agriculture - Puerto Rico",cenpag20,https://www.nass.usda.gov/AgCensus/,N,Y,N
2020-06-10T15:00:00Z,"Broiler Hatchery",brls2420,https://usda.library.cornell.edu/concern/publications/gm80hv35d,N,N,N
2020-06-11T12:00:00Z,"Crop Production",crop0620,https://usda.library.cornell.edu/concern/publications/tm70mv177,N,N,Y
2020-06-12T15:00:00Z,"Peanut Prices",pnpr2420,https://usda.library.cornell.edu/concern/publications/5t34sj58c,N,N,N
2020-06-15T16:00:00Z,"Crop Progress",prog2520,https://usda.library.cornell.edu/concern/publications/8336h188j,N,N,N
2020-06-16T15:00:00Z,"Potato Stocks",post0620,https://usda.library.cornell.edu/concern/publications/47429915b,N,N,N
2020-06-16T15:00:00Z,"Turkey Hatchery",tkha0620,https://usda.library.cornell.edu/concern/publications/k643b117x,N,N,N
2020-06-17T15:00:00Z,"Broiler Hatchery",brls2520,https://usda.library.cornell.edu/concern/publications/gm80hv35d,N,N,N
2020-06-18T15:00:00Z,"Milk Production",mkpr0620,https://usda.library.cornell.edu/concern/publications/h989r321c,N,N,N
2020-06-19T15:00:00Z,"Cattle on Feed",cofd0620,https://usda.library.cornell.edu/concern/publications/m326m174z,N,N,Y
2020-06-19T15:00:00Z,"Peanut Prices",pnpr2520,https://usda.library.cornell.edu/concern/publications/5t34sj58c,N,N,N
2020-06-22T15:00:00Z,"Chickens and Eggs",ckeg0620,https://usda.library.cornell.edu/concern/publications/fb494842n,N,N,N
2020-06-22T15:00:00Z,"Cold Storage",cost0620,https://usda.library.cornell.edu/concern/publications/pg15bd892,N,N,N
2020-06-22T16:00:00Z,"Crop Progress",prog2620,https://usda.library.cornell.edu/concern/publications/8336h188j,N,N,N
2020-06-24T15:00:00Z,"Broiler Hatchery",brls2620,https://usda.library.cornell.edu/concern/publications/gm80hv35d,N,N,N
2020-06-24T15:00:00Z,"Poultry Slaughter",psla0620,https://usda.library.cornell.edu/concern/publications/3197xm04j,N,N,N
2020-06-25T15:00:00Z,"Egg Products",eggs0620,https://usda.library.cornell.edu/concern/publications/hx11xf25t,N,N,N
2020-06-25T15:00:00Z,"Hogs and Pigs",hgpg0620,https://usda.library.cornell.edu/concern/publications/rj430453j,N,N,Y
2020-06-25T15:00:00Z,"Livestock Slaughter",lstk0620,https://usda.library.cornell.edu/concern/publications/rx913p88g,N,N,N
2020-06-26T15:00:00Z,"Peanut Prices",pnpr2620,https://usda.library.cornell.edu/concern/publications/5t34sj58c,N,N,N
2020-06-26T15:00:00Z,"Peanut Stocks and Processing",pnst0620,https://usda.library.cornell.edu/concern/publications/02870v87z,N,N,N
2020-06-29T16:00:00Z,"Crop Progress",prog2720,https://usda.library.cornell.edu/concern/publications/8336h188j,N,N,N
2020-06-30T12:00:00Z,"Acreage",acrg0620,https://usda.library.cornell.edu/concern/publications/j098zb09z,N,N,Y
2020-06-30T12:00:00Z,"Grain Stocks",grst0620,https://usda.library.cornell.edu/concern/publications/xg94hp534,N,N,Y
2020-06-30T12:00:00Z,"Rice Stocks",rice0620,https://usda.library.cornell.edu/concern/publications/d791sg19j,N,N,N
2020-06-30T15:00:00Z,"Agricultural Prices",agpr0620,https://usda.library.cornell.edu/concern/publications/c821gj76b,N,N,Y
2020-07-01T15:00:00Z,"Broiler Hatchery",brls2720,https://usda.library.cornell.edu/concern/publications/gm80hv35d,N,N,N
2020-07-01T15:00:00Z,"Cotton System",cact0720,https://usda.library.cornell.edu/concern/publications/ng451h506,N,N,N
2020-07-01T15:00:00Z,"Dairy Products",dary0720,https://usda.library.cornell.edu/concern/publications/m326m1757,N,N,N
2020-07-01T15:00:00Z,"Fats & Oils",cafo0720,https://usda.library.cornell.edu/concern/publications/mp48sc77c,N,N,N
2020-07-01T15:00:00Z,"Grain Crushings",cagc0720,https://usda.library.cornell.edu/concern/publications/n583xt96p,N,N,N
2020-07-02T15:00:00Z,"Peanut Prices",pnpr2720,https://usda.library.cornell.edu/concern/publications/5t34sj58c,N,N,N
2020-07-06T16:00:00Z,"Crop Progress",prog2820,https://usda.library.cornell.edu/concern/publications/8336h188j,N,N,N
2020-07-08T15:00:00Z,"Broiler Hatchery",brls2820,https://usda.library.cornell.edu/concern/publications/gm80hv35d,N,N,N
2020-07-10T12:00:00Z,"Crop Production",crop0720,https://usda.library.cornell.edu/concern/publications/tm70mv177,N,N,Y
2020-07-10T15:00:00Z,"Peanut Prices",pnpr2820,https://usda.library.cornell.edu/concern/publications/5t34sj58c,N,N,N
2020-07-13T16:00:00Z,"Crop Progress",prog2920,https://usda.library.cornell.edu/concern/publications/8336h188j,N,N,N
2020-07-15T15:00:00Z,"Broiler Hatchery",brls2920,https://usda.library.cornell.edu/concern/publications/gm80hv35d,N,N,N
2020-07-15T15:00:00Z,"Turkey Hatchery",tkha0720,https://usda.library.cornell.edu/concern/publications/k643b117x,N,N,N
2020-07-17T15:00:00Z,"Peanut Prices",pnpr2920,https://usda.library.cornell.edu/concern/publications/5t34sj58c,N,N,N
2020-07-20T16:00:00Z,"Crop Progress",prog3020,https://usda.library.cornell.edu/concern/publications/8336h188j,N,N,N
2020-07-21T12:00:00Z,"Census of Agriculture: Outlying Areas",censpr20,https://www.nass.usda.gov/AgCensus/,N,Y,N
2020-07-21T15:00:00Z,"Catfish Production",cfpd0720,https://usda.library.cornell.edu/concern/publications/bg257f046,N,N,N
2020-07-21T15:00:00Z,"Chickens and Eggs",ckeg0720,https://usda.library.cornell.edu/concern/publications/fb494842n,N,N,N
2020-07-21T15:00:00Z,"Milk Production",mkpr0720,https://usda.library.cornell.edu/concern/publications/h989r321c,N,N,N
2020-07-22T15:00:00Z,"Broiler Hatchery",brls3020,https://usda.library.cornell.edu/concern/publications/gm80hv35d,N,N,N
2020-07-22T15:00:00Z,"Cold Storage",cost0720,https://usda.library.cornell.edu/concern/publications/pg15bd892,N,N,N
2020-07-22T15:00:00Z,"Agricultural Chemical Usage - Fruits",agcf0720,https://www.nass.usda.gov/Surveys/Guide_to_NASS_Surveys/Chemical_Use,Y,N,N
2020-07-23T15:00:00Z,"Livestock Slaughter",lstk0720,https://usda.library.cornell.edu/concern/publications/rx913p88g,N,N,N
2020-07-23T15:00:00Z,"Mink",mink0720,https://usda.library.cornell.edu/concern/publications/2227mp65f,N,N,N
2020-07-24T15:00:00Z,"Cattle",catl0720,https://usda.library.cornell.edu/concern/publications/h702q636h,N,N,Y
2020-07-24T15:00:00Z,"Cattle on Feed",cofd0720,https://usda.library.cornell.edu/concern/publications/m326m174z,N,N,Y
2020-07-24T15:00:00Z,"Peanut Prices",pnpr3020,https://usda.library.cornell.edu/concern/publications/5t34sj58c,N,N,N
2020-07-24T15:00:00Z,"Poultry Slaughter",psla0720,https://usda.library.cornell.edu/concern/publications/3197xm04j,N,N,N
2020-07-27T16:00:00Z,"Crop Progress",prog3120,https://usda.library.cornell.edu/concern/publications/8336h188j,N,N,N
2020-07-28T15:00:00Z,"Peanut Stocks and Processing",pnst0720,https://usda.library.cornell.edu/concern/publications/02870v87z,N,N,N
2020-07-29T15:00:00Z,"Broiler Hatchery",brls3120,https://usda.library.cornell.edu/concern/publications/gm80hv35d,N,N,N
2020-07-29T15:00:00Z,"Egg Products",eggs0720,https://usda.library.cornell.edu/concern/publications/hx11xf25t,N,N,N
2020-07-31T15:00:00Z,"Agricultural Prices",agpr0720,https://usda.library.cornell.edu/concern/publications/c821gj76b,N,N,Y
2020-07-31T15:00:00Z,"Farm Production Expenditures",fpex0720,https://usda.library.cornell.edu/concern/publications/qz20ss48r,N,N,N
2020-07-31T15:00:00Z,"Peanut Prices",pnpr3120,https://usda.library.cornell.edu/concern/publications/5t34sj58c,N,N,N
2020-08-03T15:00:00Z,"Cotton System",cact0820,https://usda.library.cornell.edu/concern/publications/ng451h506,N,N,N
2020-08-03T15:00:00Z,"Fats & Oils",cafo0820,https://usda.library.cornell.edu/concern/publications/mp48sc77c,N,N,N
2020-08-03T15:00:00Z,"Flour Milling",cafl0820,https://usda.library.cornell.edu/concern/publications/cr56n097m,N,N,N
2020-08-03T15:00:00Z,"Grain Crushings",cagc0820,https://usda.library.cornell.edu/concern/publications/n583xt96p,N,N,N
2020-08-03T15:00:00Z,"Honey Bee Colonies",hcny0820,https://usda.library.cornell.edu/concern/publications/rn301137d,N,N,N
2020-08-03T16:00:00Z,"Crop Progress",prog3220,https://usda.library.cornell.edu/concern/publications/8336h188j,N,N,N
2020-08-04T15:00:00Z,"Dairy Products",dary0820,https://usda.library.cornell.edu/concern/publications/m326m1757,N,N,N
2020-08-05T15:00:00Z,"Broiler Hatchery",brls3220,https://usda.library.cornell.edu/concern/publications/gm80hv35d,N,N,N
2020-08-06T15:00:00Z,"Land Values",land0820,https://usda.library.cornell.edu/concern/publications/pn89d6567,N,N,N
2020-08-06T15:00:00Z,"Cash Rents- State",rent0820,https://quickstats.nass.usda.gov/results/58B27A06-F574-315B-A854-9BF568F17652#7878272B-A9F3-3BC2-960D-5F03B7DF4826,Y,N,N
2020-08-07T15:00:00Z,"Peanut Prices",pnpr3220,https://usda.library.cornell.edu/concern/publications/5t34sj58c,N,N,N
2020-08-10T16:00:00Z,"Crop Progress",prog3320,https://usda.library.cornell.edu/concern/publications/8336h188j,N,N,N
2020-08-12T12:00:00Z,"Cotton Ginnings",ctgn3320,https://usda.library.cornell.edu/concern/publications/q524jn76v,N,N,N
2020-08-12T12:00:00Z,"Crop Production",crop0820,https://usda.library.cornell.edu/concern/publications/tm70mv177,N,N,Y
2020-08-12T15:00:00Z,"Broiler Hatchery",brls3320,https://usda.library.cornell.edu/concern/publications/gm80hv35d,N,N,N
2020-08-13T15:00:00Z,"Turkey Hatchery",tkha0820,https://usda.library.cornell.edu/concern/publications/k643b117x,N,N,N
2020-08-14T15:00:00Z,"Peanut Prices",pnpr3320,https://usda.library.cornell.edu/concern/publications/5t34sj58c,N,N,N
2020-08-17T15:00:00Z,"National Farmers Market Managers",nfar0820,https://usda.library.cornell.edu/concern/publications/pz50hd694,N,N,N
2020-08-17T15:00:00Z,"County Estimates: Hogs",cehgan20,https://www.nass.usda.gov/Quick_Stats/Lite/,Y,N,N
2020-08-17T16:00:00Z,"Crop Progress",prog3420,https://usda.library.cornell.edu/concern/publications/8336h188j,N,N,N
2020-08-19T15:00:00Z,"Broiler Hatchery",brls3420,https://usda.library.cornell.edu/concern/publications/gm80hv35d,N,N,N
2020-08-19T15:00:00Z,"Milk Production",mkpr0820,https://usda.library.cornell.edu/concern/publications/h989r321c,N,N,N
2020-08-20T15:00:00Z,"Livestock Slaughter",lstk0820,https://usda.library.cornell.edu/concern/publications/rx913p88g,N,N,N
2020-08-21T12:00:00Z,"Rice Stocks",rice0820,https://usda.library.cornell.edu/concern/publications/d791sg19j,N,N,N
2020-08-21T15:00:00Z,"Cattle on Feed",cofd0820,https://usda.library.cornell.edu/concern/publications/m326m174z,N,N,Y
2020-08-21T15:00:00Z,"Chickens and Eggs",ckeg0820,https://usda.library.cornell.edu/concern/publications/fb494842n,N,N,N
2020-08-21T15:00:00Z,"Peanut Prices",pnpr3420,https://usda.library.cornell.edu/concern/publications/5t34sj58c,N,N,N
2020-08-24T15:00:00Z,"Cold Storage",cost0820,https://usda.library.cornell.edu/concern/publications/pg15bd892,N,N,N
2020-08-24T15:00:00Z,"Poultry Slaughter",psla0820,https://usda.library.cornell.edu/concern/publications/3197xm04j,N,N,N
2020-08-24T16:00:00Z,"Crop Progress",prog3520,https://usda.library.cornell.edu/concern/publications/8336h188j,N,N,N
2020-08-25T15:00:00Z,"U.S. and Canadian Cattle",uscc0820,https://usda.library.cornell.edu/concern/publications/474299142,N,N,N
2020-08-25T15:00:00Z,"U.S. and Canadian Hogs",usch0820,https://usda.library.cornell.edu/concern/publications/7h149p85x,N,N,N
2020-08-26T15:00:00Z,"Broiler Hatchery",brls3520,https://usda.library.cornell.edu/concern/publications/gm80hv35d,N,N,N
2020-08-26T15:00:00Z,"Citrus Fruits",cfrt0820,https://usda.library.cornell.edu/concern/publications/j9602060k,N,N,N
2020-08-27T15:00:00Z,"Egg Products",eggs0820,https://usda.library.cornell.edu/concern/publications/hx11xf25t,N,N,N
2020-08-27T15:00:00Z,"Peanut Stocks and Processing",pnst0820,https://usda.library.cornell.edu/concern/publications/02870v87z,N,N,N
2020-08-28T15:00:00Z,"Agricultural Prices",agpr0820,https://usda.library.cornell.edu/concern/publications/c821gj76b,N,N,Y
2020-08-28T15:00:00Z,"Peanut Prices",pnpr3520,https://usda.library.cornell.edu/concern/publications/5t34sj58c,N,N,N
2020-08-28T15:00:00Z,"Cash Rents - County",cecart20,https://quickstats.nass.usda.gov/results/E0F5EB36-3313-3D7B-9E7F-E56A3365CF2B#9A9F55D7-E267-38C6-ACB9-DF106291B5A7,Y,N,N
2020-08-31T15:00:00Z,"Mushrooms",mush0820,https://usda.library.cornell.edu/concern/publications/r781wg03d,N,N,N
2020-08-31T16:00:00Z,"Crop Progress",prog3620,https://usda.library.cornell.edu/concern/publications/8336h188j,N,N,N
2020-09-01T15:00:00Z,"Cotton System",cact0920,https://usda.library.cornell.edu/concern/publications/ng451h506,N,N,N
2020-09-01T15:00:00Z,"Fats & Oils",cafo0920,https://usda.library.cornell.edu/concern/publications/mp48sc77c,N,N,N
2020-09-01T15:00:00Z,"Grain Crushings",cagc0920,https://usda.library.cornell.edu/concern/publications/n583xt96p,N,N,N
2020-09-02T15:00:00Z,"Broiler Hatchery",brls3620,https://usda.library.cornell.edu/concern/publications/gm80hv35d,N,N,N
2020-09-03T15:00:00Z,"Dairy Products",dary0920,https://usda.library.cornell.edu/concern/publications/m326m1757,N,N,N
2020-09-04T15:00:00Z,"Peanut Prices",pnpr3620,https://usda.library.cornell.edu/concern/publications/5t34sj58c,N,N,N
2020-09-08T16:00:00Z,"Crop Progress",prog3720,https://usda.library.cornell.edu/concern/publications/8336h188j,N,N,N
2020-09-09T15:00:00Z,"Broiler Hatchery",brls3720,https://usda.library.cornell.edu/concern/publications/gm80hv35d,N,N,N
2020-09-11T12:00:00Z,"Cotton Ginnings",ctgn3720,https://usda.library.cornell.edu/concern/publications/q524jn76v,N,N,N
2020-09-11T12:00:00Z,"Crop Production",crop0920,https://usda.library.cornell.edu/concern/publications/tm70mv177,N,N,Y
2020-09-11T15:00:00Z,"Peanut Prices",pnpr3720,https://usda.library.cornell.edu/concern/publications/5t34sj58c,N,N,N
2020-09-14T16:00:00Z,"Crop Progress",prog3820,https://usda.library.cornell.edu/concern/publications/8336h188j,N,N,N
2020-09-15T15:00:00Z,"Livestock Historical Track Records",lvstan20,https://usda.library.cornell.edu/concern/publications/4b29b598d,N,N,N
2020-09-15T15:00:00Z,"Turkey Hatchery",tkha0920,https://usda.library.cornell.edu/concern/publications/k643b117x,N,N,N
2020-09-16T15:00:00Z,"Broiler Hatchery",brls3820,https://usda.library.cornell.edu/concern/publications/gm80hv35d,N,N,N
2020-09-17T15:00:00Z,"Milk Production",mkpr0920,https://usda.library.cornell.edu/concern/publications/h989r321c,N,N,N
2020-09-17T15:00:00Z,"Potatoes",pots0920,https://usda.library.cornell.edu/concern/publications/fx719m44h,N,N,N
2020-09-18T15:00:00Z,"Hop Stocks",hops0920,https://usda.library.cornell.edu/concern/publications/sb397825r,N,N,N
2020-09-18T15:00:00Z,"Peanut Prices",pnpr3820,https://usda.library.cornell.edu/concern/publications/5t34sj58c,N,N,N
2020-09-21T16:00:00Z,"Crop Progress",prog3920,https://usda.library.cornell.edu/concern/publications/8336h188j,N,N,N
2020-09-22T15:00:00Z,"Chickens and Eggs",ckeg0920,https://usda.library.cornell.edu/concern/publications/fb494842n,N,N,N
2020-09-22T15:00:00Z,"Cold Storage",cost0920,https://usda.library.cornell.edu/concern/publications/pg15bd892,N,N,N
2020-09-23T12:00:00Z,"Cotton Ginnings",ctgn3920,https://usda.library.cornell.edu/concern/publications/q524jn76v,N,N,N
2020-09-23T15:00:00Z,"Broiler Hatchery",brls3920,https://usda.library.cornell.edu/concern/publications/gm80hv35d,N,N,N
2020-09-24T15:00:00Z,"Hogs and Pigs",hgpg0920,https://usda.library.cornell.edu/concern/publications/rj430453j,N,N,Y
2020-09-24T15:00:00Z,"Livestock Slaughter",lstk0920,https://usda.library.cornell.edu/concern/publications/rx913p88g,N,N,N
2020-09-24T15:00:00Z,"Poultry Slaughter",psla0920,https://usda.library.cornell.edu/concern/publications/3197xm04j,N,N,N
2020-09-24T15:00:00Z,"Turkeys Raised",tuky0920,https://usda.library.cornell.edu/concern/publications/0g354f23n,N,N,N
2020-09-25T15:00:00Z,"Cattle on Feed",cofd0920,https://usda.library.cornell.edu/concern/publications/m326m174z,N,N,Y
2020-09-25T15:00:00Z,"Peanut Prices",pnpr3920,https://usda.library.cornell.edu/concern/publications/5t34sj58c,N,N,N
2020-09-28T15:00:00Z,"Egg Products",eggs0920,https://usda.library.cornell.edu/concern/publications/hx11xf25t,N,N,N
2020-09-28T15:00:00Z,"Peanut Stocks and Processing",pnst0920,https://usda.library.cornell.edu/concern/publications/02870v87z,N,N,N
2020-09-28T16:00:00Z,"Crop Progress",prog4020,https://usda.library.cornell.edu/concern/publications/8336h188j,N,N,N
2020-09-30T12:00:00Z,"Grain Stocks",grst0920,https://usda.library.cornell.edu/concern/publications/xg94hp534,N,N,Y
2020-09-30T12:00:00Z,"Small Grains Summary",smgr0920,https://usda.library.cornell.edu/concern/publications/5t34sj573,N,N,Y
2020-09-30T15:00:00Z,"Agricultural Prices",agpr0920,https://usda.library.cornell.edu/concern/publications/c821gj76b,N,N,Y
2020-09-30T15:00:00Z,"Broiler Hatchery",brls4020,https://usda.library.cornell.edu/concern/publications/gm80hv35d,N,N,N
2020-10-01T15:00:00Z,"Cotton System",cact1020,https://usda.library.cornell.edu/concern/publications/ng451h506,N,N,N
2020-10-01T15:00:00Z,"Fats & Oils",cafo1020,https://usda.library.cornell.edu/concern/publications/mp48sc77c,N,N,N
2020-10-01T15:00:00Z,"Grain Crushings",cagc1020,https://usda.library.cornell.edu/concern/publications/n583xt96p,N,N,N
2020-10-02T15:00:00Z,"Peanut Prices",pnpr4020,https://usda.library.cornell.edu/concern/publications/5t34sj58c,N,N,N
2020-10-05T15:00:00Z,"Dairy Products",dary1020,https://usda.library.cornell.edu/concern/publications/m326m1757,N,N,N
2020-10-05T16:00:00Z,"Crop Progress",prog4120,https://usda.library.cornell.edu/concern/publications/8336h188j,N,N,N
2020-10-07T15:00:00Z,"Broiler Hatchery",brls4120,https://usda.library.cornell.edu/concern/publications/gm80hv35d,N,N,N
2020-10-09T12:00:00Z,"Cotton Ginnings",ctgn4120,https://usda.library.cornell.edu/concern/publications/q524jn76v,N,N,N
2020-10-09T12:00:00Z,"Crop Production",crop1020,https://usda.library.cornell.edu/concern/publications/tm70mv177,N,N,Y
2020-10-09T15:00:00Z,"Peanut Prices",pnpr4120,https://usda.library.cornell.edu/concern/publications/5t34sj58c,N,N,N
2020-10-13T16:00:00Z,"Crop Progress",prog4220,https://usda.library.cornell.edu/concern/publications/8336h188j,N,N,N
2020-10-14T15:00:00Z,"Broiler Hatchery",brls4220,https://usda.library.cornell.edu/concern/publications/gm80hv35d,N,N,N
2020-10-15T15:00:00Z,"Turkey Hatchery",tkha1020,https://usda.library.cornell.edu/concern/publications/k643b117x,N,N,N
2020-10-16T15:00:00Z,"Peanut Prices",pnpr4220,https://usda.library.cornell.edu/concern/publications/5t34sj58c,N,N,N
2020-10-19T16:00:00Z,"Crop Progress",prog4320,https://usda.library.cornell.edu/concern/publications/8336h188j,N,N,N
2020-10-20T15:00:00Z,"Milk Production",mkpr1020,https://usda.library.cornell.edu/concern/publications/h989r321c,N,N,N
2020-10-21T15:00:00Z,"Broiler Hatchery",brls4320,https://usda.library.cornell.edu/concern/publications/gm80hv35d,N,N,N
2020-10-22T12:00:00Z,"Cotton Ginnings",ctgn4320,https://usda.library.cornell.edu/concern/publications/q524jn76v,N,N,N
2020-10-22T12:00:00Z,"Organics",cenorg20,https://www.nass.usda.gov/AgCensus/,N,Y,N
2020-10-22T15:00:00Z,"Cold Storage",cost1020,https://usda.library.cornell.edu/concern/publications/pg15bd892,N,N,N
2020-10-22T15:00:00Z,"Livestock Slaughter",lstk1020,https://usda.library.cornell.edu/concern/publications/rx913p88g,N,N,N
2020-10-23T12:00:00Z,"Rice Stocks",rice1020,https://usda.library.cornell.edu/concern/publications/d791sg19j,N,N,N
2020-10-23T15:00:00Z,"Cattle on Feed",cofd1020,https://usda.library.cornell.edu/concern/publications/m326m174z,N,N,Y
2020-10-23T15:00:00Z,"Chickens and Eggs",ckeg1020,https://usda.library.cornell.edu/concern/publications/fb494842n,N,N,N
2020-10-23T15:00:00Z,"Peanut Prices",pnpr4320,https://usda.library.cornell.edu/concern/publications/5t34sj58c,N,N,N
2020-10-23T15:00:00Z,"Poultry Slaughter",psla1020,https://usda.library.cornell.edu/concern/publications/3197xm04j,N,N,N
2020-10-26T16:00:00Z,"Crop Progress",prog4420,https://usda.library.cornell.edu/concern/publications/8336h188j,N,N,N
2020-10-27T15:00:00Z,"Peanut Stocks and Processing",pnst1020,https://usda.library.cornell.edu/concern/publications/02870v87z,N,N,N
2020-10-28T15:00:00Z,"Broiler Hatchery",brls4420,https://usda.library.cornell.edu/concern/publications/gm80hv35d,N,N,N
2020-10-28T15:00:00Z,"Egg Products",eggs1020,https://usda.library.cornell.edu/concern/publications/hx11xf25t,N,N,N
2020-10-30T15:00:00Z,"Agricultural Prices",agpr1020,https://usda.library.cornell.edu/concern/publications/c821gj76b,N,N,Y
2020-10-30T15:00:00Z,"Peanut Prices",pnpr4420,https://usda.library.cornell.edu/concern/publications/5t34sj58c,N,N,N
2020-11-02T15:00:00Z,"Cotton System",cact1120,https://usda.library.cornell.edu/concern/publications/ng451h506,N,N,N
2020-11-02T15:00:00Z,"Fats & Oils",cafo1120,https://usda.library.cornell.edu/concern/publications/mp48sc77c,N,N,N
2020-11-02T15:00:00Z,"Flour Milling",cafl1120,https://usda.library.cornell.edu/concern/publications/cr56n097m,N,N,N
2020-11-02T15:00:00Z,"Grain Crushings",cagc1120,https://usda.library.cornell.edu/concern/publications/n583xt96p,N,N,N
2020-11-02T16:00:00Z,"Crop Progress",prog4520,https://usda.library.cornell.edu/concern/publications/8336h188j,N,N,N
2020-11-04T15:00:00Z,"Broiler Hatchery",brls4520,https://usda.library.cornell.edu/concern/publications/gm80hv35d,N,N,N
2020-11-05T15:00:00Z,"Dairy Products",dary1120,https://usda.library.cornell.edu/concern/publications/m326m1757,N,N,N
2020-11-06T15:00:00Z,"Peanut Prices",pnpr4520,https://usda.library.cornell.edu/concern/publications/5t34sj58c,N,N,N
2020-11-09T16:00:00Z,"Crop Progress",prog4620,https://usda.library.cornell.edu/concern/publications/8336h188j,N,N,N
2020-11-10T12:00:00Z,"Cotton Ginnings",ctgn4620,https://usda.library.cornell.edu/concern/publications/q524jn76v,N,N,N
2020-11-10T12:00:00Z,"Crop Production",crop1120,https://usda.library.cornell.edu/concern/publications/tm70mv177,N,N,Y
2020-11-12T15:00:00Z,"Broiler Hatchery",brls4620,https://usda.library.cornell.edu/concern/publications/gm80hv35d,N,N,N
2020-11-13T15:00:00Z,"Peanut Prices",pnpr4620,https://usda.library.cornell.edu/concern/publications/5t34sj58c,N,N,N
2020-11-16T16:00:00Z,"Crop Progress",prog4720,https://usda.library.cornell.edu/concern/publications/8336h188j,N,N,N
2020-11-18T15:00:00Z,"Broiler Hatchery",brls4720,https://usda.library.cornell.edu/concern/publications/gm80hv35d,N,N,N
2020-11-18T15:00:00Z,"Milk Production",mkpr1120,https://usda.library.cornell.edu/concern/publications/h989r321c,N,N,N
2020-11-18T15:00:00Z,"Turkey Hatchery",tkha1120,https://usda.library.cornell.edu/concern/publications/k643b117x,N,N,N
2020-11-19T15:00:00Z,"Livestock Slaughter",lstk1120,https://usda.library.cornell.edu/concern/publications/rx913p88g,N,N,N
2020-11-20T15:00:00Z,"Cattle on Feed",cofd1120,https://usda.library.cornell.edu/concern/publications/m326m174z,N,N,Y
2020-11-20T15:00:00Z,"Peanut Prices",pnpr4720,https://usda.library.cornell.edu/concern/publications/5t34sj58c,N,N,N
2020-11-23T15:00:00Z,"Chickens and Eggs",ckeg1120,https://usda.library.cornell.edu/concern/publications/fb494842n,N,N,N
2020-11-23T15:00:00Z,"Cold Storage",cost1120,https://usda.library.cornell.edu/concern/publications/pg15bd892,N,N,N
2020-11-23T16:00:00Z,"Crop Progress",prog4820,https://usda.library.cornell.edu/concern/publications/8336h188j,N,N,N
2020-11-24T12:00:00Z,"Cotton Ginnings",ctgn4820,https://usda.library.cornell.edu/concern/publications/q524jn76v,N,N,N
2020-11-24T15:00:00Z,"Poultry Slaughter",psla1120,https://usda.library.cornell.edu/concern/publications/3197xm04j,N,N,N
2020-11-25T15:00:00Z,"Broiler Hatchery",brls4820,https://usda.library.cornell.edu/concern/publications/gm80hv35d,N,N,N
2020-11-25T15:00:00Z,"Egg Products",eggs1120,https://usda.library.cornell.edu/concern/publications/hx11xf25t,N,N,N
2020-11-27T15:00:00Z,"Peanut Prices",pnpr4820,https://usda.library.cornell.edu/concern/publications/5t34sj58c,N,N,N
2020-11-27T15:00:00Z,"Peanut Stocks and Processing",pnst1120,https://usda.library.cornell.edu/concern/publications/02870v87z,N,N,N
2020-11-30T15:00:00Z,"Agricultural Prices",agpr1120,https://usda.library.cornell.edu/concern/publications/c821gj76b,N,N,Y
2020-11-30T16:00:00Z,"Crop Progress",prog4920,https://usda.library.cornell.edu/concern/publications/8336h188j,N,N,N
2020-12-01T15:00:00Z,"Cotton System",cact1220,https://usda.library.cornell.edu/concern/publications/ng451h506,N,N,N
2020-12-01T15:00:00Z,"Fats & Oils",cafo1220,https://usda.library.cornell.edu/concern/publications/mp48sc77c,N,N,N
2020-12-01T15:00:00Z,"Grain Crushings",cagc1220,https://usda.library.cornell.edu/concern/publications/n583xt96p,N,N,N
2020-12-02T15:00:00Z,"Broiler Hatchery",brls4920,https://usda.library.cornell.edu/concern/publications/gm80hv35d,N,N,N
2020-12-03T15:00:00Z,"Dairy Products",dary1220,https://usda.library.cornell.edu/concern/publications/m326m1757,N,N,N
2020-12-04T15:00:00Z,"Peanut Prices",pnpr4920,https://usda.library.cornell.edu/concern/publications/5t34sj58c,N,N,N
2020-12-08T12:00:00Z,"Census of Horticulture",cenhrt20,https://www.nass.usda.gov/AgCensus/,N,Y,N
2020-12-08T12:00:00Z,"Floriculture Crops",floran20,https://usda.library.cornell.edu/concern/publications/0p0966899,N,N,N
2020-12-09T15:00:00Z,"Broiler Hatchery",brls5020,https://usda.library.cornell.edu/concern/publications/gm80hv35d,N,N,N
2020-12-09T15:00:00Z,"North American Potatoes",uscp1220,https://usda.library.cornell.edu/concern/publications/4m90dv511,N,N,N
2020-12-10T12:00:00Z,"Cotton Ginnings",ctgn5020,https://usda.library.cornell.edu/concern/publications/q524jn76v,N,N,N
2020-12-10T12:00:00Z,"Crop Production",crop1220,https://usda.library.cornell.edu/concern/publications/tm70mv177,N,N,Y
2020-12-10T15:00:00Z,"County Estimates: Barley, Oats, Wheat",cebran20,https://www.nass.usda.gov/Quick_Stats/Lite/,Y,N,N
2020-12-11T15:00:00Z,"Peanut Prices",pnpr5020,https://usda.library.cornell.edu/concern/publications/5t34sj58c,N,N,N
2020-12-16T15:00:00Z,"Broiler Hatchery",brls5120,https://usda.library.cornell.edu/concern/publications/gm80hv35d,N,N,N
2020-12-16T15:00:00Z,"Turkey Hatchery",tkha1220,https://usda.library.cornell.edu/concern/publications/k643b117x,N,N,N
2020-12-17T15:00:00Z,"Irrigation Organizations",siog1220,https://usda.library.cornell.edu/concern/publications/x920gg177,N,N,N
2020-12-17T15:00:00Z,"Milk Production",mkpr1220,https://usda.library.cornell.edu/concern/publications/h989r321c,N,N,N
2020-12-17T15:00:00Z,"Potato Stocks",post1220,https://usda.library.cornell.edu/concern/publications/47429915b,N,N,N
2020-12-18T15:00:00Z,"Cattle on Feed",cofd1220,https://usda.library.cornell.edu/concern/publications/m326m174z,N,N,Y
2020-12-18T15:00:00Z,"Peanut Prices",pnpr5120,https://usda.library.cornell.edu/concern/publications/5t34sj58c,N,N,N
2020-12-22T12:00:00Z,"Cotton Ginnings",ctgn5220,https://usda.library.cornell.edu/concern/publications/q524jn76v,N,N,N
2020-12-22T15:00:00Z,"Chickens and Eggs",ckeg1220,https://usda.library.cornell.edu/concern/publications/fb494842n,N,N,N
2020-12-22T15:00:00Z,"Cold Storage",cost1220,https://usda.library.cornell.edu/concern/publications/pg15bd892,N,N,N
2020-12-22T15:00:00Z,"National Hop Report",hopsan20,https://usda.library.cornell.edu/concern/publications/s7526c41m,N,N,N
2020-12-22T15:00:00Z,"Poultry Slaughter",psla1220,https://usda.library.cornell.edu/concern/publications/3197xm04j,N,N,N
2020-12-23T15:00:00Z,"Broiler Hatchery",brls5220,https://usda.library.cornell.edu/concern/publications/gm80hv35d,N,N,N
2020-12-23T15:00:00Z,"Hogs and Pigs",hgpg1220,https://usda.library.cornell.edu/concern/publications/rj430453j,N,N,Y
2020-12-23T15:00:00Z,"Livestock Slaughter",lstk1220,https://usda.library.cornell.edu/concern/publications/rx913p88g,N,N,N
2020-12-23T15:00:00Z,"Peanut Prices",pnpr5220,https://usda.library.cornell.edu/concern/publications/5t34sj58c,N,N,N
2020-12-28T15:00:00Z,"Peanut Stocks and Processing",pnst1220,https://usda.library.cornell.edu/concern/publications/02870v87z,N,N,N
2020-12-29T15:00:00Z,"Egg Products",eggs1220,https://usda.library.cornell.edu/concern/publications/hx11xf25t,N,N,N
2020-12-30T15:00:00Z,"Agricultural Prices",agpr1220,https://usda.library.cornell.edu/concern/publications/c821gj76b,N,N,Y
2020-12-30T15:00:00Z,"Broiler Hatchery",brls5320,https://usda.library.cornell.edu/concern/publications/gm80hv35d,N,N,N
2020-12-31T15:00:00Z,"Peanut Prices",pnpr5320,https://usda.library.cornell.edu/concern/publications/5t34sj58c,N,N,N
2020-01-01T00:00:00Z,"HOLIDAY", , ,N,N,N
2020-01-20T00:00:00Z,"HOLIDAY", , ,N,N,N
2020-02-17T00:00:00Z,"HOLIDAY", , ,N,N,N
2020-05-25T00:00:00Z,"HOLIDAY", , ,N,N,N
2020-07-03T00:00:00Z,"HOLIDAY", , ,N,N,N
2020-09-07T00:00:00Z,"HOLIDAY", , ,N,N,N
2020-10-12T00:00:00Z,"HOLIDAY", , ,N,N,N
2020-11-11T00:00:00Z,"HOLIDAY", , ,N,N,N
2020-11-26T00:00:00Z,"HOLIDAY", , ,N,N,N
2020-12-25T00:00:00Z,"HOLIDAY", , ,N,N,N
2021-01-04T15:00:00Z,"Cotton System",cact0121,https://usda.library.cornell.edu/concern/publications/ng451h506,N,N,N
2021-01-04T15:00:00Z,"Fats & Oils",cafo0121,https://usda.library.cornell.edu/concern/publications/mp48sc77c,N,N,N
2021-01-04T15:00:00Z,"Grain Crushings",cagc0121,https://usda.library.cornell.edu/concern/publications/n583xt96p,N,N,N
2021-01-05T12:00:00Z,"State Stories",stwe0221,https://usda.library.cornell.edu/concern/publications/fq977t77k,N,N,N
2021-01-06T15:00:00Z,"Broiler Hatchery",brls0221,https://usda.library.cornell.edu/concern/publications/gm80hv35d,N,N,N
2021-01-06T15:00:00Z,"Dairy Products",dary0121,https://usda.library.cornell.edu/concern/publications/m326m1757,N,N,N
2021-01-08T15:00:00Z,"Peanut Prices",pnpr0221,https://usda.library.cornell.edu/concern/publications/5t34sj58c,N,Y,N
2021-01-12T12:00:00Z,"Cotton Ginnings",ctgn0321,https://usda.library.cornell.edu/concern/publications/q524jn76v,N,N,N
2021-01-12T12:00:00Z,"Crop Production",crop0121,https://usda.library.cornell.edu/concern/publications/tm70mv177,N,N,Y
2021-01-12T12:00:00Z,"Crop Production - Ann.",cropan21,https://usda.library.cornell.edu/concern/publications/k3569432s,N,N,Y
2021-01-12T12:00:00Z,"Grain Stocks",grst0121,https://usda.library.cornell.edu/concern/publications/xg94hp534,N,N,Y
2021-01-12T12:00:00Z,"Rice Stocks",rice0121,https://usda.library.cornell.edu/concern/publications/d791sg19j,N,N,N
2021-01-12T12:00:00Z,"Winter Wheat/Canola Seedings",wtrc0121,https://usda.library.cornell.edu/concern/publications/z890rt24s,N,N,Y
2021-01-13T15:00:00Z,"Broiler Hatchery",brls0321,https://usda.library.cornell.edu/concern/publications/gm80hv35d,N,N,N
2021-01-13T15:00:00Z,"Turkey Hatchery",tkha0121,https://usda.library.cornell.edu/concern/publications/k643b117x,N,N,N
2021-01-15T15:00:00Z,"Peanut Prices",pnpr0321,https://usda.library.cornell.edu/concern/publications/5t34sj58c,N,N,N
2021-01-21T15:00:00Z,"Broiler Hatchery",brls0421,https://usda.library.cornell.edu/concern/publications/gm80hv35d,N,N,N
2021-01-21T15:00:00Z,"Chickens and Eggs",ckeg0121,https://usda.library.cornell.edu/concern/publications/fb494842n,N,N,N
2021-01-21T15:00:00Z,"Livestock Slaughter",lstk0121,https://usda.library.cornell.edu/concern/publications/rx913p88g,N,N,N
2021-01-21T15:00:00Z,"North American Potatoes",uscp0121,https://usda.library.cornell.edu/concern/publications/4m90dv511,N,N,N
2021-01-21T15:00:00Z,"Pecan Production",pecnpr21,https://usda.library.cornell.edu/concern/publications/5425kg32f,N,N,N
2021-01-22T12:00:00Z,"Census: Typology",centyp21,https://www.nass.usda.gov/AgCensus/,N,Y,N
2021-01-22T12:00:00Z,"Cotton Ginnings",ctgn0421,https://usda.library.cornell.edu/concern/publications/q524jn76v,N,N,N
2021-01-22T15:00:00Z,"Cattle on Feed",cofd0121,https://usda.library.cornell.edu/concern/publications/m326m174z,N,N,Y
2021-01-22T15:00:00Z,"Peanut Prices",pnpr0421,https://usda.library.cornell.edu/concern/publications/5t34sj58c,N,N,N
2021-01-25T15:00:00Z,"Cold Storage",cost0121,https://usda.library.cornell.edu/concern/publications/pg15bd892,N,N,N
2021-01-25T15:00:00Z,"Milk Production",mkpr0121,https://usda.library.cornell.edu/concern/publications/h989r321c,N,N,N
2021-01-25T15:00:00Z,"Poultry Slaughter",psla0121,https://usda.library.cornell.edu/concern/publications/3197xm04j,N,N,N
2021-01-26T12:00:00Z,"State Stories",stwe0521,https://usda.library.cornell.edu/concern/publications/fq977t77k,N,N,N
2021-01-26T15:00:00Z,"Coffee",cafean21,https://usda.library.cornell.edu/concern/publications/3t945q80c,N,N,N
2021-01-27T15:00:00Z,"Broiler Hatchery",brls0521,https://usda.library.cornell.edu/concern/publications/gm80hv35d,N,N,N
2021-01-27T15:00:00Z,"Peanut Stocks and Processing",pnst0121,https://usda.library.cornell.edu/concern/publications/02870v87z,N,N,N
2021-01-28T15:00:00Z,"Egg Products",eggs0121,https://usda.library.cornell.edu/concern/publications/hx11xf25t,N,N,N
2021-01-29T15:00:00Z,"Agricultural Prices",agpr0121,https://usda.library.cornell.edu/concern/publications/c821gj76b,N,N,Y
2021-01-29T15:00:00Z,"Cattle",catl0121,https://usda.library.cornell.edu/concern/publications/h702q636h,N,N,Y
2021-01-29T15:00:00Z,"Peanut Prices",pnpr0521,https://usda.library.cornell.edu/concern/publications/5t34sj58c,N,N,N
2021-01-29T15:00:00Z,"Sheep and Goats",shep0121,https://usda.library.cornell.edu/concern/publications/000000018,N,N,N
2021-02-01T15:00:00Z,"Cotton System",cact0221,https://usda.library.cornell.edu/concern/publications/ng451h506,N,N,N
2021-02-01T15:00:00Z,"Fats & Oils",cafo0221,https://usda.library.cornell.edu/concern/publications/mp48sc77c,N,N,N
2021-02-01T15:00:00Z,"Flour Milling",cafl0221,https://usda.library.cornell.edu/concern/publications/cr56n097m,N,N,N
2021-02-01T15:00:00Z,"Grain Crushings",cagc0221,https://usda.library.cornell.edu/concern/publications/n583xt96p,N,N,N
2021-02-03T15:00:00Z,"Broiler Hatchery",brls0621,https://usda.library.cornell.edu/concern/publications/gm80hv35d,N,N,N
2021-02-04T15:00:00Z,"Dairy Products",dary0221,https://usda.library.cornell.edu/concern/publications/m326m1757,N,N,N
2021-02-05T15:00:00Z,"Peanut Prices",pnpr0621,https://usda.library.cornell.edu/concern/publications/5t34sj58c,N,N,N
2021-02-08T15:00:00Z,"Catfish Production",cfpd0221,https://usda.library.cornell.edu/concern/publications/bg257f046,N,N,N
2021-02-09T12:00:00Z,"Cotton Ginnings",ctgn0721,https://usda.library.cornell.edu/concern/publications/q524jn76v,N,N,N
2021-02-09T12:00:00Z,"Crop Production",crop0221,https://usda.library.cornell.edu/concern/publications/tm70mv177,N,N,Y
2021-02-10T15:00:00Z,"Broiler Hatchery",brls0721,https://usda.library.cornell.edu/concern/publications/gm80hv35d,N,N,N
2021-02-11T15:00:00Z,"Farm Labor",fmla0221,https://usda.library.cornell.edu/concern/publications/x920fw89s,N,N,N
2021-02-11T15:00:00Z,"Vegetables - Ann.",vegean21,https://usda.library.cornell.edu/concern/publications/02870v86p,N,N,N
2021-02-12T15:00:00Z,"Peanut Prices",pnpr0721,https://usda.library.cornell.edu/concern/publications/5t34sj58c,N,N,N
2021-02-16T15:00:00Z,"Turkey Hatchery",tkha0221,https://usda.library.cornell.edu/concern/publications/k643b117x,N,N,N
2021-02-17T15:00:00Z,"Broiler Hatchery",brls0821,https://usda.library.cornell.edu/concern/publications/gm80hv35d,N,N,N
2021-02-17T15:00:00Z,"Potato Stocks",post0221,https://usda.library.cornell.edu/concern/publications/47429915b,N,N,N
2021-02-19T15:00:00Z,"Cattle on Feed",cofd0221,https://usda.library.cornell.edu/concern/publications/m326m174z,N,N,Y
2021-02-19T15:00:00Z,"Farms and Land in Farms",fnlo0221,https://usda.library.cornell.edu/concern/publications/5712m6524,N,N,N
2021-02-19T15:00:00Z,"Peanut Prices",pnpr0821,https://usda.library.cornell.edu/concern/publications/5t34sj58c,N,N,N
2021-02-22T15:00:00Z,"Poultry Slaughter",psla0221,https://usda.library.cornell.edu/concern/publications/3197xm04j,N,N,N
2021-02-23T12:00:00Z,"State Stories",stwe0921,https://usda.library.cornell.edu/concern/publications/fq977t77k,N,N,N
2021-02-23T15:00:00Z,"Cold Storage",cost0221,https://usda.library.cornell.edu/concern/publications/pg15bd892,N,N,N
2021-02-23T15:00:00Z,"Milk Production",mkpr0221,https://usda.library.cornell.edu/concern/publications/h989r321c,N,N,N
2021-02-24T15:00:00Z,"Broiler Hatchery",brls0921,https://usda.library.cornell.edu/concern/publications/gm80hv35d,N,N,N
2021-02-25T15:00:00Z,"Chickens and Eggs - Ann.",ckegan21,https://usda.library.cornell.edu/concern/publications/1v53jw96n,N,N,N
2021-02-25T15:00:00Z,"Crop Values",cpvl0221,https://usda.library.cornell.edu/concern/publications/k35694332,N,N,N
2021-02-25T15:00:00Z,"Egg Products",eggs0221,https://usda.library.cornell.edu/concern/publications/hx11xf25t,N,N,N
2021-02-25T15:00:00Z,"Livestock Slaughter",lstk0221,https://usda.library.cornell.edu/concern/publications/rx913p88g,N,N,N
2021-02-25T15:00:00Z,"Trout Production",trpr0221,https://usda.library.cornell.edu/concern/publications/t722h882h,N,N,N
2021-02-25T15:00:00Z,"County Estimates: Corn, Soybeans, Sorghum",cecnan21,https://www.nass.usda.gov/Quick_Stats/Lite/,Y,N,N
2021-02-26T15:00:00Z,"Agricultural Prices",agpr0221,https://usda.library.cornell.edu/concern/publications/c821gj76b,N,N,Y
2021-02-26T15:00:00Z,"Chickens and Eggs",ckeg0221,https://usda.library.cornell.edu/concern/publications/fb494842n,N,N,N
2021-02-26T15:00:00Z,"Cold Storage - Ann.",costan21,https://usda.library.cornell.edu/concern/publications/sb397824g,N,N,N
2021-02-26T15:00:00Z,"Peanut Prices",pnpr0921,https://usda.library.cornell.edu/concern/publications/5t34sj58c,N,N,N
2021-02-26T15:00:00Z,"Peanut Stocks and Processing",pnst0221,https://usda.library.cornell.edu/concern/publications/02870v87z,N,N,N
2021-02-26T15:00:00Z,"Poultry Slaughter - Ann.",pslaan21,https://usda.library.cornell.edu/concern/publications/pg15bd88s,N,N,N
2021-03-01T15:00:00Z,"Cotton System",cact0321,https://usda.library.cornell.edu/concern/publications/ng451h506,N,N,N
2021-03-01T15:00:00Z,"Cotton System - Ann.",cactan21,https://usda.library.cornell.edu/concern/publications/kp78gg381,N,N,N
2021-03-01T15:00:00Z,"Fats & Oils",cafo0321,https://usda.library.cornell.edu/concern/publications/mp48sc77c,N,N,N
2021-03-01T15:00:00Z,"Fats & Oils - Ann.",cafoan21,https://usda.library.cornell.edu/concern/publications/b5644r54d,N,N,N
2021-03-01T15:00:00Z,"Grain Crushings",cagc0321,https://usda.library.cornell.edu/concern/publications/n583xt96p,N,N,N
2021-03-01T15:00:00Z,"Grain Crushings - Ann.",cagcan21,https://usda.library.cornell.edu/concern/publications/v979v304g,N,N,N
2021-03-03T15:00:00Z,"Broiler Hatchery",brls1021,https://usda.library.cornell.edu/concern/publications/gm80hv35d,N,N,N
2021-03-04T15:00:00Z,"Dairy Products",dary0321,https://usda.library.cornell.edu/concern/publications/m326m1757,N,N,N
2021-03-04T15:00:00Z,"U.S. and Canadian Cattle and Sheep",uscc0321,https://usda.library.cornell.edu/concern/publications/474299142,N,N,N
2021-03-04T15:00:00Z,"U.S. and Canadian Hogs",usch0321,https://usda.library.cornell.edu/concern/publications/7h149p85x,N,N,N
2021-03-04T15:00:00Z,"County Estimates: All Rice",cerian21,https://www.nass.usda.gov/Quick_Stats/Lite/,Y,N,N
2021-03-05T15:00:00Z,"Peanut Prices",pnpr1021,https://usda.library.cornell.edu/concern/publications/5t34sj58c,N,N,N
2021-03-09T12:00:00Z,"Cotton Ginnings",ctgn1121,https://usda.library.cornell.edu/concern/publications/q524jn76v,N,N,N
2021-03-09T12:00:00Z,"Crop Production",crop0321,https://usda.library.cornell.edu/concern/publications/tm70mv177,N,N,Y
2021-03-10T15:00:00Z,"Broiler Hatchery",brls1121,https://usda.library.cornell.edu/concern/publications/gm80hv35d,N,N,N
2021-03-11T15:00:00Z,"Price Reactions After USDA Livestock Reports",prrlan21,https://usda.library.cornell.edu/concern/publications/z316q156s,N,N,N
2021-03-12T15:00:00Z,"Peanut Prices",pnpr1121,https://usda.library.cornell.edu/concern/publications/5t34sj58c,N,N,N
2021-03-12T15:00:00Z,"Price Reactions after USDA Crop Reports",prrcan21,https://usda.library.cornell.edu/concern/publications/ms35t861q,N,N,N
2021-03-15T15:00:00Z,"Hop Stocks",hops0321,https://usda.library.cornell.edu/concern/publications/sb397825r,N,N,N
2021-03-15T15:00:00Z,"North American Grain and Oilseed Crushings",cairus21,https://usda.library.cornell.edu/concern/publications/ks65hk36z,N,N,N
2021-03-16T15:00:00Z,"Turkey Hatchery",tkha0321,https://usda.library.cornell.edu/concern/publications/k643b117x,N,N,N
2021-03-17T15:00:00Z,"Broiler Hatchery",brls1221,https://usda.library.cornell.edu/concern/publications/gm80hv35d,N,N,N
2021-03-18T15:00:00Z,"Honey",hony0321,https://usda.library.cornell.edu/concern/publications/hd76s004z,N,N,N
2021-03-18T15:00:00Z,"Milk Production",mkpr0321,https://usda.library.cornell.edu/concern/publications/h989r321c,N,N,N
2021-03-19T15:00:00Z,"Cattle on Feed",cofd0321,https://usda.library.cornell.edu/concern/publications/m326m174z,N,N,Y
2021-03-19T15:00:00Z,"Peanut Prices",pnpr1221,https://usda.library.cornell.edu/concern/publications/5t34sj58c,N,N,N
2021-03-22T15:00:00Z,"Chickens and Eggs",ckeg0321,https://usda.library.cornell.edu/concern/publications/fb494842n,N,N,N
2021-03-22T15:00:00Z,"Cold Storage",cost0321,https://usda.library.cornell.edu/concern/publications/pg15bd892,N,N,N
2021-03-24T15:00:00Z,"Broiler Hatchery",brls1321,https://usda.library.cornell.edu/concern/publications/gm80hv35d,N,N,N
2021-03-24T15:00:00Z,"Poultry Slaughter",psla0321,https://usda.library.cornell.edu/concern/publications/3197xm04j,N,N,N
2021-03-25T15:00:00Z,"Hogs and Pigs",hgpg0321,https://usda.library.cornell.edu/concern/publications/rj430453j,N,N,Y
2021-03-25T15:00:00Z,"Livestock Slaughter",lstk0321,https://usda.library.cornell.edu/concern/publications/rx913p88g,N,N,N
2021-03-26T15:00:00Z,"Peanut Prices",pnpr1321,https://usda.library.cornell.edu/concern/publications/5t34sj58c,N,N,N
2021-03-26T15:00:00Z,"Peanut Stocks and Processing",pnst0321,https://usda.library.cornell.edu/concern/publications/02870v87z,N,N,N
2021-03-30T12:00:00Z,"State Stories",stwe1421,https://usda.library.cornell.edu/concern/publications/fq977t77k,N,N,N
2021-03-30T15:00:00Z,"Egg Products",eggs0321,https://usda.library.cornell.edu/concern/publications/hx11xf25t,N,N,N
2021-03-31T12:00:00Z,"Grain Stocks",grst0321,https://usda.library.cornell.edu/concern/publications/xg94hp534,N,N,Y
2021-03-31T12:00:00Z,"Prospective Plantings",pspl0321,https://usda.library.cornell.edu/concern/publications/x633f100h,N,N,Y
2021-03-31T12:00:00Z,"Rice Stocks",rice0321,https://usda.library.cornell.edu/concern/publications/d791sg19j,N,N,N
2021-03-31T15:00:00Z,"Agricultural Prices",agpr0321,https://usda.library.cornell.edu/concern/publications/c821gj76b,N,N,Y
2021-03-31T15:00:00Z,"Broiler Hatchery",brls1421,https://usda.library.cornell.edu/concern/publications/gm80hv35d,N,N,N
2021-04-01T15:00:00Z,"Cotton System",cact0421,https://usda.library.cornell.edu/concern/publications/ng451h506,N,N,N
2021-04-01T15:00:00Z,"Dairy Products",dary0421,https://usda.library.cornell.edu/concern/publications/m326m1757,N,N,N
2021-04-01T15:00:00Z,"Fats & Oils",cafo0421,https://usda.library.cornell.edu/concern/publications/mp48sc77c,N,N,N
2021-04-01T15:00:00Z,"Grain Crushings",cagc0421,https://usda.library.cornell.edu/concern/publications/n583xt96p,N,N,N
2021-04-01T15:00:00Z,"Peanut Prices",pnpr1421,https://usda.library.cornell.edu/concern/publications/5t34sj58c,N,N,N
2021-04-05T17:00:00Z,"Crop Progress",prog1521,https://usda.library.cornell.edu/concern/publications/8336h188j,N,N,N
2021-04-07T15:00:00Z,"Broiler Hatchery",brls1521,https://usda.library.cornell.edu/concern/publications/gm80hv35d,N,N,N
2021-04-07T15:00:00Z,"Hatchery Production - Ann.",htpdan21,https://usda.library.cornell.edu/concern/publications/9306sz28s,N,N,N
2021-04-09T12:00:00Z,"Crop Production",crop0421,https://usda.library.cornell.edu/concern/publications/tm70mv177,N,N,Y
2021-04-09T15:00:00Z,"Peanut Prices",pnpr1521,https://usda.library.cornell.edu/concern/publications/5t34sj58c,N,N,N
2021-04-12T15:00:00Z,"Crop Production Historical Track Records",croptr21,https://usda.library.cornell.edu/concern/publications/c534fn92g,N,N,N
2021-04-12T16:00:00Z,"Crop Progress",prog1621,https://usda.library.cornell.edu/concern/publications/8336h188j,N,N,N
2021-04-14T15:00:00Z,"Broiler Hatchery",brls1621,https://usda.library.cornell.edu/concern/publications/gm80hv35d,N,N,N
2021-04-14T15:00:00Z,"Turkey Hatchery",tkha0421,https://usda.library.cornell.edu/concern/publications/k643b117x,N,N,N
2021-04-15T15:00:00Z,"Potato Stocks",post0421,https://usda.library.cornell.edu/concern/publications/47429915b,N,N,N
2021-04-16T15:00:00Z,"Peanut Prices",pnpr1621,https://usda.library.cornell.edu/concern/publications/5t34sj58c,N,N,N
2021-04-19T16:00:00Z,"Crop Progress",prog1721,https://usda.library.cornell.edu/concern/publications/8336h188j,N,N,N
2021-04-21T15:00:00Z,"Broiler Hatchery",brls1721,https://usda.library.cornell.edu/concern/publications/gm80hv35d,N,N,N
2021-04-21T15:00:00Z,"Livestock Slaughter - Ann.",lsan0421,https://usda.library.cornell.edu/concern/publications/r207tp32d,N,N,N
2021-04-21T15:00:00Z,"Milk Production",mkpr0421,https://usda.library.cornell.edu/concern/publications/h989r321c,N,N,N
2021-04-22T15:00:00Z,"Chickens and Eggs",ckeg0421,https://usda.library.cornell.edu/concern/publications/fb494842n,N,N,N
2021-04-22T15:00:00Z,"Cold Storage",cost0421,https://usda.library.cornell.edu/concern/publications/pg15bd892,N,N,N
2021-04-22T15:00:00Z,"Livestock Slaughter",lstk0421,https://usda.library.cornell.edu/concern/publications/rx913p88g,N,N,N
2021-04-23T15:00:00Z,"Cattle on Feed",cofd0421,https://usda.library.cornell.edu/concern/publications/m326m174z,N,N,Y
2021-04-23T15:00:00Z,"Peanut Prices",pnpr1721,https://usda.library.cornell.edu/concern/publications/5t34sj58c,N,N,N
2021-04-23T15:00:00Z,"Poultry Slaughter",psla0421,https://usda.library.cornell.edu/concern/publications/3197xm04j,N,N,N
2021-04-26T15:00:00Z,"Peanut Stocks and Processing",pnst0421,https://usda.library.cornell.edu/concern/publications/02870v87z,N,N,N
2021-04-26T16:00:00Z,"Crop Progress",prog1821,https://usda.library.cornell.edu/concern/publications/8336h188j,N,N,N
2021-04-27T15:00:00Z,"Dairy Products - Ann.",daryan21,https://usda.library.cornell.edu/concern/publications/jm214p131,N,N,N
2021-04-28T15:00:00Z,"Broiler Hatchery",brls1821,https://usda.library.cornell.edu/concern/publications/gm80hv35d,N,N,N
2021-04-29T15:00:00Z,"Egg Products",eggs0421,https://usda.library.cornell.edu/concern/publications/hx11xf25t,N,N,N
2021-04-29T15:00:00Z,"Meat Animals - PDI",meatan21,https://usda.library.cornell.edu/concern/publications/02870v85d,N,N,N
2021-04-29T15:00:00Z,"Milk - PDI",mlkpdi21,https://usda.library.cornell.edu/concern/publications/4b29b5974,N,N,N
2021-04-29T15:00:00Z,"Poultry - Production and Value",plva0421,https://usda.library.cornell.edu/concern/publications/m039k491c,N,N,N
2021-04-30T15:00:00Z,"Agricultural Prices",agpr0421,https://usda.library.cornell.edu/concern/publications/c821gj76b,N,N,Y
2021-04-30T15:00:00Z,"Peanut Prices",pnpr1821,https://usda.library.cornell.edu/concern/publications/5t34sj58c,N,N,N
2021-05-03T15:00:00Z,"Cotton System",cact0521,https://usda.library.cornell.edu/concern/publications/ng451h506,N,N,N
2021-05-03T15:00:00Z,"Fats & Oils",cafo0521,https://usda.library.cornell.edu/concern/publications/mp48sc77c,N,N,N
2021-05-03T15:00:00Z,"Flour Milling",cafl0521,https://usda.library.cornell.edu/concern/publications/cr56n097m,N,N,N
2021-05-03T15:00:00Z,"Flour Milling - Ann.",caflan21,https://usda.library.cornell.edu/concern/publications/ws859f64s,N,N,N
2021-05-03T15:00:00Z,"Grain Crushings",cagc0521,https://usda.library.cornell.edu/concern/publications/n583xt96p,N,N,N
2021-05-03T16:00:00Z,"Crop Progress",prog1921,https://usda.library.cornell.edu/concern/publications/8336h188j,N,N,N
2021-05-04T15:00:00Z,"Dairy Products",dary0521,https://usda.library.cornell.edu/concern/publications/m326m1757,N,N,N
2021-05-05T15:00:00Z,"Broiler Hatchery",brls1921,https://usda.library.cornell.edu/concern/publications/gm80hv35d,N,N,N
2021-05-05T15:00:00Z,"Noncitrus Fruits and Nuts - Ann.",ncit0521,https://usda.library.cornell.edu/concern/publications/zs25x846c,N,N,N
2021-05-06T15:00:00Z,"County Estimates: Peanuts",cepnal21,https://www.nass.usda.gov/Quick_Stats/Lite/,Y,N,N
2021-05-07T15:00:00Z,"Peanut Prices",pnpr1921,https://usda.library.cornell.edu/concern/publications/5t34sj58c,N,N,N
2021-05-10T15:00:00Z,"County Estimates: Cattle & Sheep",cectan21,https://www.nass.usda.gov/Quick_Stats/Lite/,Y,N,N
2021-05-10T16:00:00Z,"Crop Progress",prog2021,https://usda.library.cornell.edu/concern/publications/8336h188j,N,N,N
2021-05-12T12:00:00Z,"Cotton Ginnings - Ann.",ctgnan21,https://usda.library.cornell.edu/concern/publications/6108vb275,N,N,N
2021-05-12T12:00:00Z,"Crop Production",crop0521,https://usda.library.cornell.edu/concern/publications/tm70mv177,N,N,Y
2021-05-12T15:00:00Z,"Broiler Hatchery",brls2021,https://usda.library.cornell.edu/concern/publications/gm80hv35d,N,N,N
2021-05-12T15:00:00Z,"County Estimates: Cotton",cectan21,https://www.nass.usda.gov/Quick_Stats/Lite/,Y,N,N
2021-05-13T15:00:00Z,"Turkey Hatchery",tkha0521,https://usda.library.cornell.edu/concern/publications/k643b117x,N,N,N
2021-05-14T15:00:00Z,"Peanut Prices",pnpr2021,https://usda.library.cornell.edu/concern/publications/5t34sj58c,N,N,N
2021-05-14T15:00:00Z,"Agricultural Chemical Usage - Field Crops",agcufc21,https://www.nass.usda.gov/Surveys/Guide_to_NASS_Surveys/Chemical_Use,Y,N,N
2021-05-17T15:00:00Z,"North American Flour Milling Products Summary",cairus21,https://usda.library.cornell.edu/concern/publications/n87100088,N,N,N
2021-05-17T16:00:00Z,"Crop Progress",prog2121,https://usda.library.cornell.edu/concern/publications/8336h188j,N,N,N
2021-05-19T15:00:00Z,"Broiler Hatchery",brls2121,https://usda.library.cornell.edu/concern/publications/gm80hv35d,N,N,N
2021-05-20T15:00:00Z,"Livestock Slaughter",lstk0521,https://usda.library.cornell.edu/concern/publications/rx913p88g,N,N,N
2021-05-20T15:00:00Z,"Milk Production",mkpr0521,https://usda.library.cornell.edu/concern/publications/h989r321c,N,N,N
2021-05-21T15:00:00Z,"Cattle on Feed",cofd0521,https://usda.library.cornell.edu/concern/publications/m326m174z,N,N,Y
2021-05-21T15:00:00Z,"Chickens and Eggs",ckeg0521,https://usda.library.cornell.edu/concern/publications/fb494842n,N,N,N
2021-05-21T15:00:00Z,"Peanut Prices",pnpr2121,https://usda.library.cornell.edu/concern/publications/5t34sj58c,N,N,N
2021-05-24T15:00:00Z,"Cold Storage",cost0521,https://usda.library.cornell.edu/concern/publications/pg15bd892,N,N,N
2021-05-24T15:00:00Z,"Poultry Slaughter",psla0521,https://usda.library.cornell.edu/concern/publications/3197xm04j,N,N,N
2021-05-24T16:00:00Z,"Crop Progress",prog2221,https://usda.library.cornell.edu/concern/publications/8336h188j,N,N,N
2021-05-26T15:00:00Z,"Broiler Hatchery",brls2221,https://usda.library.cornell.edu/concern/publications/gm80hv35d,N,N,N
2021-05-26T15:00:00Z,"Farm Labor",fmla0521,https://usda.library.cornell.edu/concern/publications/x920fw89s,N,N,N
2021-05-26T15:00:00Z,"Peanut Stocks and Processing",pnst0521,https://usda.library.cornell.edu/concern/publications/02870v87z,N,N,N
2021-05-27T15:00:00Z,"Egg Products",eggs0521,https://usda.library.cornell.edu/concern/publications/hx11xf25t,N,N,N
2021-05-27T15:00:00Z,"Floriculture Crops",floran21,https://usda.library.cornell.edu/concern/publications/0p0966899,N,N,N
2021-05-28T15:00:00Z,"Agricultural Prices",agpr0521,https://usda.library.cornell.edu/concern/publications/c821gj76b,N,N,Y
2021-05-28T15:00:00Z,"Peanut Prices",pnpr2221,https://usda.library.cornell.edu/concern/publications/5t34sj58c,N,N,N
2021-06-01T15:00:00Z,"Cotton System",cact0621,https://usda.library.cornell.edu/concern/publications/ng451h506,N,N,N
2021-06-01T15:00:00Z,"Fats & Oils",cafo0621,https://usda.library.cornell.edu/concern/publications/mp48sc77c,N,N,N
2021-06-01T15:00:00Z,"Grain Crushings",cagc0621,https://usda.library.cornell.edu/concern/publications/n583xt96p,N,N,N
2021-06-01T16:00:00Z,"Crop Progress",prog2321,https://usda.library.cornell.edu/concern/publications/8336h188j,N,N,N
2021-06-02T15:00:00Z,"Broiler Hatchery",brls2321,https://usda.library.cornell.edu/concern/publications/gm80hv35d,N,N,N
2021-06-04T15:00:00Z,"Dairy Products",dary0621,https://usda.library.cornell.edu/concern/publications/m326m1757,N,N,N
2021-06-04T15:00:00Z,"Peanut Prices",pnpr2321,https://usda.library.cornell.edu/concern/publications/5t34sj58c,N,N,N
2021-06-07T15:00:00Z,"County Estimates: Poultry",cepoan21,https://www.nass.usda.gov/Quick_Stats/Lite/,Y,N,N
2021-06-07T16:00:00Z,"Crop Progress",prog2421,https://usda.library.cornell.edu/concern/publications/8336h188j,N,N,N
2021-06-09T15:00:00Z,"Broiler Hatchery",brls2421,https://usda.library.cornell.edu/concern/publications/gm80hv35d,N,N,N
2021-06-10T12:00:00Z,"Crop Production",crop0621,https://usda.library.cornell.edu/concern/publications/tm70mv177,N,N,Y
2021-06-11T15:00:00Z,"Peanut Prices",pnpr2421,https://usda.library.cornell.edu/concern/publications/5t34sj58c,N,N,N
2021-06-14T16:00:00Z,"Crop Progress",prog2521,https://usda.library.cornell.edu/concern/publications/8336h188j,N,N,N
2021-06-16T15:00:00Z,"Broiler Hatchery",brls2521,https://usda.library.cornell.edu/concern/publications/gm80hv35d,N,N,N
2021-06-16T15:00:00Z,"Potato Stocks",post0621,https://usda.library.cornell.edu/concern/publications/47429915b,N,N,N
2021-06-16T15:00:00Z,"Turkey Hatchery",tkha0621,https://usda.library.cornell.edu/concern/publications/k643b117x,N,N,N
2021-06-21T15:00:00Z,"Milk Production",mkpr0621,https://usda.library.cornell.edu/concern/publications/h989r321c,N,N,N
2021-06-21T15:00:00Z,"Peanut Prices",pnpr2621,https://usda.library.cornell.edu/concern/publications/5t34sj58c,N,N,N
2021-06-21T16:00:00Z,"Crop Progress",prog2621,https://usda.library.cornell.edu/concern/publications/8336h188j,N,N,N
2021-06-22T15:00:00Z,"Chickens and Eggs",ckeg0621,https://usda.library.cornell.edu/concern/publications/fb494842n,N,N,N
2021-06-22T15:00:00Z,"Cold Storage",cost0621,https://usda.library.cornell.edu/concern/publications/pg15bd892,N,N,N
2021-06-23T15:00:00Z,"Broiler Hatchery",brls2621,https://usda.library.cornell.edu/concern/publications/gm80hv35d,N,N,N
2021-06-24T15:00:00Z,"Hogs and Pigs",hgpg0621,https://usda.library.cornell.edu/concern/publications/rj430453j,N,N,Y
2021-06-24T15:00:00Z,"Livestock Slaughter",lstk0621,https://usda.library.cornell.edu/concern/publications/rx913p88g,N,N,N
2021-06-24T15:00:00Z,"Poultry Slaughter",psla0621,https://usda.library.cornell.edu/concern/publications/3197xm04j,N,N,N
2021-06-25T15:00:00Z,"Cattle on Feed",cofd0621,https://usda.library.cornell.edu/concern/publications/m326m174z,N,N,Y
2021-06-25T15:00:00Z,"Peanut Prices",pnpr2621,https://usda.library.cornell.edu/concern/publications/5t34sj58c,N,N,N
2021-06-28T15:00:00Z,"Peanut Stocks and Processing",pnst0621,https://usda.library.cornell.edu/concern/publications/02870v87z,N,N,N
2021-06-28T16:00:00Z,"Crop Progress",prog2721,https://usda.library.cornell.edu/concern/publications/8336h188j,N,N,N
2021-06-29T15:00:00Z,"Egg Products",eggs0621,https://usda.library.cornell.edu/concern/publications/hx11xf25t,N,N,N
2021-06-30T12:00:00Z,"Acreage",acrg0621,https://usda.library.cornell.edu/concern/publications/j098zb09z,N,N,Y
2021-06-30T12:00:00Z,"Grain Stocks",grst0621,https://usda.library.cornell.edu/concern/publications/xg94hp534,N,N,Y
2021-06-30T12:00:00Z,"Rice Stocks",rice0621,https://usda.library.cornell.edu/concern/publications/d791sg19j,N,N,N
2021-06-30T15:00:00Z,"Agricultural Prices",agpr0621,https://usda.library.cornell.edu/concern/publications/c821gj76b,N,N,Y
2021-06-30T15:00:00Z,"Broiler Hatchery",brls2721,https://usda.library.cornell.edu/concern/publications/gm80hv35d,N,N,N
2021-07-01T15:00:00Z,"Cotton System",cact0721,https://usda.library.cornell.edu/concern/publications/ng451h506,N,N,N
2021-07-01T15:00:00Z,"Fats & Oils",cafo0721,https://usda.library.cornell.edu/concern/publications/mp48sc77c,N,N,N
2021-07-01T15:00:00Z,"Grain Crushings",cagc0721,https://usda.library.cornell.edu/concern/publications/n583xt96p,N,N,N
2021-07-02T15:00:00Z,"Dairy Products",dary0721,https://usda.library.cornell.edu/concern/publications/m326m1757,N,N,N
2021-07-02T15:00:00Z,"Peanut Prices",pnpr2721,https://usda.library.cornell.edu/concern/publications/5t34sj58c,N,N,N
2021-07-06T16:00:00Z,"Crop Progress",prog2821,https://usda.library.cornell.edu/concern/publications/8336h188j,N,N,N
2021-07-07T15:00:00Z,"Broiler Hatchery",brls2821,https://usda.library.cornell.edu/concern/publications/gm80hv35d,N,N,N
2021-07-09T15:00:00Z,"Peanut Prices",pnpr2821,https://usda.library.cornell.edu/concern/publications/5t34sj58c,N,N,N
2021-07-12T12:00:00Z,"Crop Production",crop0721,https://usda.library.cornell.edu/concern/publications/tm70mv177,N,N,Y
2021-07-12T16:00:00Z,"Crop Progress",prog2921,https://usda.library.cornell.edu/concern/publications/8336h188j,N,N,N
2021-07-14T15:00:00Z,"Broiler Hatchery",brls2921,https://usda.library.cornell.edu/concern/publications/gm80hv35d,N,N,N
2021-07-14T15:00:00Z,"Turkey Hatchery",tkha0721,https://usda.library.cornell.edu/concern/publications/k643b117x,N,N,N
2021-07-16T15:00:00Z,"Peanut Prices",pnpr2921,https://usda.library.cornell.edu/concern/publications/5t34sj58c,N,N,N
2021-07-19T16:00:00Z,"Crop Progress",prog3021,https://usda.library.cornell.edu/concern/publications/8336h188j,N,N,N
2021-07-20T15:00:00Z,"Catfish Production",cfpd0721,https://usda.library.cornell.edu/concern/publications/bg257f046,N,N,N
2021-07-21T15:00:00Z,"Broiler Hatchery",brls3021,https://usda.library.cornell.edu/concern/publications/gm80hv35d,N,N,N
2021-07-21T15:00:00Z,"Agricultural Chemical Usage - Vegetables",agcv0721,https://www.nass.usda.gov/Surveys/Guide_to_NASS_Surveys/Chemical_Use,Y,N,N
2021-07-22T15:00:00Z,"Chickens and Eggs",ckeg0721,https://usda.library.cornell.edu/concern/publications/fb494842n,N,N,N
2021-07-22T15:00:00Z,"Cold Storage",cost0721,https://usda.library.cornell.edu/concern/publications/pg15bd892,N,N,N
2021-07-22T15:00:00Z,"Livestock Slaughter",lstk0721,https://usda.library.cornell.edu/concern/publications/rx913p88g,N,N,N
2021-07-22T15:00:00Z,"Milk Production",mkpr0721,https://usda.library.cornell.edu/concern/publications/h989r321c,N,N,N
2021-07-22T15:00:00Z,"Mink",mink0721,https://usda.library.cornell.edu/concern/publications/2227mp65f,N,N,N
2021-07-23T15:00:00Z,"Cattle",catl0721,https://usda.library.cornell.edu/concern/publications/h702q636h,N,N,Y
2021-07-23T15:00:00Z,"Cattle on Feed",cofd0721,https://usda.library.cornell.edu/concern/publications/m326m174z,N,N,Y
2021-07-23T15:00:00Z,"Peanut Prices",pnpr3021,https://usda.library.cornell.edu/concern/publications/5t34sj58c,N,N,N
2021-07-23T15:00:00Z,"Poultry Slaughter",psla0721,https://usda.library.cornell.edu/concern/publications/3197xm04j,N,N,N
2021-07-26T16:00:00Z,"Crop Progress",prog3121,https://usda.library.cornell.edu/concern/publications/8336h188j,N,N,N
2021-07-28T15:00:00Z,"Broiler Hatchery",brls3121,https://usda.library.cornell.edu/concern/publications/gm80hv35d,N,N,N
2021-07-28T15:00:00Z,"Peanut Stocks and Processing",pnst0721,https://usda.library.cornell.edu/concern/publications/02870v87z,N,N,N
2021-07-29T15:00:00Z,"Egg Products",eggs0721,https://usda.library.cornell.edu/concern/publications/hx11xf25t,N,N,N
2021-07-30T15:00:00Z,"Agricultural Prices",agpr0721,https://usda.library.cornell.edu/concern/publications/c821gj76b,N,N,Y
2021-07-30T15:00:00Z,"Farm Production Expenditures",fpex0721,https://usda.library.cornell.edu/concern/publications/qz20ss48r,N,N,N
2021-07-30T15:00:00Z,"Peanut Prices",pnpr3121,https://usda.library.cornell.edu/concern/publications/5t34sj58c,N,N,N
2021-08-02T15:00:00Z,"Cotton System",cact0821,https://usda.library.cornell.edu/concern/publications/ng451h506,N,N,N
2021-08-02T15:00:00Z,"Fats & Oils",cafo0821,https://usda.library.cornell.edu/concern/publications/mp48sc77c,N,N,N
2021-08-02T15:00:00Z,"Flour Milling",cafl0821,https://usda.library.cornell.edu/concern/publications/cr56n097m,N,N,N
2021-08-02T15:00:00Z,"Grain Crushings",cagc0821,https://usda.library.cornell.edu/concern/publications/n583xt96p,N,N,N
2021-08-02T15:00:00Z,"Honey Bee Colonies",hcny0821,https://usda.library.cornell.edu/concern/publications/rn301137d,N,N,N
2021-08-02T16:00:00Z,"Crop Progress",prog3221,https://usda.library.cornell.edu/concern/publications/8336h188j,N,N,N
2021-08-04T15:00:00Z,"Broiler Hatchery",brls3221,https://usda.library.cornell.edu/concern/publications/gm80hv35d,N,N,N
2021-08-04T15:00:00Z,"Dairy Products",dary0821,https://usda.library.cornell.edu/concern/publications/m326m1757,N,N,N
2021-08-06T15:00:00Z,"Land Values",land0821,https://usda.library.cornell.edu/concern/publications/pn89d6567,N,N,N
2021-08-06T15:00:00Z,"Peanut Prices",pnpr3221,https://usda.library.cornell.edu/concern/publications/5t34sj58c,N,N,N
2021-08-06T15:00:00Z,"Cash Rents- State",rent0821,https://quickstats.nass.usda.gov/results/58B27A06-F574-315B-A854-9BF568F17652#7878272B-A9F3-3BC2-960D-5F03B7DF4826,Y,N,N
2021-08-09T16:00:00Z,"Crop Progress",prog3321,https://usda.library.cornell.edu/concern/publications/8336h188j,N,N,N
2021-08-11T15:00:00Z,"Broiler Hatchery",brls3321,https://usda.library.cornell.edu/concern/publications/gm80hv35d,N,N,N
2021-08-12T12:00:00Z,"Cotton Ginnings",ctgn3321,https://usda.library.cornell.edu/concern/publications/q524jn76v,N,N,N
2021-08-12T12:00:00Z,"Crop Production",crop0821,https://usda.library.cornell.edu/concern/publications/tm70mv177,N,N,Y
2021-08-13T15:00:00Z,"Peanut Prices",pnpr3321,https://usda.library.cornell.edu/concern/publications/5t34sj58c,N,N,N
2021-08-13T15:00:00Z,"Turkey Hatchery",tkha0821,https://usda.library.cornell.edu/concern/publications/k643b117x,N,N,N
2021-08-16T16:00:00Z,"Crop Progress",prog3421,https://usda.library.cornell.edu/concern/publications/8336h188j,N,N,N
2021-08-18T15:00:00Z,"Broiler Hatchery",brls3421,https://usda.library.cornell.edu/concern/publications/gm80hv35d,N,N,N
2021-08-18T15:00:00Z,"Farm Computer Usage and Ownership",fmpc0821,https://usda.library.cornell.edu/concern/publications/h128nd689,N,N,N
2021-08-18T15:00:00Z,"County Estimates: Hogs",cehgan21,https://www.nass.usda.gov/Quick_Stats/Lite/,Y,N,N
2021-08-19T15:00:00Z,"Livestock Slaughter",lstk0821,https://usda.library.cornell.edu/concern/publications/rx913p88g,N,N,N
2021-08-19T15:00:00Z,"Milk Production",mkpr0821,https://usda.library.cornell.edu/concern/publications/h989r321c,N,N,N
2021-08-20T12:00:00Z,"Rice Stocks",rice0821,https://usda.library.cornell.edu/concern/publications/d791sg19j,N,N,N
2021-08-20T15:00:00Z,"Cattle on Feed",cofd0821,https://usda.library.cornell.edu/concern/publications/m326m174z,N,N,Y
2021-08-20T15:00:00Z,"Peanut Prices",pnpr3421,https://usda.library.cornell.edu/concern/publications/5t34sj58c,N,N,N
2021-08-23T15:00:00Z,"Chickens and Eggs",ckeg0821,https://usda.library.cornell.edu/concern/publications/fb494842n,N,N,N
2021-08-23T15:00:00Z,"Cold Storage",cost0821,https://usda.library.cornell.edu/concern/publications/pg15bd892,N,N,N
2021-08-23T16:00:00Z,"Crop Progress",prog3521,https://usda.library.cornell.edu/concern/publications/8336h188j,N,N,N
2021-08-24T15:00:00Z,"Poultry Slaughter",psla0821,https://usda.library.cornell.edu/concern/publications/3197xm04j,N,N,N
2021-08-25T15:00:00Z,"Broiler Hatchery",brls3521,https://usda.library.cornell.edu/concern/publications/gm80hv35d,N,N,N
2021-08-25T15:00:00Z,"U.S. and Canadian Cattle",uscc0821,https://usda.library.cornell.edu/concern/publications/474299142,N,N,N
2021-08-25T15:00:00Z,"U.S. and Canadian Hogs",usch0821,https://usda.library.cornell.edu/concern/publications/7h149p85x,N,N,N
2021-08-27T15:00:00Z,"Peanut Prices",pnpr3521,https://usda.library.cornell.edu/concern/publications/5t34sj58c,N,N,N
2021-08-27T15:00:00Z,"Peanut Stocks and Processing",pnst0821,https://usda.library.cornell.edu/concern/publications/02870v87z,N,N,N
2021-08-27T15:00:00Z,"Cash Rents - County",cecart21,https://quickstats.nass.usda.gov/results/E0F5EB36-3313-3D7B-9E7F-E56A3365CF2B#9A9F55D7-E267-38C6-ACB9-DF106291B5A7,Y,N,N
2021-08-30T16:00:00Z,"Crop Progress",prog3621,https://usda.library.cornell.edu/concern/publications/8336h188j,N,N,N
2021-08-31T15:00:00Z,"Agricultural Prices",agpr0821,https://usda.library.cornell.edu/concern/publications/c821gj76b,N,N,Y
2021-08-31T15:00:00Z,"Egg Products",eggs0821,https://usda.library.cornell.edu/concern/publications/hx11xf25t,N,N,N
2021-08-31T15:00:00Z,"Mushrooms",mush0821,https://usda.library.cornell.edu/concern/publications/r781wg03d,N,N,N
2021-09-01T15:00:00Z,"Broiler Hatchery",brls3621,https://usda.library.cornell.edu/concern/publications/gm80hv35d,N,N,N
2021-09-01T15:00:00Z,"Cotton System",cact0921,https://usda.library.cornell.edu/concern/publications/ng451h506,N,N,N
2021-09-01T15:00:00Z,"Fats & Oils",cafo0921,https://usda.library.cornell.edu/concern/publications/mp48sc77c,N,N,N
2021-09-01T15:00:00Z,"Grain Crushings",cagc0921,https://usda.library.cornell.edu/concern/publications/n583xt96p,N,N,N
2021-09-03T15:00:00Z,"Dairy Products",dary0921,https://usda.library.cornell.edu/concern/publications/m326m1757,N,N,N
2021-09-03T15:00:00Z,"Peanut Prices",pnpr3621,https://usda.library.cornell.edu/concern/publications/5t34sj58c,N,N,N
2021-09-07T16:00:00Z,"Crop Progress",prog3721,https://usda.library.cornell.edu/concern/publications/8336h188j,N,N,N
2021-09-08T15:00:00Z,"Broiler Hatchery",brls3721,https://usda.library.cornell.edu/concern/publications/gm80hv35d,N,N,N
2021-09-08T15:00:00Z,"Citrus Fruits",cfrt0921,https://usda.library.cornell.edu/concern/publications/j9602060k,N,N,N
2021-09-10T12:00:00Z,"Cotton Ginnings",ctgn3721,https://usda.library.cornell.edu/concern/publications/q524jn76v,N,N,N
2021-09-10T12:00:00Z,"Crop Production",crop0921,https://usda.library.cornell.edu/concern/publications/tm70mv177,N,N,Y
2021-09-10T15:00:00Z,"Peanut Prices",pnpr3721,https://usda.library.cornell.edu/concern/publications/5t34sj58c,N,N,N
2021-09-13T16:00:00Z,"Crop Progress",prog3821,https://usda.library.cornell.edu/concern/publications/8336h188j,N,N,N
2021-09-15T15:00:00Z,"Broiler Hatchery",brls3821,https://usda.library.cornell.edu/concern/publications/gm80hv35d,N,N,N
2021-09-15T15:00:00Z,"Livestock Historical Track Records",lvstan21,https://usda.library.cornell.edu/concern/publications/4b29b598d,N,N,N
2021-09-15T15:00:00Z,"Turkey Hatchery",tkha0921,https://usda.library.cornell.edu/concern/publications/k643b117x,N,N,N
2021-09-16T15:00:00Z,"Hop Stocks",hops0921,https://usda.library.cornell.edu/concern/publications/sb397825r,N,N,N
2021-09-17T15:00:00Z,"Peanut Prices",pnpr3821,https://usda.library.cornell.edu/concern/publications/5t34sj58c,N,N,N
2021-09-20T15:00:00Z,"Milk Production",mkpr0921,https://usda.library.cornell.edu/concern/publications/h989r321c,N,N,N
2021-09-20T16:00:00Z,"Crop Progress",prog3921,https://usda.library.cornell.edu/concern/publications/8336h188j,N,N,N
2021-09-22T15:00:00Z,"Broiler Hatchery",brls3921,https://usda.library.cornell.edu/concern/publications/gm80hv35d,N,N,N
2021-09-22T15:00:00Z,"Chickens and Eggs",ckeg0921,https://usda.library.cornell.edu/concern/publications/fb494842n,N,N,N
2021-09-22T15:00:00Z,"Cold Storage",cost0921,https://usda.library.cornell.edu/concern/publications/pg15bd892,N,N,N
2021-09-23T12:00:00Z,"Cotton Ginnings",ctgn3921,https://usda.library.cornell.edu/concern/publications/q524jn76v,N,N,N
2021-09-23T15:00:00Z,"Livestock Slaughter",lstk0921,https://usda.library.cornell.edu/concern/publications/rx913p88g,N,N,N
2021-09-24T15:00:00Z,"Cattle on Feed",cofd0921,https://usda.library.cornell.edu/concern/publications/m326m174z,N,N,Y
2021-09-24T15:00:00Z,"Hogs and Pigs",hgpg0921,https://usda.library.cornell.edu/concern/publications/rj430453j,N,N,Y
2021-09-24T15:00:00Z,"Peanut Prices",pnpr3921,https://usda.library.cornell.edu/concern/publications/5t34sj58c,N,N,N
2021-09-24T15:00:00Z,"Poultry Slaughter",psla0921,https://usda.library.cornell.edu/concern/publications/3197xm04j,N,N,N
2021-09-24T15:00:00Z,"Turkeys Raised",tuky0921,https://usda.library.cornell.edu/concern/publications/0g354f23n,N,N,N
2021-09-27T15:00:00Z,"Peanut Stocks and Processing",pnst0921,https://usda.library.cornell.edu/concern/publications/02870v87z,N,N,N
2021-09-27T16:00:00Z,"Crop Progress",prog4021,https://usda.library.cornell.edu/concern/publications/8336h188j,N,N,N
2021-09-28T15:00:00Z,"Egg Products",eggs0921,https://usda.library.cornell.edu/concern/publications/hx11xf25t,N,N,N
2021-09-28T15:00:00Z,"Potatoes",pots0921,https://usda.library.cornell.edu/concern/publications/fx719m44h,N,N,N
2021-09-29T15:00:00Z,"Broiler Hatchery",brls4021,https://usda.library.cornell.edu/concern/publications/gm80hv35d,N,N,N
2021-09-30T12:00:00Z,"Grain Stocks",grst0921,https://usda.library.cornell.edu/concern/publications/xg94hp534,N,N,Y
2021-09-30T12:00:00Z,"Small Grains Summary",smgr0921,https://usda.library.cornell.edu/concern/publications/5t34sj573,N,N,Y
2021-09-30T15:00:00Z,"Agricultural Prices",agpr0921,https://usda.library.cornell.edu/concern/publications/c821gj76b,N,N,Y
2021-10-01T15:00:00Z,"Cotton System",cact1021,https://usda.library.cornell.edu/concern/publications/ng451h506,N,N,N
2021-10-01T15:00:00Z,"Fats & Oils",cafo1021,https://usda.library.cornell.edu/concern/publications/mp48sc77c,N,N,N
2021-10-01T15:00:00Z,"Grain Crushings",cagc1021,https://usda.library.cornell.edu/concern/publications/n583xt96p,N,N,N
2021-10-01T15:00:00Z,"Peanut Prices",pnpr4021,https://usda.library.cornell.edu/concern/publications/5t34sj58c,N,N,N
2021-10-04T15:00:00Z,"Dairy Products",dary1021,https://usda.library.cornell.edu/concern/publications/m326m1757,N,N,N
2021-10-04T16:00:00Z,"Crop Progress",prog4121,https://usda.library.cornell.edu/concern/publications/8336h188j,N,N,N
2021-10-06T15:00:00Z,"Broiler Hatchery",brls4121,https://usda.library.cornell.edu/concern/publications/gm80hv35d,N,N,N
2021-10-08T15:00:00Z,"Peanut Prices",pnpr4121,https://usda.library.cornell.edu/concern/publications/5t34sj58c,N,N,N
2021-10-12T12:00:00Z,"Cotton Ginnings",ctgn4221,https://usda.library.cornell.edu/concern/publications/q524jn76v,N,N,N
2021-10-12T12:00:00Z,"Crop Production",crop1021,https://usda.library.cornell.edu/concern/publications/tm70mv177,N,N,Y
2021-10-12T16:00:00Z,"Crop Progress",prog4221,https://usda.library.cornell.edu/concern/publications/8336h188j,N,N,N
2021-10-13T15:00:00Z,"Broiler Hatchery",brls4221,https://usda.library.cornell.edu/concern/publications/gm80hv35d,N,N,N
2021-10-15T15:00:00Z,"Peanut Prices",pnpr4221,https://usda.library.cornell.edu/concern/publications/5t34sj58c,N,N,N
2021-10-15T15:00:00Z,"Turkey Hatchery",tkha1021,https://usda.library.cornell.edu/concern/publications/k643b117x,N,N,N
2021-10-18T16:00:00Z,"Crop Progress",prog4321,https://usda.library.cornell.edu/concern/publications/8336h188j,N,N,N
2021-10-20T15:00:00Z,"Broiler Hatchery",brls4321,https://usda.library.cornell.edu/concern/publications/gm80hv35d,N,N,N
2021-10-20T15:00:00Z,"Milk Production",mkpr1021,https://usda.library.cornell.edu/concern/publications/h989r321c,N,N,N
2021-10-21T15:00:00Z,"Livestock Slaughter",lstk1021,https://usda.library.cornell.edu/concern/publications/rx913p88g,N,N,N
2021-10-22T12:00:00Z,"Cotton Ginnings",ctgn4321,https://usda.library.cornell.edu/concern/publications/q524jn76v,N,N,N
2021-10-22T12:00:00Z,"Rice Stocks",rice1021,https://usda.library.cornell.edu/concern/publications/d791sg19j,N,N,N
2021-10-22T15:00:00Z,"Cattle on Feed",cofd1021,https://usda.library.cornell.edu/concern/publications/m326m174z,N,N,Y
2021-10-22T15:00:00Z,"Chickens and Eggs",ckeg1021,https://usda.library.cornell.edu/concern/publications/fb494842n,N,N,N
2021-10-22T15:00:00Z,"Cold Storage",cost1021,https://usda.library.cornell.edu/concern/publications/pg15bd892,N,N,N
2021-10-22T15:00:00Z,"Peanut Prices",pnpr4321,https://usda.library.cornell.edu/concern/publications/5t34sj58c,N,N,N
2021-10-25T15:00:00Z,"Poultry Slaughter",psla1021,https://usda.library.cornell.edu/concern/publications/3197xm04j,N,N,N
2021-10-25T16:00:00Z,"Crop Progress",prog4421,https://usda.library.cornell.edu/concern/publications/8336h188j,N,N,N
2021-10-27T15:00:00Z,"Broiler Hatchery",brls4421,https://usda.library.cornell.edu/concern/publications/gm80hv35d,N,N,N
2021-10-27T15:00:00Z,"Peanut Stocks and Processing",pnst1021,https://usda.library.cornell.edu/concern/publications/02870v87z,N,N,N
2021-10-28T15:00:00Z,"Egg Products",eggs1021,https://usda.library.cornell.edu/concern/publications/hx11xf25t,N,N,N
2021-10-29T15:00:00Z,"Agricultural Prices",agpr1021,https://usda.library.cornell.edu/concern/publications/c821gj76b,N,N,Y
2021-10-29T15:00:00Z,"Peanut Prices",pnpr4421,https://usda.library.cornell.edu/concern/publications/5t34sj58c,N,N,N
2021-11-01T15:00:00Z,"Cotton System",cact1121,https://usda.library.cornell.edu/concern/publications/ng451h506,N,N,N
2021-11-01T15:00:00Z,"Fats & Oils",cafo1121,https://usda.library.cornell.edu/concern/publications/mp48sc77c,N,N,N
2021-11-01T15:00:00Z,"Flour Milling",cafl1121,https://usda.library.cornell.edu/concern/publications/cr56n097m,N,N,N
2021-11-01T15:00:00Z,"Grain Crushings",cagc1121,https://usda.library.cornell.edu/concern/publications/n583xt96p,N,N,N
2021-11-01T16:00:00Z,"Crop Progress",prog4521,https://usda.library.cornell.edu/concern/publications/8336h188j,N,N,N
2021-11-03T15:00:00Z,"Broiler Hatchery",brls4521,https://usda.library.cornell.edu/concern/publications/gm80hv35d,N,N,N
2021-11-04T15:00:00Z,"Dairy Products",dary1121,https://usda.library.cornell.edu/concern/publications/m326m1757,N,N,N
2021-11-05T15:00:00Z,"Peanut Prices",pnpr4521,https://usda.library.cornell.edu/concern/publications/5t34sj58c,N,N,N
2021-11-08T16:00:00Z,"Crop Progress",prog4621,https://usda.library.cornell.edu/concern/publications/8336h188j,N,N,N
2021-11-09T12:00:00Z,"Cotton Ginnings",ctgn4621,https://usda.library.cornell.edu/concern/publications/q524jn76v,N,N,N
2021-11-09T12:00:00Z,"Crop Production",crop1121,https://usda.library.cornell.edu/concern/publications/tm70mv177,N,N,Y
2021-11-10T15:00:00Z,"Broiler Hatchery",brls4621,https://usda.library.cornell.edu/concern/publications/gm80hv35d,N,N,N
2021-11-12T15:00:00Z,"Peanut Prices",pnpr4621,https://usda.library.cornell.edu/concern/publications/5t34sj58c,N,N,N
2021-11-15T16:00:00Z,"Crop Progress",prog4721,https://usda.library.cornell.edu/concern/publications/8336h188j,N,N,N
2021-11-17T15:00:00Z,"Broiler Hatchery",brls4721,https://usda.library.cornell.edu/concern/publications/gm80hv35d,N,N,N
2021-11-18T15:00:00Z,"Milk Production",mkpr1121,https://usda.library.cornell.edu/concern/publications/h989r321c,N,N,N
2021-11-18T15:00:00Z,"Turkey Hatchery",tkha1121,https://usda.library.cornell.edu/concern/publications/k643b117x,N,N,N
2021-11-19T15:00:00Z,"Cattle on Feed",cofd1121,https://usda.library.cornell.edu/concern/publications/m326m174z,N,N,Y
2021-11-19T15:00:00Z,"Peanut Prices",pnpr4721,https://usda.library.cornell.edu/concern/publications/5t34sj58c,N,N,N
2021-11-22T15:00:00Z,"Chickens and Eggs",ckeg1121,https://usda.library.cornell.edu/concern/publications/fb494842n,N,N,N
2021-11-22T15:00:00Z,"Cold Storage",cost1121,https://usda.library.cornell.edu/concern/publications/pg15bd892,N,N,N
2021-11-22T16:00:00Z,"Crop Progress",prog4821,https://usda.library.cornell.edu/concern/publications/8336h188j,N,N,N
2021-11-23T15:00:00Z,"Poultry Slaughter",psla1121,https://usda.library.cornell.edu/concern/publications/3197xm04j,N,N,N
2021-11-24T12:00:00Z,"Cotton Ginnings",ctgn4821,https://usda.library.cornell.edu/concern/publications/q524jn76v,N,N,N
2021-11-24T15:00:00Z,"Broiler Hatchery",brls4821,https://usda.library.cornell.edu/concern/publications/gm80hv35d,N,N,N
2021-11-24T15:00:00Z,"Farm Labor",fmla1121,https://usda.library.cornell.edu/concern/publications/x920fw89s,N,N,N
2021-11-24T15:00:00Z,"Livestock Slaughter",lstk1121,https://usda.library.cornell.edu/concern/publications/rx913p88g,N,N,N
2021-11-26T15:00:00Z,"Peanut Prices",pnpr4821,https://usda.library.cornell.edu/concern/publications/5t34sj58c,N,N,N
2021-11-26T15:00:00Z,"Peanut Stocks and Processing",pnst1121,https://usda.library.cornell.edu/concern/publications/02870v87z,N,N,N
2021-11-29T15:00:00Z,"Egg Products",eggs1121,https://usda.library.cornell.edu/concern/publications/hx11xf25t,N,N,N
2021-11-29T16:00:00Z,"Crop Progress",prog4921,https://usda.library.cornell.edu/concern/publications/8336h188j,N,N,N
2021-11-30T15:00:00Z,"Agricultural Prices",agpr1121,https://usda.library.cornell.edu/concern/publications/c821gj76b,N,N,Y
2021-12-01T15:00:00Z,"Broiler Hatchery",brls4921,https://usda.library.cornell.edu/concern/publications/gm80hv35d,N,N,N
2021-12-01T15:00:00Z,"Cotton System",cact1221,https://usda.library.cornell.edu/concern/publications/ng451h506,N,N,N
2021-12-01T15:00:00Z,"Fats & Oils",cafo1221,https://usda.library.cornell.edu/concern/publications/mp48sc77c,N,N,N
2021-12-01T15:00:00Z,"Grain Crushings",cagc1221,https://usda.library.cornell.edu/concern/publications/n583xt96p,N,N,N
2021-12-03T15:00:00Z,"Dairy Products",dary1221,https://usda.library.cornell.edu/concern/publications/m326m1757,N,N,N
2021-12-03T15:00:00Z,"Peanut Prices",pnpr4921,https://usda.library.cornell.edu/concern/publications/5t34sj58c,N,N,N
2021-12-08T15:00:00Z,"Broiler Hatchery",brls5021,https://usda.library.cornell.edu/concern/publications/gm80hv35d,N,N,N
2021-12-09T12:00:00Z,"Cotton Ginnings",ctgn5021,https://usda.library.cornell.edu/concern/publications/q524jn76v,N,N,N
2021-12-09T12:00:00Z,"Crop Production",crop1221,https://usda.library.cornell.edu/concern/publications/tm70mv177,N,N,Y
2021-12-09T15:00:00Z,"County Estimates: Barley, Oats, Wheat",cebran21,https://www.nass.usda.gov/Quick_Stats/Lite/,Y,N,N
2021-12-10T15:00:00Z,"Peanut Prices",pnpr5021,https://usda.library.cornell.edu/concern/publications/5t34sj58c,N,N,N
2021-12-15T15:00:00Z,"Broiler Hatchery",brls5121,https://usda.library.cornell.edu/concern/publications/gm80hv35d,N,N,N
2021-12-15T15:00:00Z,"North American Potatoes",uscp1221,https://usda.library.cornell.edu/concern/publications/4m90dv511,N,N,N
2021-12-15T15:00:00Z,"Turkey Hatchery",tkha1221,https://usda.library.cornell.edu/concern/publications/k643b117x,N,N,N
2021-12-16T15:00:00Z,"Potato Stocks",post1221,https://usda.library.cornell.edu/concern/publications/47429915b,N,N,N
2021-12-17T15:00:00Z,"National Hop Report",hopsan21,https://usda.library.cornell.edu/concern/publications/s7526c41m,N,N,N
2021-12-17T15:00:00Z,"Peanut Prices",pnpr5121,https://usda.library.cornell.edu/concern/publications/5t34sj58c,N,N,N
2021-12-20T15:00:00Z,"Milk Production",mkpr1221,https://usda.library.cornell.edu/concern/publications/h989r321c,N,N,N
2021-12-21T15:00:00Z,"Chickens and Eggs",ckeg1221,https://usda.library.cornell.edu/concern/publications/fb494842n,N,N,N
2021-12-22T12:00:00Z,"Cotton Ginnings",ctgn5221,https://usda.library.cornell.edu/concern/publications/q524jn76v,N,N,N
2021-12-22T15:00:00Z,"Broiler Hatchery",brls5221,https://usda.library.cornell.edu/concern/publications/gm80hv35d,N,N,N
2021-12-22T15:00:00Z,"Cold Storage",cost1221,https://usda.library.cornell.edu/concern/publications/pg15bd892,N,N,N
2021-12-22T15:00:00Z,"Poultry Slaughter",psla1221,https://usda.library.cornell.edu/concern/publications/3197xm04j,N,N,N
2021-12-23T15:00:00Z,"Cattle on Feed",cofd1221,https://usda.library.cornell.edu/concern/publications/m326m174z,N,N,Y
2021-12-23T15:00:00Z,"Hogs and Pigs",hgpg1221,https://usda.library.cornell.edu/concern/publications/rj430453j,N,N,Y
2021-12-23T15:00:00Z,"Livestock Slaughter",lstk1221,https://usda.library.cornell.edu/concern/publications/rx913p88g,N,N,N
2021-12-23T15:00:00Z,"Peanut Prices",pnpr5221,https://usda.library.cornell.edu/concern/publications/5t34sj58c,N,N,N
2021-12-27T15:00:00Z,"Peanut Stocks and Processing",pnst1221,https://usda.library.cornell.edu/concern/publications/02870v87z,N,N,N
2021-12-28T15:00:00Z,"Egg Products",eggs1221,https://usda.library.cornell.edu/concern/publications/hx11xf25t,N,N,N
2021-12-29T15:00:00Z,"Broiler Hatchery",brls5321,https://usda.library.cornell.edu/concern/publications/gm80hv35d,N,N,N
2021-12-30T15:00:00Z,"Agricultural Prices",agpr1221,https://usda.library.cornell.edu/concern/publications/c821gj76b,N,N,Y
2021-12-30T15:00:00Z,"Peanut Prices",pnpr5321,https://usda.library.cornell.edu/concern/publications/5t34sj58c,N,N,N
2021-01-01T00:00:00Z,"HOLIDAY", , ,N,N,N
2021-01-18T00:00:00Z,"HOLIDAY", , ,N,N,N
2021-02-15T00:00:00Z,"HOLIDAY", , ,N,N,N
2021-05-31T00:00:00Z,"HOLIDAY", , ,N,N,N
2021-07-05T00:00:00Z,"HOLIDAY", , ,N,N,N
2021-09-06T00:00:00Z,"HOLIDAY", , ,N,N,N
2021-10-11T00:00:00Z,"HOLIDAY", , ,N,N,N
2021-11-11T00:00:00Z,"HOLIDAY", , ,N,N,N
2021-11-25T00:00:00Z,"HOLIDAY", , ,N,N,N
2021-12-24T00:00:00Z,"HOLIDAY", , ,N,N,N
2021-12-31T00:00:00Z,"HOLIDAY", , ,N,N,N
2022-01-03T15:00:00Z,"Cotton System",cact0122,https://usda.library.cornell.edu/concern/publications/ng451h506,N,N,N
2022-01-03T15:00:00Z,"Fats & Oils",cafo0122,https://usda.library.cornell.edu/concern/publications/mp48sc77c,N,N,N
2022-01-03T15:00:00Z,"Grain Crushings",cagc0122,https://usda.library.cornell.edu/concern/publications/n583xt96p,N,N,N
2022-01-04T12:00:00Z,"State Stories",stwe0222,https://usda.library.cornell.edu/concern/publications/fq977t77k,N,N,N
2022-01-05T15:00:00Z,"Broiler Hatchery",brls0222,https://usda.library.cornell.edu/concern/publications/gm80hv35d,N,N,N
2022-01-06T15:00:00Z,"Dairy Products",dary0122,https://usda.library.cornell.edu/concern/publications/m326m1757,N,N,N
2022-01-07T15:00:00Z,"Peanut Prices",pnpr0222,https://usda.library.cornell.edu/concern/publications/5t34sj58c,N,N,N
2022-01-12T12:00:00Z,"Cotton Ginnings",ctgn0322,https://usda.library.cornell.edu/concern/publications/q524jn76v,N,N,N
2022-01-12T12:00:00Z,"Crop Production",crop0122,https://usda.library.cornell.edu/concern/publications/tm70mv177,N,N,Y
2022-01-12T12:00:00Z,"Crop Production - Ann.",cropan22,https://usda.library.cornell.edu/concern/publications/k3569432s,N,N,Y
2022-01-12T12:00:00Z,"Grain Stocks",grst0122,https://usda.library.cornell.edu/concern/publications/xg94hp534,N,N,Y
2022-01-12T12:00:00Z,"Rice Stocks",rice0122,https://usda.library.cornell.edu/concern/publications/d791sg19j,N,N,N
2022-01-12T12:00:00Z,"Winter Wheat/Canola Seedings",wtrc0122,https://usda.library.cornell.edu/concern/publications/z890rt24s,N,N,Y
2022-01-12T15:00:00Z,"Broiler Hatchery",brls0322,https://usda.library.cornell.edu/concern/publications/gm80hv35d,N,N,N
2022-01-14T15:00:00Z,"Peanut Prices",pnpr0322,https://usda.library.cornell.edu/concern/publications/5t34sj58c,N,N,N
2022-01-14T15:00:00Z,"Turkey Hatchery",tkha0122,https://usda.library.cornell.edu/concern/publications/k643b117x,N,N,N
2022-01-19T15:00:00Z,"Broiler Hatchery",brls0422,https://usda.library.cornell.edu/concern/publications/gm80hv35d,N,N,N
2022-01-19T15:00:00Z,"Chickens and Eggs",ckeg0122,https://usda.library.cornell.edu/concern/publications/fb494842n,N,N,N
2022-01-19T15:00:00Z,"North American Potatoes",uscp0122,https://usda.library.cornell.edu/concern/publications/4m90dv511,N,N,N
2022-01-20T15:00:00Z,"Livestock Slaughter",lstk0122,https://usda.library.cornell.edu/concern/publications/rx913p88g,N,N,N
2022-01-21T12:00:00Z,"Cotton Ginnings",ctgn0422,https://usda.library.cornell.edu/concern/publications/q524jn76v,N,N,N
2022-01-21T15:00:00Z,"Cattle on Feed",cofd0122,https://usda.library.cornell.edu/concern/publications/m326m174z,N,N,Y
2022-01-21T15:00:00Z,"Coffee",cafean22,https://usda.library.cornell.edu/concern/publications/3t945q80c,N,N,N
2022-01-21T15:00:00Z,"Peanut Prices",pnpr0422,https://usda.library.cornell.edu/concern/publications/5t34sj58c,N,N,N
2022-01-24T15:00:00Z,"Cold Storage",cost0122,https://usda.library.cornell.edu/concern/publications/pg15bd892,N,N,N
2022-01-24T15:00:00Z,"Milk Production",mkpr0122,https://usda.library.cornell.edu/concern/publications/h989r321c,N,N,N
2022-01-24T15:00:00Z,"Poultry Slaughter",psla0122,https://usda.library.cornell.edu/concern/publications/3197xm04j,N,N,N
2022-01-25T12:00:00Z,"State Stories",stwe0522,https://usda.library.cornell.edu/concern/publications/fq977t77k,N,N,N
2022-01-26T15:00:00Z,"Broiler Hatchery",brls0522,https://usda.library.cornell.edu/concern/publications/gm80hv35d,N,N,N
2022-01-26T15:00:00Z,"Peanut Stocks and Processing",pnst0122,https://usda.library.cornell.edu/concern/publications/02870v87z,N,N,N
2022-01-28T15:00:00Z,"Egg Products",eggs0122,https://usda.library.cornell.edu/concern/publications/hx11xf25t,N,N,N
2022-01-28T15:00:00Z,"Peanut Prices",pnpr0522,https://usda.library.cornell.edu/concern/publications/5t34sj58c,N,N,N
2022-01-31T15:00:00Z,"Agricultural Prices",agpr0122,https://usda.library.cornell.edu/concern/publications/c821gj76b,N,N,Y
2022-01-31T15:00:00Z,"Capacity of Refrigerated Warehouses",rfwh0122,https://usda.library.cornell.edu/concern/publications/x059c7329,N,N,N
2022-01-31T15:00:00Z,"Cattle",catl0122,https://usda.library.cornell.edu/concern/publications/h702q636h,N,N,Y
2022-01-31T15:00:00Z,"Sheep and Goats",shep0122,https://usda.library.cornell.edu/concern/publications/000000018,N,N,N
2022-02-01T15:00:00Z,"Cotton System",cact0222,https://usda.library.cornell.edu/concern/publications/ng451h506,N,N,N
2022-02-01T15:00:00Z,"Fats & Oils",cafo0222,https://usda.library.cornell.edu/concern/publications/mp48sc77c,N,N,N
2022-02-01T15:00:00Z,"Flour Milling",cafl0222,https://usda.library.cornell.edu/concern/publications/cr56n097m,N,N,N
2022-02-01T15:00:00Z,"Grain Crushings",cagc0222,https://usda.library.cornell.edu/concern/publications/n583xt96p,N,N,N
2022-02-02T15:00:00Z,"Broiler Hatchery",brls0622,https://usda.library.cornell.edu/concern/publications/gm80hv35d,N,N,N
2022-02-03T15:00:00Z,"TEST DDO",test22,https://usda.library.cornell.edu/concern/publications/TEST DDO,N,N,N
2022-02-04T15:00:00Z,"Dairy Products",dary0222,https://usda.library.cornell.edu/concern/publications/m326m1757,N,N,N
2022-02-04T15:00:00Z,"Peanut Prices",pnpr0622,https://usda.library.cornell.edu/concern/publications/5t34sj58c,N,N,N
2022-02-09T12:00:00Z,"Cotton Ginnings",ctgn0722,https://usda.library.cornell.edu/concern/publications/q524jn76v,N,N,N
2022-02-09T12:00:00Z,"Crop Production",crop0222,https://usda.library.cornell.edu/concern/publications/tm70mv177,N,N,Y
2022-02-09T15:00:00Z,"Broiler Hatchery",brls0722,https://usda.library.cornell.edu/concern/publications/gm80hv35d,N,N,N
2022-02-11T15:00:00Z,"Catfish Production",cfpd0222,https://usda.library.cornell.edu/concern/publications/bg257f046,N,N,N
2022-02-11T15:00:00Z,"Peanut Prices",pnpr0722,https://usda.library.cornell.edu/concern/publications/5t34sj58c,N,N,N
2022-02-16T15:00:00Z,"Broiler Hatchery",brls0822,https://usda.library.cornell.edu/concern/publications/gm80hv35d,N,N,N
2022-02-16T15:00:00Z,"Turkey Hatchery",tkha0222,https://usda.library.cornell.edu/concern/publications/k643b117x,N,N,N
2022-02-16T15:00:00Z,"Vegetables - Ann.",vegean22,https://usda.library.cornell.edu/concern/publications/02870v86p,N,N,N
2022-02-17T15:00:00Z,"National Hemp Report", ,https://usda.library.cornell.edu/concern/publications/gf06h2430,N,N,N
2022-02-17T15:00:00Z,"Potato Stocks",post0222,https://usda.library.cornell.edu/concern/publications/47429915b,N,N,N
2022-02-18T15:00:00Z,"Farms and Land in Farms",fnlo0222,https://usda.library.cornell.edu/concern/publications/5712m6524,N,N,N
2022-02-18T15:00:00Z,"Peanut Prices",pnpr0822,https://usda.library.cornell.edu/concern/publications/5t34sj58c,N,N,N
2022-02-22T12:00:00Z,"State Stories",stwe0922,https://usda.library.cornell.edu/concern/publications/fq977t77k,N,N,N
2022-02-22T15:00:00Z,"Chickens and Eggs - Ann.",ckegan22,https://usda.library.cornell.edu/concern/publications/1v53jw96n,N,N,N
2022-02-22T15:00:00Z,"Cold Storage",cost0222,https://usda.library.cornell.edu/concern/publications/pg15bd892,N,N,N
2022-02-22T15:00:00Z,"Poultry Slaughter",psla0222,https://usda.library.cornell.edu/concern/publications/3197xm04j,N,N,N
2022-02-23T15:00:00Z,"Broiler Hatchery",brls0922,https://usda.library.cornell.edu/concern/publications/gm80hv35d,N,N,N
2022-02-23T15:00:00Z,"Milk Production",mkpr0222,https://usda.library.cornell.edu/concern/publications/h989r321c,N,N,N
2022-02-24T15:00:00Z,"County Estimates  Corn, Soybeans, Sorghum",cecnan22,https://www.nass.usda.gov/Quick_Stats/Lite/,Y,N,N
2022-02-24T15:00:00Z,"Crop Values",cpvl0222,https://usda.library.cornell.edu/concern/publications/k35694332,N,N,N
2022-02-24T15:00:00Z,"Livestock Slaughter",lstk0222,https://usda.library.cornell.edu/concern/publications/rx913p88g,N,N,N
2022-02-25T15:00:00Z,"Cattle on Feed",cofd0222,https://usda.library.cornell.edu/concern/publications/m326m174z,N,N,Y
2022-02-25T15:00:00Z,"Chickens and Eggs",ckeg0222,https://usda.library.cornell.edu/concern/publications/fb494842n,N,N,N
2022-02-25T15:00:00Z,"Peanut Prices",pnpr0922,https://usda.library.cornell.edu/concern/publications/5t34sj58c,N,N,N
2022-02-25T15:00:00Z,"Peanut Stocks and Processing",pnst0222,https://usda.library.cornell.edu/concern/publications/02870v87z,N,N,N
2022-02-25T15:00:00Z,"Poultry Slaughter - Ann.",pslaan22,https://usda.library.cornell.edu/concern/publications/pg15bd88s,N,N,N
2022-02-28T15:00:00Z,"Agricultural Prices",agpr0222,https://usda.library.cornell.edu/concern/publications/c821gj76b,N,N,Y
2022-02-28T15:00:00Z,"Cold Storage - Ann.",costan22,https://usda.library.cornell.edu/concern/publications/sb397824g,N,N,N
2022-02-28T15:00:00Z,"Egg Products",eggs0222,https://usda.library.cornell.edu/concern/publications/hx11xf25t,N,N,N
2022-02-28T15:00:00Z,"Trout Production",trpr0222,https://usda.library.cornell.edu/concern/publications/t722h882h,N,N,N
2022-03-01T15:00:00Z,"Cotton System",cact0322,https://usda.library.cornell.edu/concern/publications/ng451h506,N,N,N
2022-03-01T15:00:00Z,"Cotton System - Ann.",cactan22,https://usda.library.cornell.edu/concern/publications/kp78gg381,N,N,N
2022-03-01T15:00:00Z,"Fats & Oils",cafo0322,https://usda.library.cornell.edu/concern/publications/mp48sc77c,N,N,N
2022-03-01T15:00:00Z,"Fats & Oils - Ann.",cafoan22,https://usda.library.cornell.edu/concern/publications/b5644r54d,N,N,N
2022-03-01T15:00:00Z,"Grain Crushings",cagc0322,https://usda.library.cornell.edu/concern/publications/n583xt96p,N,N,N
2022-03-01T15:00:00Z,"Grain Crushings - Ann.",cagcan22,https://usda.library.cornell.edu/concern/publications/v979v304g,N,N,N
2022-03-02T15:00:00Z,"Broiler Hatchery",brls1022,https://usda.library.cornell.edu/concern/publications/gm80hv35d,N,N,N
2022-03-03T15:00:00Z,"County Estimates  All Rice",cerian22,https://www.nass.usda.gov/Quick_Stats/Lite/,Y,N,N
2022-03-03T15:00:00Z,"U.S. and Canadian Cattle and Sheep",uscc0322,https://usda.library.cornell.edu/concern/publications/474299142,N,N,N
2022-03-03T15:00:00Z,"U.S. and Canadian Hogs",usch0322,https://usda.library.cornell.edu/concern/publications/7h149p85x,N,N,N
2022-03-04T15:00:00Z,"Dairy Products",dary0322,https://usda.library.cornell.edu/concern/publications/m326m1757,N,N,N
2022-03-04T15:00:00Z,"Peanut Prices",pnpr1022,https://usda.library.cornell.edu/concern/publications/5t34sj58c,N,N,N
2022-03-09T12:00:00Z,"Cotton Ginnings",ctgn1122,https://usda.library.cornell.edu/concern/publications/q524jn76v,N,N,N
2022-03-09T12:00:00Z,"Crop Production",crop0322,https://usda.library.cornell.edu/concern/publications/tm70mv177,N,N,Y
2022-03-09T15:00:00Z,"Broiler Hatchery",brls1122,https://usda.library.cornell.edu/concern/publications/gm80hv35d,N,N,N
2022-03-11T15:00:00Z,"Peanut Prices",pnpr1122,https://usda.library.cornell.edu/concern/publications/5t34sj58c,N,N,N
2022-03-11T15:00:00Z,"Price Reactions after USDA Crop Reports",prrcan22,https://usda.library.cornell.edu/concern/publications/ms35t861q,N,N,N
2022-03-11T15:00:00Z,"Price Reactions After USDA Livestock Reports",prrlan22,https://usda.library.cornell.edu/concern/publications/z316q156s,N,N,N
2022-03-14T15:00:00Z,"North American Grain and Oilseed Crushings",cairus22,https://usda.library.cornell.edu/concern/publications/ks65hk36z,N,N,N
2022-03-16T15:00:00Z,"Broiler Hatchery",brls1222,https://usda.library.cornell.edu/concern/publications/gm80hv35d,N,N,N
2022-03-16T15:00:00Z,"Hop Stocks",hops0322,https://usda.library.cornell.edu/concern/publications/sb397825r,N,N,N
2022-03-16T15:00:00Z,"Turkey Hatchery",tkha0322,https://usda.library.cornell.edu/concern/publications/k643b117x,N,N,N
2022-03-18T15:00:00Z,"Honey",hony0322,https://usda.library.cornell.edu/concern/publications/hd76s004z,N,N,N
2022-03-18T15:00:00Z,"Peanut Prices",pnpr1222,https://usda.library.cornell.edu/concern/publications/5t34sj58c,N,N,N
2022-03-21T15:00:00Z,"Chickens and Eggs",ckeg0322,https://usda.library.cornell.edu/concern/publications/fb494842n,N,N,N
2022-03-21T15:00:00Z,"Milk Production",mkpr0322,https://usda.library.cornell.edu/concern/publications/h989r321c,N,N,N
2022-03-23T15:00:00Z,"Broiler Hatchery",brls1322,https://usda.library.cornell.edu/concern/publications/gm80hv35d,N,N,N
2022-03-23T15:00:00Z,"Cold Storage",cost0322,https://usda.library.cornell.edu/concern/publications/pg15bd892,N,N,N
2022-03-24T15:00:00Z,"Livestock Slaughter",lstk0322,https://usda.library.cornell.edu/concern/publications/rx913p88g,N,N,N
2022-03-25T15:00:00Z,"Cattle on Feed",cofd0322,https://usda.library.cornell.edu/concern/publications/m326m174z,N,N,Y
2022-03-25T15:00:00Z,"Peanut Prices",pnpr1322,https://usda.library.cornell.edu/concern/publications/5t34sj58c,N,N,N
2022-03-25T15:00:00Z,"Peanut Stocks and Processing",pnst0322,https://usda.library.cornell.edu/concern/publications/02870v87z,N,N,N
2022-03-25T15:00:00Z,"Poultry Slaughter",psla0322,https://usda.library.cornell.edu/concern/publications/3197xm04j,N,N,N
2022-03-29T12:00:00Z,"State Stories",stwe1422,https://usda.library.cornell.edu/concern/publications/fq977t77k,N,N,N
2022-03-29T15:00:00Z,"Egg Products",eggs0322,https://usda.library.cornell.edu/concern/publications/hx11xf25t,N,N,N
2022-03-30T15:00:00Z,"Broiler Hatchery",brls1422,https://usda.library.cornell.edu/concern/publications/gm80hv35d,N,N,N
2022-03-30T15:00:00Z,"Hogs and Pigs",hgpg0322,https://usda.library.cornell.edu/concern/publications/rj430453j,N,N,Y
2022-03-31T12:00:00Z,"Grain Stocks",grst0322,https://usda.library.cornell.edu/concern/publications/xg94hp534,N,N,Y
2022-03-31T12:00:00Z,"Prospective Plantings",pspl0322,https://usda.library.cornell.edu/concern/publications/x633f100h,N,N,Y
2022-03-31T12:00:00Z,"Rice Stocks",rice0322,https://usda.library.cornell.edu/concern/publications/d791sg19j,N,N,N
2022-03-31T15:00:00Z,"Agricultural Prices",agpr0322,https://usda.library.cornell.edu/concern/publications/c821gj76b,N,N,Y
2022-04-01T15:00:00Z,"Cotton System",cact0422,https://usda.library.cornell.edu/concern/publications/ng451h506,N,N,N
2022-04-01T15:00:00Z,"Dairy Products",dary0422,https://usda.library.cornell.edu/concern/publications/m326m1757,N,N,N
2022-04-01T15:00:00Z,"Fats & Oils",cafo0422,https://usda.library.cornell.edu/concern/publications/mp48sc77c,N,N,N
2022-04-01T15:00:00Z,"Grain Crushings",cagc0422,https://usda.library.cornell.edu/concern/publications/n583xt96p,N,N,N
2022-04-01T15:00:00Z,"Peanut Prices",pnpr1422,https://usda.library.cornell.edu/concern/publications/5t34sj58c,N,N,N
2022-04-04T16:00:00Z,"Crop Progress",prog1522,https://usda.library.cornell.edu/concern/publications/8336h188j,N,N,N
2022-04-05T15:00:00Z,"Hatchery Production - Ann.",htpdan22,https://usda.library.cornell.edu/concern/publications/9306sz28s,N,N,N
2022-04-06T15:00:00Z,"Broiler Hatchery",brls1522,https://usda.library.cornell.edu/concern/publications/gm80hv35d,N,N,N
2022-04-08T12:00:00Z,"Crop Production",crop0422,https://usda.library.cornell.edu/concern/publications/tm70mv177,N,N,Y
2022-04-08T15:00:00Z,"Peanut Prices",pnpr1522,https://usda.library.cornell.edu/concern/publications/5t34sj58c,N,N,N
2022-04-11T15:00:00Z,"Crop Production Historical Track Records",croptr22,https://usda.library.cornell.edu/concern/publications/c534fn92g,N,N,N
2022-04-11T16:00:00Z,"Crop Progress",prog1622,https://usda.library.cornell.edu/concern/publications/8336h188j,N,N,N
2022-04-13T15:00:00Z,"Broiler Hatchery",brls1622,https://usda.library.cornell.edu/concern/publications/gm80hv35d,N,N,N
2022-04-13T15:00:00Z,"Turkey Hatchery",tkha0422,https://usda.library.cornell.edu/concern/publications/k643b117x,N,N,N
2022-04-14T15:00:00Z,"Peanut Prices",pnpr1622,https://usda.library.cornell.edu/concern/publications/5t34sj58c,N,N,N
2022-04-14T15:00:00Z,"Potato Stocks",post0422,https://usda.library.cornell.edu/concern/publications/47429915b,N,N,N
2022-04-18T16:00:00Z,"Crop Progress",prog1722,https://usda.library.cornell.edu/concern/publications/8336h188j,N,N,N
2022-04-20T15:00:00Z,"Broiler Hatchery",brls1722,https://usda.library.cornell.edu/concern/publications/gm80hv35d,N,N,N
2022-04-20T15:00:00Z,"Livestock Slaughter - Ann.",lsan0422,https://usda.library.cornell.edu/concern/publications/r207tp32d,N,N,N
2022-04-20T15:00:00Z,"Milk Production",mkpr0422,https://usda.library.cornell.edu/concern/publications/h989r321c,N,N,N
2022-04-21T15:00:00Z,"Chickens and Eggs",ckeg0422,https://usda.library.cornell.edu/concern/publications/fb494842n,N,N,N
2022-04-21T15:00:00Z,"Livestock Slaughter",lstk0422,https://usda.library.cornell.edu/concern/publications/rx913p88g,N,N,N
2022-04-22T15:00:00Z,"Cattle on Feed",cofd0422,https://usda.library.cornell.edu/concern/publications/m326m174z,N,N,Y
2022-04-22T15:00:00Z,"Cold Storage",cost0422,https://usda.library.cornell.edu/concern/publications/pg15bd892,N,N,N
2022-04-22T15:00:00Z,"Peanut Prices",pnpr1722,https://usda.library.cornell.edu/concern/publications/5t34sj58c,N,N,N
2022-04-25T15:00:00Z,"Peanut Stocks and Processing",pnst0422,https://usda.library.cornell.edu/concern/publications/02870v87z,N,N,N
2022-04-25T15:00:00Z,"Poultry Slaughter",psla0422,https://usda.library.cornell.edu/concern/publications/3197xm04j,N,N,N
2022-04-25T16:00:00Z,"Crop Progress",prog1822,https://usda.library.cornell.edu/concern/publications/8336h188j,N,N,N
2022-04-27T15:00:00Z,"Broiler Hatchery",brls1822,https://usda.library.cornell.edu/concern/publications/gm80hv35d,N,N,N
2022-04-27T15:00:00Z,"Dairy Products - Ann.",daryan22,https://usda.library.cornell.edu/concern/publications/jm214p131,N,N,N
2022-04-28T15:00:00Z,"Egg Products",eggs0422,https://usda.library.cornell.edu/concern/publications/hx11xf25t,N,N,N
2022-04-28T15:00:00Z,"Local Foods",census22,https://www.nass.usda.gov/AgCensus,N,Y,N
2022-04-28T15:00:00Z,"Meat Animals - PDI",meatan22,https://usda.library.cornell.edu/concern/publications/02870v85d,N,N,N
2022-04-28T15:00:00Z,"Milk - PDI",mlkpdi22,https://usda.library.cornell.edu/concern/publications/4b29b5974,N,N,N
2022-04-28T15:00:00Z,"Poultry - Production and Value",plva0422,https://usda.library.cornell.edu/concern/publications/m039k491c,N,N,N
2022-04-29T15:00:00Z,"Agricultural Prices",agpr0422,https://usda.library.cornell.edu/concern/publications/c821gj76b,N,N,Y
2022-04-29T15:00:00Z,"Peanut Prices",pnpr1822,https://usda.library.cornell.edu/concern/publications/5t34sj58c,N,N,N
2022-05-02T15:00:00Z,"Cotton System",cact0522,https://usda.library.cornell.edu/concern/publications/ng451h506,N,N,N
2022-05-02T15:00:00Z,"Fats & Oils",cafo0522,https://usda.library.cornell.edu/concern/publications/mp48sc77c,N,N,N
2022-05-02T15:00:00Z,"Flour Milling",cafl0522,https://usda.library.cornell.edu/concern/publications/cr56n097m,N,N,N
2022-05-02T15:00:00Z,"Flour Milling - Ann.",caflan22,https://usda.library.cornell.edu/concern/publications/ws859f64s,N,N,N
2022-05-02T15:00:00Z,"Grain Crushings",cagc0522,https://usda.library.cornell.edu/concern/publications/n583xt96p,N,N,N
2022-05-02T16:00:00Z,"Crop Progress",prog1922,https://usda.library.cornell.edu/concern/publications/8336h188j,N,N,N
2022-05-04T15:00:00Z,"Broiler Hatchery",brls1922,https://usda.library.cornell.edu/concern/publications/gm80hv35d,N,N,N
2022-05-04T15:00:00Z,"Dairy Products",dary0522,https://usda.library.cornell.edu/concern/publications/m326m1757,N,N,N
2022-05-04T15:00:00Z,"Noncitrus Fruits and Nuts - Ann.",ncit0522,https://usda.library.cornell.edu/concern/publications/zs25x846c,N,N,N
2022-05-06T15:00:00Z,"Peanut Prices",pnpr1922,https://usda.library.cornell.edu/concern/publications/5t34sj58c,N,N,N
2022-05-09T15:00:00Z,"County Estimates  Cattle & Sheep",cectan22,https://www.nass.usda.gov/Quick_Stats/Lite/,Y,N,N
2022-05-09T16:00:00Z,"Crop Progress",prog2022,https://usda.library.cornell.edu/concern/publications/8336h188j,N,N,N
2022-05-11T15:00:00Z,"Broiler Hatchery",brls2022,https://usda.library.cornell.edu/concern/publications/gm80hv35d,N,N,N
2022-05-12T12:00:00Z,"Cotton Ginnings - Ann.",ctgnan22,https://usda.library.cornell.edu/concern/publications/6108vb275,N,N,N
2022-05-12T12:00:00Z,"Crop Production",crop0522,https://usda.library.cornell.edu/concern/publications/tm70mv177,N,N,Y
2022-05-12T15:00:00Z,"County Estimates  Cotton",cectan22,https://www.nass.usda.gov/Quick_Stats/Lite/,Y,N,N
2022-05-12T15:00:00Z,"County Estimates  Peanuts",cepnal22,https://www.nass.usda.gov/Quick_Stats/Lite/,Y,N,N
2022-05-12T15:00:00Z,"Turkey Hatchery",tkha0522,https://usda.library.cornell.edu/concern/publications/k643b117x,N,N,N
2022-05-13T15:00:00Z,"Agricultural Chemical Usage - Field Crops",agcufc22,https://www.nass.usda.gov/Surveys/Guide_to_NASS_Surveys/Chemical_Use,Y,N,N
2022-05-13T15:00:00Z,"Peanut Prices",pnpr2022,https://usda.library.cornell.edu/concern/publications/5t34sj58c,N,N,N
2022-05-16T15:00:00Z,"North American Flour Milling Products Summary",cairus22,https://usda.library.cornell.edu/concern/publications/n87100088,N,N,N
2022-05-16T16:00:00Z,"Crop Progress",prog2122,https://usda.library.cornell.edu/concern/publications/8336h188j,N,N,N
2022-05-18T15:00:00Z,"Broiler Hatchery",brls2122,https://usda.library.cornell.edu/concern/publications/gm80hv35d,N,N,N
2022-05-18T15:00:00Z,"Milk Production",mkpr0522,https://usda.library.cornell.edu/concern/publications/h989r321c,N,N,N
2022-05-19T15:00:00Z,"Livestock Slaughter",lstk0522,https://usda.library.cornell.edu/concern/publications/rx913p88g,N,N,N
2022-05-20T15:00:00Z,"Cattle on Feed",cofd0522,https://usda.library.cornell.edu/concern/publications/m326m174z,N,N,Y
2022-05-20T15:00:00Z,"Chickens and Eggs",ckeg0522,https://usda.library.cornell.edu/concern/publications/fb494842n,N,N,N
2022-05-20T15:00:00Z,"Peanut Prices",pnpr2122,https://usda.library.cornell.edu/concern/publications/5t34sj58c,N,N,N
2022-05-23T15:00:00Z,"Cold Storage",cost0522,https://usda.library.cornell.edu/concern/publications/pg15bd892,N,N,N
2022-05-23T16:00:00Z,"Crop Progress",prog2222,https://usda.library.cornell.edu/concern/publications/8336h188j,N,N,N
2022-05-25T15:00:00Z,"Broiler Hatchery",brls2222,https://usda.library.cornell.edu/concern/publications/gm80hv35d,N,N,N
2022-05-25T15:00:00Z,"Farm Labor",fmla0522,https://usda.library.cornell.edu/concern/publications/x920fw89s,N,N,N
2022-05-25T15:00:00Z,"Floriculture Crops",floran22,https://www.nass.usda.gov/Surveys/Guide_to_NASS_Surveys/Floriculture/index.php,Y,N,N
2022-05-25T15:00:00Z,"Peanut Stocks and Processing",pnst0522,https://usda.library.cornell.edu/concern/publications/02870v87z,N,N,N
2022-05-25T15:00:00Z,"Poultry Slaughter",psla0522,https://usda.library.cornell.edu/concern/publications/3197xm04j,N,N,N
2022-05-27T15:00:00Z,"Egg Products",eggs0522,https://usda.library.cornell.edu/concern/publications/hx11xf25t,N,N,N
2022-05-27T15:00:00Z,"Peanut Prices",pnpr2222,https://usda.library.cornell.edu/concern/publications/5t34sj58c,N,N,N
2022-05-31T15:00:00Z,"Agricultural Prices",agpr0522,https://usda.library.cornell.edu/concern/publications/c821gj76b,N,N,Y
2022-05-31T16:00:00Z,"Crop Progress",prog2322,https://usda.library.cornell.edu/concern/publications/8336h188j,N,N,N
2022-06-01T15:00:00Z,"Broiler Hatchery",brls2322,https://usda.library.cornell.edu/concern/publications/gm80hv35d,N,N,N
2022-06-01T15:00:00Z,"Cotton System",cact0622,https://usda.library.cornell.edu/concern/publications/ng451h506,N,N,N
2022-06-01T15:00:00Z,"Fats & Oils",cafo0622,https://usda.library.cornell.edu/concern/publications/mp48sc77c,N,N,N
2022-06-01T15:00:00Z,"Grain Crushings",cagc0622,https://usda.library.cornell.edu/concern/publications/n583xt96p,N,N,N
2022-06-03T15:00:00Z,"Dairy Products",dary0622,https://usda.library.cornell.edu/concern/publications/m326m1757,N,N,N
2022-06-03T15:00:00Z,"Peanut Prices",pnpr2322,https://usda.library.cornell.edu/concern/publications/5t34sj58c,N,N,N
2022-06-06T15:00:00Z,"County Estimates  Poultry",cepoan22,https://www.nass.usda.gov/Quick_Stats/Lite/,Y,N,N
2022-06-06T16:00:00Z,"Crop Progress",prog2422,https://usda.library.cornell.edu/concern/publications/8336h188j,N,N,N
2022-06-08T15:00:00Z,"Broiler Hatchery",brls2422,https://usda.library.cornell.edu/concern/publications/gm80hv35d,N,N,N
2022-06-10T12:00:00Z,"Crop Production",crop0622,https://usda.library.cornell.edu/concern/publications/tm70mv177,N,N,Y
2022-06-10T15:00:00Z,"Peanut Prices",pnpr2422,https://usda.library.cornell.edu/concern/publications/5t34sj58c,N,N,N
2022-06-13T16:00:00Z,"Crop Progress",prog2522,https://usda.library.cornell.edu/concern/publications/8336h188j,N,N,N
2022-06-15T15:00:00Z,"Broiler Hatchery",brls2522,https://usda.library.cornell.edu/concern/publications/gm80hv35d,N,N,N
2022-06-15T15:00:00Z,"Turkey Hatchery",tkha0622,https://usda.library.cornell.edu/concern/publications/k643b117x,N,N,N
2022-06-17T15:00:00Z,"Peanut Prices",pnpr2522,https://usda.library.cornell.edu/concern/publications/5t34sj58c,N,N,N
2022-06-17T15:00:00Z,"Potato Stocks",post0622,https://usda.library.cornell.edu/concern/publications/47429915b,N,N,N
2022-06-21T15:00:00Z,"Milk Production",mkpr0622,https://usda.library.cornell.edu/concern/publications/h989r321c,N,N,N
2022-06-21T16:00:00Z,"Crop Progress",prog2622,https://usda.library.cornell.edu/concern/publications/8336h188j,N,N,N
2022-06-22T15:00:00Z,"Broiler Hatchery",brls2622,https://usda.library.cornell.edu/concern/publications/gm80hv35d,N,N,N
2022-06-23T15:00:00Z,"Chickens and Eggs",ckeg0622,https://usda.library.cornell.edu/concern/publications/fb494842n,N,N,N
2022-06-23T15:00:00Z,"Cold Storage",cost0622,https://usda.library.cornell.edu/concern/publications/pg15bd892,N,N,N
2022-06-23T15:00:00Z,"Livestock Slaughter",lstk0622,https://usda.library.cornell.edu/concern/publications/rx913p88g,N,N,N
2022-06-24T15:00:00Z,"Cattle on Feed",cofd0622,https://usda.library.cornell.edu/concern/publications/m326m174z,N,N,Y
2022-06-24T15:00:00Z,"Peanut Prices",pnpr2622,https://usda.library.cornell.edu/concern/publications/5t34sj58c,N,N,N
2022-06-24T15:00:00Z,"Poultry Slaughter",psla0622,https://usda.library.cornell.edu/concern/publications/3197xm04j,N,N,N
2022-06-27T15:00:00Z,"Peanut Stocks and Processing",pnst0622,https://usda.library.cornell.edu/concern/publications/02870v87z,N,N,N
2022-06-27T16:00:00Z,"Crop Progress",prog2722,https://usda.library.cornell.edu/concern/publications/8336h188j,N,N,N
2022-06-29T15:00:00Z,"Broiler Hatchery",brls2722,https://usda.library.cornell.edu/concern/publications/gm80hv35d,N,N,N
2022-06-29T15:00:00Z,"Egg Products",eggs0622,https://usda.library.cornell.edu/concern/publications/hx11xf25t,N,N,N
2022-06-29T15:00:00Z,"Hogs and Pigs",hgpg0622,https://usda.library.cornell.edu/concern/publications/rj430453j,N,N,Y
2022-06-30T12:00:00Z,"Acreage",acrg0622,https://usda.library.cornell.edu/concern/publications/j098zb09z,N,N,Y
2022-06-30T12:00:00Z,"Grain Stocks",grst0622,https://usda.library.cornell.edu/concern/publications/xg94hp534,N,N,Y
2022-06-30T12:00:00Z,"Rice Stocks",rice0622,https://usda.library.cornell.edu/concern/publications/d791sg19j,N,N,N
2022-06-30T15:00:00Z,"Agricultural Prices",agpr0622,https://usda.library.cornell.edu/concern/publications/c821gj76b,N,N,Y
2022-07-01T15:00:00Z,"Cotton System",cact0722,https://usda.library.cornell.edu/concern/publications/ng451h506,N,N,N
2022-07-01T15:00:00Z,"Dairy Products",dary0722,https://usda.library.cornell.edu/concern/publications/m326m1757,N,N,N
2022-07-01T15:00:00Z,"Fats & Oils",cafo0722,https://usda.library.cornell.edu/concern/publications/mp48sc77c,N,N,N
2022-07-01T15:00:00Z,"Grain Crushings",cagc0722,https://usda.library.cornell.edu/concern/publications/n583xt96p,N,N,N
2022-07-01T15:00:00Z,"Peanut Prices",pnpr2722,https://usda.library.cornell.edu/concern/publications/5t34sj58c,N,N,N
2022-07-05T16:00:00Z,"Crop Progress",prog2822,https://usda.library.cornell.edu/concern/publications/8336h188j,N,N,N
2022-07-06T15:00:00Z,"Broiler Hatchery",brls2822,https://usda.library.cornell.edu/concern/publications/gm80hv35d,N,N,N
2022-07-08T15:00:00Z,"Peanut Prices",pnpr2822,https://usda.library.cornell.edu/concern/publications/5t34sj58c,N,N,N
2022-07-11T16:00:00Z,"Crop Progress",prog2922,https://usda.library.cornell.edu/concern/publications/8336h188j,N,N,N
2022-07-12T12:00:00Z,"Crop Production",crop0722,https://usda.library.cornell.edu/concern/publications/tm70mv177,N,N,Y
2022-07-13T15:00:00Z,"Broiler Hatchery",brls2922,https://usda.library.cornell.edu/concern/publications/gm80hv35d,N,N,N
2022-07-13T15:00:00Z,"Turkey Hatchery",tkha0722,https://usda.library.cornell.edu/concern/publications/k643b117x,N,N,N
2022-07-15T15:00:00Z,"Peanut Prices",pnpr2922,https://usda.library.cornell.edu/concern/publications/5t34sj58c,N,N,N
2022-07-18T15:00:00Z,"Mink",mink0722,https://usda.library.cornell.edu/concern/publications/2227mp65f,N,N,N
2022-07-18T16:00:00Z,"Crop Progress",prog3022,https://usda.library.cornell.edu/concern/publications/8336h188j,N,N,N
2022-07-20T15:00:00Z,"Agricultural Chemical Usage - Fruits",agcf0722,https://www.nass.usda.gov/Surveys/Guide_to_NASS_Surveys/Chemical_Use,Y,N,N
2022-07-20T15:00:00Z,"Broiler Hatchery",brls3022,https://usda.library.cornell.edu/concern/publications/gm80hv35d,N,N,N
2022-07-20T15:00:00Z,"Catfish Production",cfpd0722,https://usda.library.cornell.edu/concern/publications/bg257f046,N,N,N
2022-07-21T15:00:00Z,"Chickens and Eggs",ckeg0722,https://usda.library.cornell.edu/concern/publications/fb494842n,N,N,N
2022-07-21T15:00:00Z,"Livestock Slaughter",lstk0722,https://usda.library.cornell.edu/concern/publications/rx913p88g,N,N,N
2022-07-21T15:00:00Z,"Milk Production",mkpr0722,https://usda.library.cornell.edu/concern/publications/h989r321c,N,N,N
2022-07-22T15:00:00Z,"Cattle",catl0722,https://usda.library.cornell.edu/concern/publications/h702q636h,N,N,Y
2022-07-22T15:00:00Z,"Cattle on Feed",cofd0722,https://usda.library.cornell.edu/concern/publications/m326m174z,N,N,Y
2022-07-22T15:00:00Z,"Cold Storage",cost0722,https://usda.library.cornell.edu/concern/publications/pg15bd892,N,N,N
2022-07-22T15:00:00Z,"Peanut Prices",pnpr3022,https://usda.library.cornell.edu/concern/publications/5t34sj58c,N,N,N
2022-07-25T15:00:00Z,"Poultry Slaughter",psla0722,https://usda.library.cornell.edu/concern/publications/3197xm04j,N,N,N
2022-07-25T16:00:00Z,"Crop Progress",prog3122,https://usda.library.cornell.edu/concern/publications/8336h188j,N,N,N
2022-07-27T15:00:00Z,"Broiler Hatchery",brls3122,https://usda.library.cornell.edu/concern/publications/gm80hv35d,N,N,N
2022-07-27T15:00:00Z,"Egg Products",eggs0722,https://usda.library.cornell.edu/concern/publications/hx11xf25t,N,N,N
2022-07-27T15:00:00Z,"Peanut Stocks and Processing",pnst0722,https://usda.library.cornell.edu/concern/publications/02870v87z,N,N,N
2022-07-29T15:00:00Z,"Agricultural Prices",agpr0722,https://usda.library.cornell.edu/concern/publications/c821gj76b,N,N,Y
2022-07-29T15:00:00Z,"Farm Production Expenditures",fpex0722,https://usda.library.cornell.edu/concern/publications/qz20ss48r,N,N,N
2022-07-29T15:00:00Z,"Peanut Prices",pnpr3122,https://usda.library.cornell.edu/concern/publications/5t34sj58c,N,N,N
2022-08-01T15:00:00Z,"Cotton System",cact0822,https://usda.library.cornell.edu/concern/publications/ng451h506,N,N,N
2022-08-01T15:00:00Z,"Fats & Oils",cafo0822,https://usda.library.cornell.edu/concern/publications/mp48sc77c,N,N,N
2022-08-01T15:00:00Z,"Flour Milling",cafl0822,https://usda.library.cornell.edu/concern/publications/cr56n097m,N,N,N
2022-08-01T15:00:00Z,"Grain Crushings",cagc0822,https://usda.library.cornell.edu/concern/publications/n583xt96p,N,N,N
2022-08-01T15:00:00Z,"Honey Bee Colonies",hcny0722,https://usda.library.cornell.edu/concern/publications/rn301137d,N,N,N
2022-08-01T16:00:00Z,"Crop Progress",prog3222,https://usda.library.cornell.edu/concern/publications/8336h188j,N,N,N
2022-08-03T15:00:00Z,"Broiler Hatchery",brls3222,https://usda.library.cornell.edu/concern/publications/gm80hv35d,N,N,N
2022-08-04T15:00:00Z,"Dairy Products",dary0822,https://usda.library.cornell.edu/concern/publications/m326m1757,N,N,N
2022-08-05T15:00:00Z,"Cash Rents- State",rent0822,https://quickstats.nass.usda.gov/results/58B27A06-F574-315B-A854-9BF568F17652#7878272B-A9F3-3BC2-960D-5F03B7DF4826,Y,N,N
2022-08-05T15:00:00Z,"Land Values",land0822,https://usda.library.cornell.edu/concern/publications/pn89d6567,N,N,N
2022-08-05T15:00:00Z,"Peanut Prices",pnpr3222,https://usda.library.cornell.edu/concern/publications/5t34sj58c,N,N,N
2022-08-08T16:00:00Z,"Crop Progress",prog3322,https://usda.library.cornell.edu/concern/publications/8336h188j,N,N,N
2022-08-10T15:00:00Z,"Broiler Hatchery",brls3322,https://usda.library.cornell.edu/concern/publications/gm80hv35d,N,N,N
2022-08-12T12:00:00Z,"Cotton Ginnings",ctgn3322,https://usda.library.cornell.edu/concern/publications/q524jn76v,N,N,N
2022-08-12T12:00:00Z,"Crop Production",crop0822,https://usda.library.cornell.edu/concern/publications/tm70mv177,N,N,Y
2022-08-12T15:00:00Z,"Peanut Prices",pnpr3322,https://usda.library.cornell.edu/concern/publications/5t34sj58c,N,N,N
2022-08-12T15:00:00Z,"Turkey Hatchery",tkha0822,https://usda.library.cornell.edu/concern/publications/k643b117x,N,N,N
2022-08-15T16:00:00Z,"Crop Progress",prog3422,https://usda.library.cornell.edu/concern/publications/8336h188j,N,N,N
2022-08-17T15:00:00Z,"Broiler Hatchery",brls3422,https://usda.library.cornell.edu/concern/publications/gm80hv35d,N,N,N
2022-08-17T15:00:00Z,"County Estimates  Hogs",cehgan22,https://www.nass.usda.gov/Quick_Stats/Lite/,Y,N,N
2022-08-19T12:00:00Z,"Rice Stocks",rice0822,https://usda.library.cornell.edu/concern/publications/d791sg19j,N,N,N
2022-08-19T15:00:00Z,"Cattle on Feed",cofd0822,https://usda.library.cornell.edu/concern/publications/m326m174z,N,N,Y
2022-08-19T15:00:00Z,"Peanut Prices",pnpr3422,https://usda.library.cornell.edu/concern/publications/5t34sj58c,N,N,N
2022-08-22T15:00:00Z,"Chickens and Eggs",ckeg0822,https://usda.library.cornell.edu/concern/publications/fb494842n,N,N,N
2022-08-22T15:00:00Z,"Cold Storage",cost0822,https://usda.library.cornell.edu/concern/publications/pg15bd892,N,N,N
2022-08-22T15:00:00Z,"Milk Production",mkpr0822,https://usda.library.cornell.edu/concern/publications/h989r321c,N,N,N
2022-08-22T16:00:00Z,"Crop Progress",prog3522,https://usda.library.cornell.edu/concern/publications/8336h188j,N,N,N
2022-08-24T15:00:00Z,"Broiler Hatchery",brls3522,https://usda.library.cornell.edu/concern/publications/gm80hv35d,N,N,N
2022-08-24T15:00:00Z,"Poultry Slaughter",psla0822,https://usda.library.cornell.edu/concern/publications/3197xm04j,N,N,N
2022-08-24T15:00:00Z,"U.S. and Canadian Cattle",uscc0822,https://usda.library.cornell.edu/concern/publications/474299142,N,N,N
2022-08-24T15:00:00Z,"U.S. and Canadian Hogs",usch0822,https://usda.library.cornell.edu/concern/publications/7h149p85x,N,N,N
2022-08-25T15:00:00Z,"Livestock Slaughter",lstk0822,https://usda.library.cornell.edu/concern/publications/rx913p88g,N,N,N
2022-08-26T15:00:00Z,"Cash Rents - County",cecart22,https://quickstats.nass.usda.gov/results/E0F5EB36-3313-3D7B-9E7F-E56A3365CF2B#9A9F55D7-E267-38C6-ACB9-DF106291B5A7,Y,N,N
2022-08-26T15:00:00Z,"Mushrooms",mush0822,https://usda.library.cornell.edu/concern/publications/r781wg03d,N,N,N
2022-08-26T15:00:00Z,"Peanut Prices",pnpr3522,https://usda.library.cornell.edu/concern/publications/5t34sj58c,N,N,N
2022-08-26T15:00:00Z,"Peanut Stocks and Processing",pnst0822,https://usda.library.cornell.edu/concern/publications/02870v87z,N,N,N
2022-08-29T15:00:00Z,"Egg Products",eggs0822,https://usda.library.cornell.edu/concern/publications/hx11xf25t,N,N,N
2022-08-29T16:00:00Z,"Crop Progress",prog3622,https://usda.library.cornell.edu/concern/publications/8336h188j,N,N,N
2022-08-31T15:00:00Z,"Agricultural Prices",agpr0822,https://usda.library.cornell.edu/concern/publications/c821gj76b,N,N,Y
2022-08-31T15:00:00Z,"Broiler Hatchery",brls3622,https://usda.library.cornell.edu/concern/publications/gm80hv35d,N,N,N
2022-09-01T15:00:00Z,"Cotton System",cact0922,https://usda.library.cornell.edu/concern/publications/ng451h506,N,N,N
2022-09-01T15:00:00Z,"Fats & Oils",cafo0922,https://usda.library.cornell.edu/concern/publications/mp48sc77c,N,N,N
2022-09-01T15:00:00Z,"Grain Crushings",cagc0922,https://usda.library.cornell.edu/concern/publications/n583xt96p,N,N,N
2022-09-02T15:00:00Z,"Dairy Products",dary0922,https://usda.library.cornell.edu/concern/publications/m326m1757,N,N,N
2022-09-02T15:00:00Z,"Peanut Prices",pnpr3622,https://usda.library.cornell.edu/concern/publications/5t34sj58c,N,N,N
2022-09-06T16:00:00Z,"Crop Progress",prog3722,https://usda.library.cornell.edu/concern/publications/8336h188j,N,N,N
2022-09-07T15:00:00Z,"Broiler Hatchery",brls3722,https://usda.library.cornell.edu/concern/publications/gm80hv35d,N,N,N
2022-09-07T15:00:00Z,"Citrus Fruits",cfrt0922,https://usda.library.cornell.edu/concern/publications/j9602060k,N,N,N
2022-09-09T15:00:00Z,"Peanut Prices",pnpr3722,https://usda.library.cornell.edu/concern/publications/5t34sj58c,N,N,N
2022-09-12T12:00:00Z,"Cotton Ginnings",ctgn3822,https://usda.library.cornell.edu/concern/publications/q524jn76v,N,N,N
2022-09-12T12:00:00Z,"Crop Production",crop0922,https://usda.library.cornell.edu/concern/publications/tm70mv177,N,N,Y
2022-09-12T16:00:00Z,"Crop Progress",prog3822,https://usda.library.cornell.edu/concern/publications/8336h188j,N,N,N
2022-09-14T15:00:00Z,"Broiler Hatchery",brls3822,https://usda.library.cornell.edu/concern/publications/gm80hv35d,N,N,N
2022-09-14T15:00:00Z,"Livestock Historical Track Records",lvstan22,https://usda.library.cornell.edu/concern/publications/4b29b598d,N,N,N
2022-09-14T15:00:00Z,"Turkey Hatchery",tkha0922,https://usda.library.cornell.edu/concern/publications/k643b117x,N,N,N
2022-09-16T15:00:00Z,"Hop Stocks",hops0922,https://usda.library.cornell.edu/concern/publications/sb397825r,N,N,N
2022-09-16T15:00:00Z,"Peanut Prices",pnpr3822,https://usda.library.cornell.edu/concern/publications/5t34sj58c,N,N,N
2022-09-19T15:00:00Z,"Milk Production",mkpr0922,https://usda.library.cornell.edu/concern/publications/h989r321c,N,N,N
2022-09-19T16:00:00Z,"Crop Progress",prog3922,https://usda.library.cornell.edu/concern/publications/8336h188j,N,N,N
2022-09-21T15:00:00Z,"Broiler Hatchery",brls3922,https://usda.library.cornell.edu/concern/publications/gm80hv35d,N,N,N
2022-09-21T15:00:00Z,"Chickens and Eggs",ckeg0922,https://usda.library.cornell.edu/concern/publications/fb494842n,N,N,N
2022-09-22T15:00:00Z,"Cold Storage",cost0922,https://usda.library.cornell.edu/concern/publications/pg15bd892,N,N,N
2022-09-22T15:00:00Z,"Livestock Slaughter",lstk0922,https://usda.library.cornell.edu/concern/publications/rx913p88g,N,N,N
2022-09-23T12:00:00Z,"Cotton Ginnings",ctgn3922,https://usda.library.cornell.edu/concern/publications/q524jn76v,N,N,N
2022-09-23T15:00:00Z,"Cattle on Feed",cofd0922,https://usda.library.cornell.edu/concern/publications/m326m174z,N,N,Y
2022-09-23T15:00:00Z,"Peanut Prices",pnpr3922,https://usda.library.cornell.edu/concern/publications/5t34sj58c,N,N,N
2022-09-23T15:00:00Z,"Poultry Slaughter",psla0922,https://usda.library.cornell.edu/concern/publications/3197xm04j,N,N,N
2022-09-23T15:00:00Z,"Turkeys Raised",tuky0922,https://usda.library.cornell.edu/concern/publications/0g354f23n,N,N,N
2022-09-26T15:00:00Z,"Peanut Stocks and Processing",pnst0922,https://usda.library.cornell.edu/concern/publications/02870v87z,N,N,N
2022-09-26T16:00:00Z,"Crop Progress",prog4022,https://usda.library.cornell.edu/concern/publications/8336h188j,N,N,N
2022-09-28T15:00:00Z,"Broiler Hatchery",brls4022,https://usda.library.cornell.edu/concern/publications/gm80hv35d,N,N,N
2022-09-28T15:00:00Z,"Egg Products",eggs0922,https://usda.library.cornell.edu/concern/publications/hx11xf25t,N,N,N
2022-09-28T15:00:00Z,"Potatoes",pots0922,https://usda.library.cornell.edu/concern/publications/fx719m44h,N,N,N
2022-09-29T15:00:00Z,"Hogs and Pigs",hgpg0922,https://usda.library.cornell.edu/concern/publications/rj430453j,N,N,Y
2022-09-30T12:00:00Z,"Grain Stocks",grst0922,https://usda.library.cornell.edu/concern/publications/xg94hp534,N,N,Y
2022-09-30T12:00:00Z,"Small Grains Summary",smgr0922,https://usda.library.cornell.edu/concern/publications/5t34sj573,N,N,Y
2022-09-30T15:00:00Z,"Agricultural Prices",agpr0922,https://usda.library.cornell.edu/concern/publications/c821gj76b,N,N,Y
2022-09-30T15:00:00Z,"Peanut Prices",pnpr4022,https://usda.library.cornell.edu/concern/publications/5t34sj58c,N,N,N
2022-10-03T15:00:00Z,"Cotton System",cact0922,https://usda.library.cornell.edu/concern/publications/ng451h506,N,N,N
2022-10-03T15:00:00Z,"Fats & Oils",cafo0922,https://usda.library.cornell.edu/concern/publications/mp48sc77c,N,N,N
2022-10-03T15:00:00Z,"Grain Crushings",cagc0922,https://usda.library.cornell.edu/concern/publications/n583xt96p,N,N,N
2022-10-03T16:00:00Z,"Crop Progress",prog4122,https://usda.library.cornell.edu/concern/publications/8336h188j,N,N,N
2022-10-04T15:00:00Z,"Dairy Products",dary1022,https://usda.library.cornell.edu/concern/publications/m326m1757,N,N,N
2022-10-05T15:00:00Z,"Broiler Hatchery",brls4122,https://usda.library.cornell.edu/concern/publications/gm80hv35d,N,N,N
2022-10-07T15:00:00Z,"Peanut Prices",pnpr4122,https://usda.library.cornell.edu/concern/publications/5t34sj58c,N,N,N
2022-10-11T16:00:00Z,"Crop Progress",prog4222,https://usda.library.cornell.edu/concern/publications/8336h188j,N,N,N
2022-10-12T12:00:00Z,"Cotton Ginnings",ctgn4222,https://usda.library.cornell.edu/concern/publications/q524jn76v,N,N,N
2022-10-12T12:00:00Z,"Crop Production",crop1022,https://usda.library.cornell.edu/concern/publications/tm70mv177,N,N,Y
2022-10-12T15:00:00Z,"Broiler Hatchery",brls4222,https://usda.library.cornell.edu/concern/publications/gm80hv35d,N,N,N
2022-10-14T15:00:00Z,"Peanut Prices",pnpr4222,https://usda.library.cornell.edu/concern/publications/5t34sj58c,N,N,N
2022-10-14T15:00:00Z,"Turkey Hatchery",tkha1022,https://usda.library.cornell.edu/concern/publications/k643b117x,N,N,N
2022-10-17T16:00:00Z,"Crop Progress",prog4322,https://usda.library.cornell.edu/concern/publications/8336h188j,N,N,N
2022-10-19T15:00:00Z,"Broiler Hatchery",brls4322,https://usda.library.cornell.edu/concern/publications/gm80hv35d,N,N,N
2022-10-20T15:00:00Z,"Livestock Slaughter",lstk1022,https://usda.library.cornell.edu/concern/publications/rx913p88g,N,N,N
2022-10-20T15:00:00Z,"Milk Production",mkpr1022,https://usda.library.cornell.edu/concern/publications/h989r321c,N,N,N
2022-10-21T12:00:00Z,"Cotton Ginnings",ctgn4322,https://usda.library.cornell.edu/concern/publications/q524jn76v,N,N,N
2022-10-21T12:00:00Z,"Rice Stocks",rice1022,https://usda.library.cornell.edu/concern/publications/d791sg19j,N,N,N
2022-10-21T15:00:00Z,"Cattle on Feed",cofd1022,https://usda.library.cornell.edu/concern/publications/m326m174z,N,N,Y
2022-10-21T15:00:00Z,"Chickens and Eggs",ckeg1022,https://usda.library.cornell.edu/concern/publications/fb494842n,N,N,N
2022-10-21T15:00:00Z,"Peanut Prices",pnpr4322,https://usda.library.cornell.edu/concern/publications/5t34sj58c,N,N,N
2022-10-24T15:00:00Z,"Cold Storage",cost1022,https://usda.library.cornell.edu/concern/publications/pg15bd892,N,N,N
2022-10-24T15:00:00Z,"Poultry Slaughter",psla1022,https://usda.library.cornell.edu/concern/publications/3197xm04j,N,N,N
2022-10-24T16:00:00Z,"Crop Progress",prog4422,https://usda.library.cornell.edu/concern/publications/8336h188j,N,N,N
2022-10-26T15:00:00Z,"Broiler Hatchery",brls4422,https://usda.library.cornell.edu/concern/publications/gm80hv35d,N,N,N
2022-10-26T15:00:00Z,"Peanut Stocks and Processing",pnst1022,https://usda.library.cornell.edu/concern/publications/02870v87z,N,N,N
2022-10-28T15:00:00Z,"Egg Products",eggs1022,https://usda.library.cornell.edu/concern/publications/hx11xf25t,N,N,N
2022-10-28T15:00:00Z,"National Conservation Practice Adoption Motivations Survey", ,https://usda.library.cornell.edu/concern/publications/zk51wh49t,N,N,N
2022-10-28T15:00:00Z,"Peanut Prices",pnpr4422,https://usda.library.cornell.edu/concern/publications/5t34sj58c,N,N,N
2022-10-31T15:00:00Z,"Agricultural Prices",agpr1022,https://usda.library.cornell.edu/concern/publications/c821gj76b,N,N,Y
2022-10-31T16:00:00Z,"Crop Progress",prog4522,https://usda.library.cornell.edu/concern/publications/8336h188j,N,N,N
2022-11-01T15:00:00Z,"Cotton System",cact1122,https://usda.library.cornell.edu/concern/publications/ng451h506,N,N,N
2022-11-01T15:00:00Z,"Fats & Oils",cafo1122,https://usda.library.cornell.edu/concern/publications/mp48sc77c,N,N,N
2022-11-01T15:00:00Z,"Flour Milling",cafl1122,https://usda.library.cornell.edu/concern/publications/cr56n097m,N,N,N
2022-11-01T15:00:00Z,"Grain Crushings",cagc1122,https://usda.library.cornell.edu/concern/publications/n583xt96p,N,N,N
2022-11-02T15:00:00Z,"Broiler Hatchery",brls4522,https://usda.library.cornell.edu/concern/publications/gm80hv35d,N,N,N
2022-11-04T15:00:00Z,"Dairy Products",dary1122,https://usda.library.cornell.edu/concern/publications/m326m1757,N,N,N
2022-11-04T15:00:00Z,"Peanut Prices",pnpr4522,https://usda.library.cornell.edu/concern/publications/5t34sj58c,N,N,N
2022-11-07T16:00:00Z,"Crop Progress",prog4622,https://usda.library.cornell.edu/concern/publications/8336h188j,N,N,N
2022-11-09T12:00:00Z,"Cotton Ginnings",ctgn4622,https://usda.library.cornell.edu/concern/publications/q524jn76v,N,N,N
2022-11-09T12:00:00Z,"Crop Production",crop1122,https://usda.library.cornell.edu/concern/publications/tm70mv177,N,N,Y
2022-11-09T15:00:00Z,"Broiler Hatchery",brls4622,https://usda.library.cornell.edu/concern/publications/gm80hv35d,N,N,N
2022-11-10T15:00:00Z,"Peanut Prices",pnpr4622,https://usda.library.cornell.edu/concern/publications/5t34sj58c,N,N,N
2022-11-14T16:00:00Z,"Crop Progress",prog4722,https://usda.library.cornell.edu/concern/publications/8336h188j,N,N,N
2022-11-16T15:00:00Z,"Broiler Hatchery",brls4722,https://usda.library.cornell.edu/concern/publications/gm80hv35d,N,N,N
2022-11-16T15:00:00Z,"Turkey Hatchery",tkha1122,https://usda.library.cornell.edu/concern/publications/k643b117x,N,N,N
2022-11-18T15:00:00Z,"Cattle on Feed",cofd1122,https://usda.library.cornell.edu/concern/publications/m326m174z,N,N,Y
2022-11-18T15:00:00Z,"Peanut Prices",pnpr4722,https://usda.library.cornell.edu/concern/publications/5t34sj58c,N,N,N
2022-11-21T15:00:00Z,"Chickens and Eggs",ckeg1122,https://usda.library.cornell.edu/concern/publications/fb494842n,N,N,N
2022-11-21T15:00:00Z,"Milk Production",mkpr1122,https://usda.library.cornell.edu/concern/publications/h989r321c,N,N,N
2022-11-21T16:00:00Z,"Crop Progress",prog4822,https://usda.library.cornell.edu/concern/publications/8336h188j,N,N,N
2022-11-22T15:00:00Z,"Cold Storage",cost1122,https://usda.library.cornell.edu/concern/publications/pg15bd892,N,N,N
2022-11-22T15:00:00Z,"Poultry Slaughter",psla1122,https://usda.library.cornell.edu/concern/publications/3197xm04j,N,N,N
2022-11-23T12:00:00Z,"Cotton Ginnings",ctgn4822,https://usda.library.cornell.edu/concern/publications/q524jn76v,N,N,N
2022-11-23T15:00:00Z,"Broiler Hatchery",brls4822,https://usda.library.cornell.edu/concern/publications/gm80hv35d,N,N,N
2022-11-23T15:00:00Z,"Farm Labor",fmla1122,https://usda.library.cornell.edu/concern/publications/x920fw89s,N,N,N
2022-11-23T15:00:00Z,"Livestock Slaughter",lstk1122,https://usda.library.cornell.edu/concern/publications/rx913p88g,N,N,N
2022-11-25T15:00:00Z,"Peanut Prices",pnpr4822,https://usda.library.cornell.edu/concern/publications/5t34sj58c,N,N,N
2022-11-25T15:00:00Z,"Peanut Stocks and Processing",pnst1122,https://usda.library.cornell.edu/concern/publications/02870v87z,N,N,N
2022-11-29T16:00:00Z,"Crop Progress",prog4922,https://usda.library.cornell.edu/concern/publications/8336h188j,N,N,N
2022-11-30T15:00:00Z,"Agricultural Prices",agpr1122,https://usda.library.cornell.edu/concern/publications/c821gj76b,N,N,Y
2022-11-30T15:00:00Z,"Broiler Hatchery",brls4922,https://usda.library.cornell.edu/concern/publications/gm80hv35d,N,N,N
2022-11-30T15:00:00Z,"Egg Products",eggs1122,https://usda.library.cornell.edu/concern/publications/hx11xf25t,N,N,N
2022-12-01T15:00:00Z,"Cotton System",cact1222,https://usda.library.cornell.edu/concern/publications/ng451h506,N,N,N
2022-12-01T15:00:00Z,"Fats & Oils",cafo1222,https://usda.library.cornell.edu/concern/publications/mp48sc77c,N,N,N
2022-12-01T15:00:00Z,"Grain Crushings",cagc1222,https://usda.library.cornell.edu/concern/publications/n583xt96p,N,N,N
2022-12-02T15:00:00Z,"Dairy Products",dary1222,https://usda.library.cornell.edu/concern/publications/m326m1757,N,N,N
2022-12-02T15:00:00Z,"Peanut Prices",pnpr4922,https://usda.library.cornell.edu/concern/publications/5t34sj58c,N,N,N
2022-12-07T15:00:00Z,"Broiler Hatchery",brls5022,https://usda.library.cornell.edu/concern/publications/gm80hv35d,N,N,N
2022-12-09T12:00:00Z,"Cotton Ginnings",ctgn5022,https://usda.library.cornell.edu/concern/publications/q524jn76v,N,N,N
2022-12-09T12:00:00Z,"Crop Production",crop1222,https://usda.library.cornell.edu/concern/publications/tm70mv177,N,N,Y
2022-12-09T15:00:00Z,"Peanut Prices",pnpr5022,https://usda.library.cornell.edu/concern/publications/5t34sj58c,N,N,N
2022-12-14T15:00:00Z,"Broiler Hatchery",brls5122,https://usda.library.cornell.edu/concern/publications/gm80hv35d,N,N,N
2022-12-14T15:00:00Z,"North American Potatoes",uscp1222,https://usda.library.cornell.edu/concern/publications/4m90dv511,N,N,N
2022-12-14T15:00:00Z,"Turkey Hatchery",tkha1222,https://usda.library.cornell.edu/concern/publications/k643b117x,N,N,N
2022-12-15T12:00:00Z,"Certified Organic Production",cenorg22,https://usda.library.cornell.edu/concern/publications/zg64tk92g,N,N,N
2022-12-15T15:00:00Z,"County Estimates  Barley, Oats, Wheat",cebran22,https://www.nass.usda.gov/Quick_Stats/Lite/,Y,N,N
2022-12-16T15:00:00Z,"Peanut Prices",pnpr5122,https://usda.library.cornell.edu/concern/publications/5t34sj58c,N,N,N
2022-12-16T15:00:00Z,"Potato Stocks",post1222,https://usda.library.cornell.edu/concern/publications/47429915b,N,N,N
2022-12-19T15:00:00Z,"Milk Production",mkpr1222,https://usda.library.cornell.edu/concern/publications/h989r321c,N,N,N
2022-12-19T15:00:00Z,"National Hop Report",hopsan22,https://usda.library.cornell.edu/concern/publications/s7526c41m,N,N,N
2022-12-20T15:00:00Z,"Chickens and Eggs",ckeg1222,https://usda.library.cornell.edu/concern/publications/fb494842n,N,N,N
2022-12-21T15:00:00Z,"Broiler Hatchery",brls5222,https://usda.library.cornell.edu/concern/publications/gm80hv35d,N,N,N
2022-12-22T12:00:00Z,"Cotton Ginnings",ctgn5222,https://usda.library.cornell.edu/concern/publications/q524jn76v,N,N,N
2022-12-22T15:00:00Z,"Cold Storage",cost1222,https://usda.library.cornell.edu/concern/publications/pg15bd892,N,N,N
2022-12-22T15:00:00Z,"Livestock Slaughter",lstk1222,https://usda.library.cornell.edu/concern/publications/rx913p88g,N,N,N
2022-12-22T15:00:00Z,"Poultry Slaughter",psla1222,https://usda.library.cornell.edu/concern/publications/3197xm04j,N,N,N
2022-12-23T15:00:00Z,"Cattle on Feed",cofd1222,https://usda.library.cornell.edu/concern/publications/m326m174z,N,N,Y
2022-12-23T15:00:00Z,"Hogs and Pigs",hgpg1222,https://usda.library.cornell.edu/concern/publications/rj430453j,N,N,Y
2022-12-23T15:00:00Z,"Peanut Prices",pnpr5222,https://usda.library.cornell.edu/concern/publications/5t34sj58c,N,N,N
2022-12-28T15:00:00Z,"Broiler Hatchery",brls5322,https://usda.library.cornell.edu/concern/publications/gm80hv35d,N,N,N
2022-12-28T15:00:00Z,"Egg Products",eggs1222,https://usda.library.cornell.edu/concern/publications/hx11xf25t,N,N,N
2022-12-28T15:00:00Z,"Peanut Stocks and Processing",pnst1222,https://usda.library.cornell.edu/concern/publications/02870v87z,N,N,N
2022-12-30T15:00:00Z,"Agricultural Prices",agpr1222,https://usda.library.cornell.edu/concern/publications/c821gj76b,N,N,Y
2022-12-30T15:00:00Z,"Peanut Prices",pnpr5322,https://usda.library.cornell.edu/concern/publications/5t34sj58c,N,N,N
2022-01-17T00:00:00Z,"HOLIDAY",,,N,N,N
2022-02-21T00:00:00Z,"HOLIDAY",,,N,N,N
2022-05-30T00:00:00Z,"HOLIDAY",,,N,N,N
2022-06-20T00:00:00Z,"HOLIDAY",,,N,N,N
2022-07-04T00:00:00Z,"HOLIDAY",,,N,N,N
2022-09-05T00:00:00Z,"HOLIDAY",,,N,N,N
2022-10-10T00:00:00Z,"HOLIDAY",,,N,N,N
2022-11-11T00:00:00Z,"HOLIDAY",,,N,N,N
2022-11-24T00:00:00Z,"HOLIDAY",,,N,N,N
2022-12-26T00:00:00Z,"HOLIDAY",,,N,N,N
2022-12-31T00:00:00Z,"HOLIDAY",,,N,N,N
2023-01-03T15:00:00Z,"Cotton System",cact0123,https://usda.library.cornell.edu/concern/publications/ng451h506,N,N,N
2023-01-03T15:00:00Z,"Fats & Oils",cafo0123,https://usda.library.cornell.edu/concern/publications/mp48sc77c,N,N,N
2023-01-03T15:00:00Z,"Grain Crushings",cagc0123,https://usda.library.cornell.edu/concern/publications/n583xt96p,N,N,N
2023-01-04T12:00:00Z,"State Stories",stwe0123,https://usda.library.cornell.edu/concern/publications/fq977t77k,N,N,N
2023-01-04T15:00:00Z,"Broiler Hatchery",brls0123,https://usda.library.cornell.edu/concern/publications/gm80hv35d,N,N,N
2023-01-06T15:00:00Z,"Dairy Products",dary0123,https://usda.library.cornell.edu/concern/publications/m326m1757,N,N,N
2023-01-06T15:00:00Z,"Peanut Prices",pnpr0123,https://usda.library.cornell.edu/concern/publications/5t34sj58c,N,N,N
2023-01-11T15:00:00Z,"Broiler Hatchery",brls0223,https://usda.library.cornell.edu/concern/publications/gm80hv35d,N,N,N
2023-01-11T15:00:00Z,"Cost of Pollination",cospol23,https://usda.library.cornell.edu/concern/publications/d504rk335,N,N,N
2023-01-12T12:00:00Z,"Cotton Ginnings",ctgn0223,https://usda.library.cornell.edu/concern/publications/q524jn76v,N,N,N
2023-01-12T12:00:00Z,"Crop Production",crop0123,https://usda.library.cornell.edu/concern/publications/tm70mv177,N,N,Y
2023-01-12T12:00:00Z,"Crop Production - Ann.",cropan23,https://usda.library.cornell.edu/concern/publications/k3569432s,N,N,Y
2023-01-12T12:00:00Z,"Grain Stocks",grst0123,https://usda.library.cornell.edu/concern/publications/xg94hp534,N,N,Y
2023-01-12T12:00:00Z,"Rice Stocks",rice0123,https://usda.library.cornell.edu/concern/publications/d791sg19j,N,N,N
2023-01-12T12:00:00Z,"Winter Wheat/Canola Seedings",wtrc0123,https://usda.library.cornell.edu/concern/publications/z890rt24s,N,N,Y
2023-01-13T15:00:00Z,"Peanut Prices",pnpr0223,https://usda.library.cornell.edu/concern/publications/5t34sj58c,N,N,N
2023-01-13T15:00:00Z,"Turkey Hatchery",tkha0123,https://usda.library.cornell.edu/concern/publications/k643b117x,N,N,N
2023-01-18T15:00:00Z,"Broiler Hatchery",brls0323,https://usda.library.cornell.edu/concern/publications/gm80hv35d,N,N,N
2023-01-19T15:00:00Z,"Livestock Slaughter",lstk0123,https://usda.library.cornell.edu/concern/publications/rx913p88g,N,N,N
2023-01-19T15:00:00Z,"Pecan Production",pecnpr23,https://usda.library.cornell.edu/concern/publications/5425kg32f,N,N,N
2023-01-20T12:00:00Z,"Cotton Ginnings",ctgn0323,https://usda.library.cornell.edu/concern/publications/q524jn76v,N,N,N
2023-01-20T15:00:00Z,"Cattle on Feed",cofd0123,https://usda.library.cornell.edu/concern/publications/m326m174z,N,N,Y
2023-01-20T15:00:00Z,"Chickens and Eggs",ckeg0123,https://usda.library.cornell.edu/concern/publications/fb494842n,N,N,N
2023-01-20T15:00:00Z,"Coffee",cafean23,https://usda.library.cornell.edu/concern/publications/3t945q80c,N,N,N
2023-01-20T15:00:00Z,"North American Potatoes",uscp0123,https://usda.library.cornell.edu/concern/publications/4m90dv511,N,N,N
2023-01-20T15:00:00Z,"Peanut Prices",pnpr0323,https://usda.library.cornell.edu/concern/publications/5t34sj58c,N,N,N
2023-01-25T15:00:00Z,"Broiler Hatchery",brls0423,https://usda.library.cornell.edu/concern/publications/gm80hv35d,N,N,N
2023-01-25T15:00:00Z,"Cold Storage",cost0123,https://usda.library.cornell.edu/concern/publications/pg15bd892,N,N,N
2023-01-25T15:00:00Z,"Milk Production",mkpr0123,https://usda.library.cornell.edu/concern/publications/h989r321c,N,N,N
2023-01-25T15:00:00Z,"Poultry Slaughter",psla0123,https://usda.library.cornell.edu/concern/publications/3197xm04j,N,N,N
2023-01-26T13:00:00Z,"TEST DDO",test23,https://usda.library.cornell.edu/concern/publications/TEST DDO,N,N,N
2023-01-27T15:00:00Z,"Peanut Prices",pnpr0423,https://usda.library.cornell.edu/concern/publications/5t34sj58c,N,N,N
2023-01-27T15:00:00Z,"Peanut Stocks and Processing",pnst0123,https://usda.library.cornell.edu/concern/publications/02870v87z,N,N,N
2023-01-30T15:00:00Z,"Egg Products",eggs0123,https://usda.library.cornell.edu/concern/publications/hx11xf25t,N,N,N
2023-01-31T12:00:00Z,"State Stories",stwe0523,https://usda.library.cornell.edu/concern/publications/fq977t77k,N,N,N
2023-01-31T15:00:00Z,"Agricultural Prices",agpr0123,https://usda.library.cornell.edu/concern/publications/c821gj76b,N,N,Y
2023-01-31T15:00:00Z,"Cattle",catl0123,https://usda.library.cornell.edu/concern/publications/h702q636h,N,N,Y
2023-01-31T15:00:00Z,"Sheep and Goats",shep0123,https://usda.library.cornell.edu/concern/publications/000000018,N,N,N
2023-02-01T15:00:00Z,"Broiler Hatchery",brls0523,https://usda.library.cornell.edu/concern/publications/gm80hv35d,N,N,N
2023-02-01T15:00:00Z,"Cotton System",cact0223,https://usda.library.cornell.edu/concern/publications/ng451h506,N,N,N
2023-02-01T15:00:00Z,"Fats & Oils",cafo0223,https://usda.library.cornell.edu/concern/publications/mp48sc77c,N,N,N
2023-02-01T15:00:00Z,"Flour Milling",cafl0223,https://usda.library.cornell.edu/concern/publications/cr56n097m,N,N,N
2023-02-01T15:00:00Z,"Grain Crushings",cagc0223,https://usda.library.cornell.edu/concern/publications/n583xt96p,N,N,N
2023-02-03T15:00:00Z,"Dairy Products",dary0223,https://usda.library.cornell.edu/concern/publications/m326m1757,N,N,N
2023-02-03T15:00:00Z,"Peanut Prices",pnpr0523,https://usda.library.cornell.edu/concern/publications/5t34sj58c,N,N,N
2023-02-08T12:00:00Z,"Cotton Ginnings",ctgn0623,https://usda.library.cornell.edu/concern/publications/q524jn76v,N,N,N
2023-02-08T12:00:00Z,"Crop Production",crop0223,https://usda.library.cornell.edu/concern/publications/tm70mv177,N,N,Y
2023-02-08T15:00:00Z,"Broiler Hatchery",brls0623,https://usda.library.cornell.edu/concern/publications/gm80hv35d,N,N,N
2023-02-10T15:00:00Z,"Catfish Production",cfpd0223,https://usda.library.cornell.edu/concern/publications/bg257f046,N,N,N
2023-02-10T15:00:00Z,"Peanut Prices",pnpr0623,https://usda.library.cornell.edu/concern/publications/5t34sj58c,N,N,N
2023-02-15T15:00:00Z,"Broiler Hatchery",brls0723,https://usda.library.cornell.edu/concern/publications/gm80hv35d,N,N,N
2023-02-15T15:00:00Z,"Turkey Hatchery",tkha0223,https://usda.library.cornell.edu/concern/publications/k643b117x,N,N,N
2023-02-15T15:00:00Z,"Vegetables - Ann.",vegean23,https://usda.library.cornell.edu/concern/publications/02870v86p,N,N,N
2023-02-17T15:00:00Z,"Farms and Land in Farms",fnlo0223,https://usda.library.cornell.edu/concern/publications/5712m6524,N,N,N
2023-02-17T15:00:00Z,"Peanut Prices",pnpr0723,https://usda.library.cornell.edu/concern/publications/5t34sj58c,N,N,N
2023-02-17T15:00:00Z,"Potato Stocks",post0223,https://usda.library.cornell.edu/concern/publications/47429915b,N,N,N
2023-02-21T15:00:00Z,"Chickens and Eggs - Ann.",ckegan23,https://usda.library.cornell.edu/concern/publications/1v53jw96n,N,N,N
2023-02-22T15:00:00Z,"Broiler Hatchery",brls0823,https://usda.library.cornell.edu/concern/publications/gm80hv35d,N,N,N
2023-02-22T15:00:00Z,"Milk Production",mkpr0223,https://usda.library.cornell.edu/concern/publications/h989r321c,N,N,N
2023-02-22T15:00:00Z,"Poultry Slaughter",psla0223,https://usda.library.cornell.edu/concern/publications/3197xm04j,N,N,N
2023-02-23T15:00:00Z,"Livestock Slaughter",lstk0223,https://usda.library.cornell.edu/concern/publications/rx913p88g,N,N,N
2023-02-24T15:00:00Z,"Cattle on Feed",cofd0223,https://usda.library.cornell.edu/concern/publications/m326m174z,N,N,Y
2023-02-24T15:00:00Z,"County Estimates  Corn, Soybeans, Sorghum",cecnan23,https://www.nass.usda.gov/Quick_Stats/Lite/,Y,N,N
2023-02-24T15:00:00Z,"Cold Storage",cost0223,https://usda.library.cornell.edu/concern/publications/pg15bd892,N,N,N
2023-02-24T15:00:00Z,"Crop Values",cpvl0223,https://usda.library.cornell.edu/concern/publications/k35694332,N,N,N
2023-02-24T15:00:00Z,"Peanut Prices",pnpr0823,https://usda.library.cornell.edu/concern/publications/5t34sj58c,N,N,N
2023-02-27T15:00:00Z,"Chickens and Eggs",ckeg0223,https://usda.library.cornell.edu/concern/publications/fb494842n,N,N,N
2023-02-27T15:00:00Z,"Peanut Stocks and Processing",pnst0223,https://usda.library.cornell.edu/concern/publications/02870v87z,N,N,N
2023-02-27T15:00:00Z,"Trout Production",trpr0223,https://usda.library.cornell.edu/concern/publications/t722h882h,N,N,N
2023-02-28T12:00:00Z,"State Stories",stwe0923,https://usda.library.cornell.edu/concern/publications/fq977t77k,N,N,N
2023-02-28T15:00:00Z,"Agricultural Prices",agpr0223,https://usda.library.cornell.edu/concern/publications/c821gj76b,N,N,Y
2023-02-28T15:00:00Z,"Cold Storage - Ann.",costan23,https://usda.library.cornell.edu/concern/publications/sb397824g,N,N,N
2023-02-28T15:00:00Z,"Egg Products",eggs0223,https://usda.library.cornell.edu/concern/publications/hx11xf25t,N,N,N
2023-02-28T15:00:00Z,"Poultry Slaughter - Ann.",pslaan23,https://usda.library.cornell.edu/concern/publications/pg15bd88s,N,N,N
2023-03-01T15:00:00Z,"Broiler Hatchery",brls0923,https://usda.library.cornell.edu/concern/publications/gm80hv35d,N,N,N
2023-03-01T15:00:00Z,"Cotton System",cact0323,https://usda.library.cornell.edu/concern/publications/ng451h506,N,N,N
2023-03-01T15:00:00Z,"Cotton System - Ann.",cactan23,https://usda.library.cornell.edu/concern/publications/kp78gg381,N,N,N
2023-03-01T15:00:00Z,"Fats & Oils",cafo0323,https://usda.library.cornell.edu/concern/publications/mp48sc77c,N,N,N
2023-03-01T15:00:00Z,"Fats & Oils - Ann.",cafoan23,https://usda.library.cornell.edu/concern/publications/b5644r54d,N,N,N
2023-03-01T15:00:00Z,"Grain Crushings",cagc0323,https://usda.library.cornell.edu/concern/publications/n583xt96p,N,N,N
2023-03-03T15:00:00Z,"County Estimates  All Rice",cerian23,https://www.nass.usda.gov/Quick_Stats/Lite/,Y,N,N
2023-03-03T15:00:00Z,"Dairy Products",dary0323,https://usda.library.cornell.edu/concern/publications/m326m1757,N,N,N
2023-03-03T15:00:00Z,"Peanut Prices",pnpr0923,https://usda.library.cornell.edu/concern/publications/5t34sj58c,N,N,N
2023-03-08T12:00:00Z,"Cotton Ginnings",ctgn1023,https://usda.library.cornell.edu/concern/publications/q524jn76v,N,N,N
2023-03-08T12:00:00Z,"Crop Production",crop0323,https://usda.library.cornell.edu/concern/publications/tm70mv177,N,N,Y
2023-03-08T15:00:00Z,"Broiler Hatchery",brls1023,https://usda.library.cornell.edu/concern/publications/gm80hv35d,N,N,N
2023-03-08T15:00:00Z,"U.S. and Canadian Cattle and Sheep",uscc0323,https://usda.library.cornell.edu/concern/publications/474299142,N,N,N
2023-03-08T15:00:00Z,"U.S. and Canadian Hogs",usch0323,https://usda.library.cornell.edu/concern/publications/7h149p85x,N,N,N
2023-03-10T15:00:00Z,"Peanut Prices",pnpr1023,https://usda.library.cornell.edu/concern/publications/5t34sj58c,N,N,N
2023-03-10T15:00:00Z,"Price Reactions after USDA Crop Reports",prrcan23,https://usda.library.cornell.edu/concern/publications/ms35t861q,N,N,N
2023-03-10T15:00:00Z,"Price Reactions After USDA Livestock Reports",prrlan23,https://usda.library.cornell.edu/concern/publications/z316q156s,N,N,N
2023-03-13T15:00:00Z,"North American Grain and Oilseed Crushings",cairus23,https://usda.library.cornell.edu/concern/publications/ks65hk36z,N,N,N
2023-03-15T15:00:00Z,"Broiler Hatchery",brls1123,https://usda.library.cornell.edu/concern/publications/gm80hv35d,N,N,N
2023-03-15T15:00:00Z,"Turkey Hatchery",tkha0323,https://usda.library.cornell.edu/concern/publications/k643b117x,N,N,N
2023-03-17T15:00:00Z,"Cattle on Feed",cofd0323,https://usda.library.cornell.edu/concern/publications/m326m174z,N,N,Y
2023-03-17T15:00:00Z,"Honey",hony0323,https://usda.library.cornell.edu/concern/publications/hd76s004z,N,N,N
2023-03-17T15:00:00Z,"Hop Stocks",hops0323,https://usda.library.cornell.edu/concern/publications/sb397825r,N,N,N
2023-03-17T15:00:00Z,"Peanut Prices",pnpr1123,https://usda.library.cornell.edu/concern/publications/5t34sj58c,N,N,N
2023-03-20T15:00:00Z,"Milk Production",mkpr0323,https://usda.library.cornell.edu/concern/publications/h989r321c,N,N,N
2023-03-22T15:00:00Z,"Broiler Hatchery",brls1223,https://usda.library.cornell.edu/concern/publications/gm80hv35d,N,N,N
2023-03-23T15:00:00Z,"Chickens and Eggs",ckeg0323,https://usda.library.cornell.edu/concern/publications/fb494842n,N,N,N
2023-03-23T15:00:00Z,"Cold Storage",cost0323,https://usda.library.cornell.edu/concern/publications/pg15bd892,N,N,N
2023-03-23T15:00:00Z,"Livestock Slaughter",lstk0323,https://usda.library.cornell.edu/concern/publications/rx913p88g,N,N,N
2023-03-24T15:00:00Z,"Peanut Prices",pnpr1223,https://usda.library.cornell.edu/concern/publications/5t34sj58c,N,N,N
2023-03-24T15:00:00Z,"Poultry Slaughter",psla0323,https://usda.library.cornell.edu/concern/publications/3197xm04j,N,N,N
2023-03-27T15:00:00Z,"Peanut Stocks and Processing",pnst0323,https://usda.library.cornell.edu/concern/publications/02870v87z,N,N,N
2023-03-28T12:00:00Z,"State Stories",stwe1323,https://usda.library.cornell.edu/concern/publications/fq977t77k,N,N,N
2023-03-29T15:00:00Z,"Broiler Hatchery",brls1323,https://usda.library.cornell.edu/concern/publications/gm80hv35d,N,N,N
2023-03-30T15:00:00Z,"Egg Products",eggs0323,https://usda.library.cornell.edu/concern/publications/hx11xf25t,N,N,N
2023-03-30T15:00:00Z,"Hogs and Pigs",hgpg0323,https://usda.library.cornell.edu/concern/publications/rj430453j,N,N,Y
2023-03-31T12:00:00Z,"Grain Stocks",grst0323,https://usda.library.cornell.edu/concern/publications/xg94hp534,N,N,Y
2023-03-31T12:00:00Z,"Prospective Plantings",pspl0323,https://usda.library.cornell.edu/concern/publications/x633f100h,N,N,Y
2023-03-31T12:00:00Z,"Rice Stocks",rice0323,https://usda.library.cornell.edu/concern/publications/d791sg19j,N,N,N
2023-03-31T15:00:00Z,"Agricultural Prices",agpr0323,https://usda.library.cornell.edu/concern/publications/c821gj76b,N,N,Y
2023-03-31T15:00:00Z,"Peanut Prices",pnpr1323,https://usda.library.cornell.edu/concern/publications/5t34sj58c,N,N,N
2023-04-03T15:00:00Z,"Cotton System",cact0423,https://usda.library.cornell.edu/concern/publications/ng451h506,N,N,N
2023-04-03T15:00:00Z,"Dairy Products",dary0423,https://usda.library.cornell.edu/concern/publications/m326m1757,N,N,N
2023-04-03T15:00:00Z,"Fats & Oils",cafo0423,https://usda.library.cornell.edu/concern/publications/mp48sc77c,N,N,N
2023-04-03T15:00:00Z,"Grain Crushings",cagc0423,https://usda.library.cornell.edu/concern/publications/n583xt96p,N,N,N
2023-04-03T16:00:00Z,"Crop Progress",prog1323,https://usda.library.cornell.edu/concern/publications/8336h188j,N,N,N
2023-04-04T15:00:00Z,"Hatchery Production - Ann.",htpdan23,https://usda.library.cornell.edu/concern/publications/9306sz28s,N,N,N
2023-04-05T15:00:00Z,"Broiler Hatchery",brls1423,https://usda.library.cornell.edu/concern/publications/gm80hv35d,N,N,N
2023-04-06T15:00:00Z,"Peanut Prices",pnpr1423,https://usda.library.cornell.edu/concern/publications/5t34sj58c,N,N,N
2023-04-10T15:00:00Z,"Crop Production Historical Track Records",croptr23,https://usda.library.cornell.edu/concern/publications/c534fn92g,N,N,N
2023-04-10T16:00:00Z,"Crop Progress",prog1423,https://usda.library.cornell.edu/concern/publications/8336h188j,N,N,N
2023-04-11T12:00:00Z,"Crop Production",crop0423,https://usda.library.cornell.edu/concern/publications/tm70mv177,N,N,Y
2023-04-12T15:00:00Z,"Broiler Hatchery",brls1523,https://usda.library.cornell.edu/concern/publications/gm80hv35d,N,N,N
2023-04-14T15:00:00Z,"Peanut Prices",pnpr1523,https://usda.library.cornell.edu/concern/publications/5t34sj58c,N,N,N
2023-04-14T15:00:00Z,"Turkey Hatchery",tkha0423,https://usda.library.cornell.edu/concern/publications/k643b117x,N,N,N
2023-04-17T15:00:00Z,"Potato Stocks",post0423,https://usda.library.cornell.edu/concern/publications/47429915b,N,N,N
2023-04-17T16:00:00Z,"Crop Progress",prog1523,https://usda.library.cornell.edu/concern/publications/8336h188j,N,N,N
2023-04-19T15:00:00Z,"Broiler Hatchery",brls1623,https://usda.library.cornell.edu/concern/publications/gm80hv35d,N,N,N
2023-04-19T15:00:00Z,"Livestock Slaughter - Ann.",lsan0423,https://usda.library.cornell.edu/concern/publications/r207tp32d,N,N,N
2023-04-19T15:00:00Z,"Milk Production",mkpr0423,https://usda.library.cornell.edu/concern/publications/h989r321c,N,N,N
2023-04-19T15:00:00Z,"National Hemp Report",hempan23,https://usda.library.cornell.edu/concern/publications/gf06h2430,N,N,N
2023-04-20T15:00:00Z,"Chickens and Eggs",ckeg0423,https://usda.library.cornell.edu/concern/publications/fb494842n,N,N,N
2023-04-20T15:00:00Z,"Livestock Slaughter",lstk0423,https://usda.library.cornell.edu/concern/publications/rx913p88g,N,N,N
2023-04-21T15:00:00Z,"Cattle on Feed",cofd0423,https://usda.library.cornell.edu/concern/publications/m326m174z,N,N,Y
2023-04-21T15:00:00Z,"Peanut Prices",pnpr1623,https://usda.library.cornell.edu/concern/publications/5t34sj58c,N,N,N
2023-04-24T16:00:00Z,"Crop Progress",prog1623,https://usda.library.cornell.edu/concern/publications/8336h188j,N,N,N
2023-04-25T15:00:00Z,"Cold Storage",cost0423,https://usda.library.cornell.edu/concern/publications/pg15bd892,N,N,N
2023-04-25T15:00:00Z,"Poultry Slaughter",psla0423,https://usda.library.cornell.edu/concern/publications/3197xm04j,N,N,N
2023-04-26T15:00:00Z,"Broiler Hatchery",brls1723,https://usda.library.cornell.edu/concern/publications/gm80hv35d,N,N,N
2023-04-26T15:00:00Z,"Dairy Products - Ann.",daryan23,https://usda.library.cornell.edu/concern/publications/jm214p131,N,N,N
2023-04-26T15:00:00Z,"Peanut Stocks and Processing",pnst0423,https://usda.library.cornell.edu/concern/publications/02870v87z,N,N,N
2023-04-27T15:00:00Z,"Meat Animals - PDI",meatan23,https://usda.library.cornell.edu/concern/publications/02870v85d,N,N,N
2023-04-27T15:00:00Z,"Milk - PDI",mlkpdi23,https://usda.library.cornell.edu/concern/publications/4b29b5974,N,N,N
2023-04-27T15:00:00Z,"Poultry - Production and Value",plva0423,https://usda.library.cornell.edu/concern/publications/m039k491c,N,N,N
2023-04-28T15:00:00Z,"Agricultural Prices",agpr0423,https://usda.library.cornell.edu/concern/publications/c821gj76b,N,N,Y
2023-04-28T15:00:00Z,"Egg Products",eggs0423,https://usda.library.cornell.edu/concern/publications/hx11xf25t,N,N,N
2023-04-28T15:00:00Z,"Peanut Prices",pnpr1723,https://usda.library.cornell.edu/concern/publications/5t34sj58c,N,N,N
2023-05-01T15:00:00Z,"Cotton System",cact0523,https://usda.library.cornell.edu/concern/publications/ng451h506,N,N,N
2023-05-01T15:00:00Z,"Fats & Oils",cafo0523,https://usda.library.cornell.edu/concern/publications/mp48sc77c,N,N,N
2023-05-01T15:00:00Z,"Flour Milling",cafl0523,https://usda.library.cornell.edu/concern/publications/cr56n097m,N,N,N
2023-05-01T15:00:00Z,"Flour Milling - Ann.",caflan23,https://usda.library.cornell.edu/concern/publications/ws859f64s,N,N,N
2023-05-01T15:00:00Z,"Grain Crushings",cagc0523,https://usda.library.cornell.edu/concern/publications/n583xt96p,N,N,N
2023-05-01T16:00:00Z,"Crop Progress",prog1723,https://usda.library.cornell.edu/concern/publications/8336h188j,N,N,N
2023-05-03T15:00:00Z,"Broiler Hatchery",brls1823,https://usda.library.cornell.edu/concern/publications/gm80hv35d,N,N,N
2023-05-05T15:00:00Z,"Dairy Products",dary0523,https://usda.library.cornell.edu/concern/publications/m326m1757,N,N,N
2023-05-05T15:00:00Z,"Peanut Prices",pnpr1823,https://usda.library.cornell.edu/concern/publications/5t34sj58c,N,N,N
2023-05-08T15:00:00Z,"County Estimates  Cattle & Sheep",cectan23,https://www.nass.usda.gov/Quick_Stats/Lite/,Y,N,N
2023-05-08T15:00:00Z,"Noncitrus Fruits and Nuts - Ann.",ncit0523,https://usda.library.cornell.edu/concern/publications/zs25x846c,N,N,N
2023-05-08T16:00:00Z,"Crop Progress",prog1823,https://usda.library.cornell.edu/concern/publications/8336h188j,N,N,N
2023-05-10T15:00:00Z,"Broiler Hatchery",brls1923,https://usda.library.cornell.edu/concern/publications/gm80hv35d,N,N,N
2023-05-12T12:00:00Z,"Cotton Ginnings - Ann.",ctgnan19,https://usda.library.cornell.edu/concern/publications/6108vb275,N,N,N
2023-05-12T12:00:00Z,"Crop Production",crop0523,https://usda.library.cornell.edu/concern/publications/tm70mv177,N,N,Y
2023-05-12T15:00:00Z,"Agricultural Chemical Usage - Field Crops",agcufc23,https://www.nass.usda.gov/Surveys/Guide_to_NASS_Surveys/Chemical_Use,Y,N,N
2023-05-12T15:00:00Z,"County Estimates  Cotton",cectan23,https://www.nass.usda.gov/Quick_Stats/Lite/,Y,N,N
2023-05-12T15:00:00Z,"County Estimates  Peanuts",cepnal23,https://www.nass.usda.gov/Quick_Stats/Lite/,Y,N,N
2023-05-12T15:00:00Z,"Peanut Prices",pnpr1923,https://usda.library.cornell.edu/concern/publications/5t34sj58c,N,N,N
2023-05-12T15:00:00Z,"Turkey Hatchery",tkha0523,https://usda.library.cornell.edu/concern/publications/k643b117x,N,N,N
2023-05-15T15:00:00Z,"North American Flour Milling Products Summary",cairus23,https://usda.library.cornell.edu/concern/publications/n87100088,N,N,N
2023-05-15T16:00:00Z,"Crop Progress",prog1923,https://usda.library.cornell.edu/concern/publications/8336h188j,N,N,N
2023-05-17T15:00:00Z,"Broiler Hatchery",brls2023,https://usda.library.cornell.edu/concern/publications/gm80hv35d,N,N,N
2023-05-19T15:00:00Z,"Cattle on Feed",cofd0523,https://usda.library.cornell.edu/concern/publications/m326m174z,N,N,Y
2023-05-19T15:00:00Z,"Chickens and Eggs",ckeg0523,https://usda.library.cornell.edu/concern/publications/fb494842n,N,N,N
2023-05-19T15:00:00Z,"Milk Production",mkpr0523,https://usda.library.cornell.edu/concern/publications/h989r321c,N,N,N
2023-05-19T15:00:00Z,"Peanut Prices",pnpr2023,https://usda.library.cornell.edu/concern/publications/5t34sj58c,N,N,N
2023-05-22T16:00:00Z,"Crop Progress",prog2023,https://usda.library.cornell.edu/concern/publications/8336h188j,N,N,N
2023-05-24T15:00:00Z,"Broiler Hatchery",brls2123,https://usda.library.cornell.edu/concern/publications/gm80hv35d,N,N,N
2023-05-24T15:00:00Z,"Cold Storage",cost0523,https://usda.library.cornell.edu/concern/publications/pg15bd892,N,N,N
2023-05-24T15:00:00Z,"Farm Labor",fmla0523,https://usda.library.cornell.edu/concern/publications/x920fw89s,N,N,N
2023-05-25T15:00:00Z,"Floriculture Crops",floran23,https://www.nass.usda.gov/Quick_Stats/Lite/,Y,N,N
2023-05-25T15:00:00Z,"Livestock Slaughter",lstk0523,https://usda.library.cornell.edu/concern/publications/rx913p88g,N,N,N
2023-05-25T15:00:00Z,"Poultry Slaughter",psla0523,https://usda.library.cornell.edu/concern/publications/3197xm04j,N,N,N
2023-05-26T15:00:00Z,"Peanut Prices",pnpr2123,https://usda.library.cornell.edu/concern/publications/5t34sj58c,N,N,N
2023-05-26T15:00:00Z,"Peanut Stocks and Processing",pnst0523,https://usda.library.cornell.edu/concern/publications/02870v87z,N,N,N
2023-05-30T16:00:00Z,"Crop Progress",prog2123,https://usda.library.cornell.edu/concern/publications/8336h188j,N,N,N
2023-05-31T15:00:00Z,"Agricultural Prices",agpr0523,https://usda.library.cornell.edu/concern/publications/c821gj76b,N,N,Y
2023-05-31T15:00:00Z,"Broiler Hatchery",brls2223,https://usda.library.cornell.edu/concern/publications/gm80hv35d,N,N,N
2023-05-31T15:00:00Z,"Egg Products",eggs0523,https://usda.library.cornell.edu/concern/publications/hx11xf25t,N,N,N
2023-06-01T15:00:00Z,"Cotton System",cact0623,https://usda.library.cornell.edu/concern/publications/ng451h506,N,N,N
2023-06-01T15:00:00Z,"Fats & Oils",cafo0623,https://usda.library.cornell.edu/concern/publications/mp48sc77c,N,N,N
2023-06-01T15:00:00Z,"Grain Crushings",cagc0623,https://usda.library.cornell.edu/concern/publications/n583xt96p,N,N,N
2023-06-02T15:00:00Z,"Peanut Prices",pnpr2223,https://usda.library.cornell.edu/concern/publications/5t34sj58c,N,N,N
2023-06-05T15:00:00Z,"County Estimates  Poultry",cepoan23,https://www.nass.usda.gov/Quick_Stats/Lite/,Y,N,N
2023-06-05T15:00:00Z,"Dairy Products",dary0623,https://usda.library.cornell.edu/concern/publications/m326m1757,N,N,N
2023-06-05T16:00:00Z,"Crop Progress",prog2223,https://usda.library.cornell.edu/concern/publications/8336h188j,N,N,N
2023-06-07T15:00:00Z,"Broiler Hatchery",brls2323,https://usda.library.cornell.edu/concern/publications/gm80hv35d,N,N,N
2023-06-09T12:00:00Z,"Crop Production",crop0623,https://usda.library.cornell.edu/concern/publications/tm70mv177,N,N,Y
2023-06-09T15:00:00Z,"Peanut Prices",pnpr2323,https://usda.library.cornell.edu/concern/publications/5t34sj58c,N,N,N
2023-06-12T16:00:00Z,"Crop Progress",prog2323,https://usda.library.cornell.edu/concern/publications/8336h188j,N,N,N
2023-06-14T15:00:00Z,"Broiler Hatchery",brls2423,https://usda.library.cornell.edu/concern/publications/gm80hv35d,N,N,N
2023-06-14T15:00:00Z,"Turkey Hatchery",tkha0623,https://usda.library.cornell.edu/concern/publications/k643b117x,N,N,N
2023-06-16T15:00:00Z,"Peanut Prices",pnpr2423,https://usda.library.cornell.edu/concern/publications/5t34sj58c,N,N,N
2023-06-16T15:00:00Z,"Potato Stocks",post0623,https://usda.library.cornell.edu/concern/publications/47429915b,N,N,N
2023-06-20T16:00:00Z,"Crop Progress",prog2423,https://usda.library.cornell.edu/concern/publications/8336h188j,N,N,N
2023-06-21T15:00:00Z,"Broiler Hatchery",brls2523,https://usda.library.cornell.edu/concern/publications/gm80hv35d,N,N,N
2023-06-21T15:00:00Z,"Milk Production",mkpr0623,https://usda.library.cornell.edu/concern/publications/h989r321c,N,N,N
2023-06-22T15:00:00Z,"Livestock Slaughter",lstk0623,https://usda.library.cornell.edu/concern/publications/rx913p88g,N,N,N
2023-06-23T15:00:00Z,"Cattle on Feed",cofd0623,https://usda.library.cornell.edu/concern/publications/m326m174z,N,N,Y
2023-06-23T15:00:00Z,"Chickens and Eggs",ckeg0623,https://usda.library.cornell.edu/concern/publications/fb494842n,N,N,N
2023-06-23T15:00:00Z,"Cold Storage",cost0623,https://usda.library.cornell.edu/concern/publications/pg15bd892,N,N,N
2023-06-23T15:00:00Z,"Peanut Prices",pnpr2523,https://usda.library.cornell.edu/concern/publications/5t34sj58c,N,N,N
2023-06-26T15:00:00Z,"Peanut Stocks and Processing",pnst0623,https://usda.library.cornell.edu/concern/publications/02870v87z,N,N,N
2023-06-26T15:00:00Z,"Poultry Slaughter",psla0623,https://usda.library.cornell.edu/concern/publications/3197xm04j,N,N,N
2023-06-26T16:00:00Z,"Crop Progress",prog2523,https://usda.library.cornell.edu/concern/publications/8336h188j,N,N,N
2023-06-28T15:00:00Z,"Broiler Hatchery",brls2623,https://usda.library.cornell.edu/concern/publications/gm80hv35d,N,N,N
2023-06-28T15:00:00Z,"Egg Products",eggs0623,https://usda.library.cornell.edu/concern/publications/hx11xf25t,N,N,N
2023-06-29T15:00:00Z,"Hogs and Pigs",hgpg0623,https://usda.library.cornell.edu/concern/publications/rj430453j,N,N,Y
2023-06-30T12:00:00Z,"Acreage",acrg0623,https://usda.library.cornell.edu/concern/publications/j098zb09z,N,N,Y
2023-06-30T12:00:00Z,"Grain Stocks",grst0623,https://usda.library.cornell.edu/concern/publications/xg94hp534,N,N,Y
2023-06-30T12:00:00Z,"Rice Stocks",rice0623,https://usda.library.cornell.edu/concern/publications/d791sg19j,N,N,N
2023-06-30T15:00:00Z,"Agricultural Prices",agpr0623,https://usda.library.cornell.edu/concern/publications/c821gj76b,N,N,Y
2023-06-30T15:00:00Z,"Peanut Prices",pnpr2623,https://usda.library.cornell.edu/concern/publications/5t34sj58c,N,N,N
2023-07-03T15:00:00Z,"Cotton System",cact0623,https://usda.library.cornell.edu/concern/publications/ng451h506,N,N,N
2023-07-03T15:00:00Z,"Fats & Oils",cafo0623,https://usda.library.cornell.edu/concern/publications/mp48sc77c,N,N,N
2023-07-03T15:00:00Z,"Grain Crushings",cagc0623,https://usda.library.cornell.edu/concern/publications/n583xt96p,N,N,N
2023-07-03T16:00:00Z,"Crop Progress",prog2623,https://usda.library.cornell.edu/concern/publications/8336h188j,N,N,N
2023-07-06T15:00:00Z,"Broiler Hatchery",brls2723,https://usda.library.cornell.edu/concern/publications/gm80hv35d,N,N,N
2023-07-06T15:00:00Z,"Dairy Products",dary0623,https://usda.library.cornell.edu/concern/publications/m326m1757,N,N,N
2023-07-07T15:00:00Z,"Peanut Prices",pnpr2723,https://usda.library.cornell.edu/concern/publications/5t34sj58c,N,N,N
2023-07-10T16:00:00Z,"Crop Progress",prog2723,https://usda.library.cornell.edu/concern/publications/8336h188j,N,N,N
2023-07-12T12:00:00Z,"Crop Production",crop0723,https://usda.library.cornell.edu/concern/publications/tm70mv177,N,N,Y
2023-07-12T15:00:00Z,"Broiler Hatchery",brls2823,https://usda.library.cornell.edu/concern/publications/gm80hv35d,N,N,N
2023-07-14T15:00:00Z,"Mink",mink0723,https://usda.library.cornell.edu/concern/publications/2227mp65f,N,N,N
2023-07-14T15:00:00Z,"Peanut Prices",pnpr2823,https://usda.library.cornell.edu/concern/publications/5t34sj58c,N,N,N
2023-07-14T15:00:00Z,"Turkey Hatchery",tkha0723,https://usda.library.cornell.edu/concern/publications/k643b117x,N,N,N
2023-07-17T16:00:00Z,"Crop Progress",prog2823,https://usda.library.cornell.edu/concern/publications/8336h188j,N,N,N
2023-07-19T15:00:00Z,"Agricultural Chemical Usage - Vegetables",agrichemveg23,https://www.nass.usda.gov/Quick_Stats/Lite/,Y,N,N
2023-07-19T15:00:00Z,"Broiler Hatchery",brls2923,https://usda.library.cornell.edu/concern/publications/gm80hv35d,N,N,N
2023-07-19T15:00:00Z,"Catfish Production",cfpd0723,https://usda.library.cornell.edu/concern/publications/bg257f046,N,N,N
2023-07-20T15:00:00Z,"Livestock Slaughter",lstk0723,https://usda.library.cornell.edu/concern/publications/rx913p88g,N,N,N
2023-07-20T15:00:00Z,"Milk Production",mkpr0723,https://usda.library.cornell.edu/concern/publications/h989r321c,N,N,N
2023-07-21T15:00:00Z,"Cattle",catl0723,https://usda.library.cornell.edu/concern/publications/h702q636h,N,N,Y
2023-07-21T15:00:00Z,"Cattle on Feed",cofd0723,https://usda.library.cornell.edu/concern/publications/m326m174z,N,N,Y
2023-07-21T15:00:00Z,"Peanut Prices",pnpr2923,https://usda.library.cornell.edu/concern/publications/5t34sj58c,N,N,N
2023-07-24T15:00:00Z,"Chickens and Eggs",ckeg0723,https://usda.library.cornell.edu/concern/publications/fb494842n,N,N,N
2023-07-24T16:00:00Z,"Crop Progress",prog2923,https://usda.library.cornell.edu/concern/publications/8336h188j,N,N,N
2023-07-25T15:00:00Z,"Cold Storage",cost0723,https://usda.library.cornell.edu/concern/publications/pg15bd892,N,N,N
2023-07-25T15:00:00Z,"Poultry Slaughter",psla0723,https://usda.library.cornell.edu/concern/publications/3197xm04j,N,N,N
2023-07-26T15:00:00Z,"Broiler Hatchery",brls3023,https://usda.library.cornell.edu/concern/publications/gm80hv35d,N,N,N
2023-07-26T15:00:00Z,"Peanut Stocks and Processing",pnst0723,https://usda.library.cornell.edu/concern/publications/02870v87z,N,N,N
2023-07-28T15:00:00Z,"Agricultural Prices",agpr0723,https://usda.library.cornell.edu/concern/publications/c821gj76b,N,N,Y
2023-07-28T15:00:00Z,"Egg Products",eggs0723,https://usda.library.cornell.edu/concern/publications/hx11xf25t,N,N,N
2023-07-28T15:00:00Z,"Farm Production Expenditures",fpex0723,https://usda.library.cornell.edu/concern/publications/qz20ss48r,N,N,N
2023-07-28T15:00:00Z,"Peanut Prices",pnpr3023,https://usda.library.cornell.edu/concern/publications/5t34sj58c,N,N,N
2023-07-31T16:00:00Z,"Crop Progress",prog3023,https://usda.library.cornell.edu/concern/publications/8336h188j,N,N,N
2023-08-01T15:00:00Z,"Cotton System",cact0823,https://usda.library.cornell.edu/concern/publications/ng451h506,N,N,N
2023-08-01T15:00:00Z,"Fats & Oils",cafo0823,https://usda.library.cornell.edu/concern/publications/mp48sc77c,N,N,N
2023-08-01T15:00:00Z,"Flour Milling",cafl0823,https://usda.library.cornell.edu/concern/publications/cr56n097m,N,N,N
2023-08-01T15:00:00Z,"Grain Crushings",cagc0823,https://usda.library.cornell.edu/concern/publications/n583xt96p,N,N,N
2023-08-01T15:00:00Z,"Honey Bee Colonies",hcny0823,https://usda.library.cornell.edu/concern/publications/rn301137d,N,N,N
2023-08-02T15:00:00Z,"Broiler Hatchery",brls3123,https://usda.library.cornell.edu/concern/publications/gm80hv35d,N,N,N
2023-08-04T15:00:00Z,"Cash Rents- State",rent0823,https://quickstats.nass.usda.gov/results/58B27A06-F574-315B-A854-9BF568F17652#7878272B-A9F3-3BC2-960D-5F03B7DF4826,Y,N,N
2023-08-04T15:00:00Z,"Dairy Products",dary0823,https://usda.library.cornell.edu/concern/publications/m326m1757,N,N,N
2023-08-04T15:00:00Z,"Land Values",land0823,https://usda.library.cornell.edu/concern/publications/pn89d6567,N,N,N
2023-08-04T15:00:00Z,"Peanut Prices",pnpr3123,https://usda.library.cornell.edu/concern/publications/5t34sj58c,N,N,N
2023-08-07T16:00:00Z,"Crop Progress",prog3123,https://usda.library.cornell.edu/concern/publications/8336h188j,N,N,N
2023-08-09T15:00:00Z,"Broiler Hatchery",brls3223,https://usda.library.cornell.edu/concern/publications/gm80hv35d,N,N,N
2023-08-11T12:00:00Z,"Cotton Ginnings",ctgn3223,https://usda.library.cornell.edu/concern/publications/q524jn76v,N,N,N
2023-08-11T12:00:00Z,"Crop Production",crop0823,https://usda.library.cornell.edu/concern/publications/tm70mv177,N,N,Y
2023-08-11T15:00:00Z,"Peanut Prices",pnpr3223,https://usda.library.cornell.edu/concern/publications/5t34sj58c,N,N,N
2023-08-14T15:00:00Z,"Turkey Hatchery",tkha0823,https://usda.library.cornell.edu/concern/publications/k643b117x,N,N,N
2023-08-14T16:00:00Z,"Crop Progress",prog3223,https://usda.library.cornell.edu/concern/publications/8336h188j,N,N,N
2023-08-16T15:00:00Z,"Broiler Hatchery",brls3323,https://usda.library.cornell.edu/concern/publications/gm80hv35d,N,N,N
2023-08-16T15:00:00Z,"County Estimates  Hogs",cehgan23,https://www.nass.usda.gov/Quick_Stats/Lite/,Y,N,N
2023-08-17T15:00:00Z,"Farm Computer Usage and Ownership",fmpc0823,https://usda.library.cornell.edu/concern/publications/h128nd689,N,N,N
2023-08-18T15:00:00Z,"Cattle on Feed",cofd0823,https://usda.library.cornell.edu/concern/publications/m326m174z,N,N,Y
2023-08-18T15:00:00Z,"Peanut Prices",pnpr3323,https://usda.library.cornell.edu/concern/publications/5t34sj58c,N,N,N
2023-08-21T15:00:00Z,"Chickens and Eggs",ckeg0823,https://usda.library.cornell.edu/concern/publications/fb494842n,N,N,N
2023-08-21T15:00:00Z,"Milk Production",mkpr0823,https://usda.library.cornell.edu/concern/publications/h989r321c,N,N,N
2023-08-21T16:00:00Z,"Crop Progress",prog3323,https://usda.library.cornell.edu/concern/publications/8336h188j,N,N,N
2023-08-23T12:00:00Z,"Rice Stocks",rice0823,https://usda.library.cornell.edu/concern/publications/d791sg19j,N,N,N
2023-08-23T15:00:00Z,"Broiler Hatchery",brls3423,https://usda.library.cornell.edu/concern/publications/gm80hv35d,N,N,N
2023-08-23T15:00:00Z,"Cold Storage",cost0823,https://usda.library.cornell.edu/concern/publications/pg15bd892,N,N,N
2023-08-24T15:00:00Z,"Livestock Slaughter",lstk0823,https://usda.library.cornell.edu/concern/publications/rx913p88g,N,N,N
2023-08-24T15:00:00Z,"Poultry Slaughter",psla0823,https://usda.library.cornell.edu/concern/publications/3197xm04j,N,N,N
2023-08-25T15:00:00Z,"Cash Rents - County",cecart23,https://quickstats.nass.usda.gov/results/E0F5EB36-3313-3D7B-9E7F-E56A3365CF2B#9A9F55D7-E267-38C6-ACB9-DF106291B5A7,Y,N,N
2023-08-25T15:00:00Z,"Mushrooms",mush0823,https://usda.library.cornell.edu/concern/publications/r781wg03d,N,N,N
2023-08-25T15:00:00Z,"Peanut Prices",pnpr3423,https://usda.library.cornell.edu/concern/publications/5t34sj58c,N,N,N
2023-08-28T15:00:00Z,"Peanut Stocks and Processing",pnst0823,https://usda.library.cornell.edu/concern/publications/02870v87z,N,N,N
2023-08-28T16:00:00Z,"Crop Progress",prog3423,https://usda.library.cornell.edu/concern/publications/8336h188j,N,N,N
2023-08-30T15:00:00Z,"Broiler Hatchery",brls3523,https://usda.library.cornell.edu/concern/publications/gm80hv35d,N,N,N
2023-08-30T15:00:00Z,"Egg Products",eggs0823,https://usda.library.cornell.edu/concern/publications/hx11xf25t,N,N,N
2023-08-30T15:00:00Z,"U.S. and Canadian Cattle",uscc0823,https://usda.library.cornell.edu/concern/publications/474299142,N,N,N
2023-08-30T15:00:00Z,"U.S. and Canadian Hogs",usch0823,https://usda.library.cornell.edu/concern/publications/7h149p85x,N,N,N
2023-08-31T15:00:00Z,"Agricultural Prices",agpr0823,https://usda.library.cornell.edu/concern/publications/c821gj76b,N,N,Y
2023-08-31T15:00:00Z,"Citrus Fruits",cfrt0923,https://usda.library.cornell.edu/concern/publications/j9602060k,N,N,N
2023-09-01T15:00:00Z,"Cotton System",cact0923,https://usda.library.cornell.edu/concern/publications/ng451h506,N,N,N
2023-09-01T15:00:00Z,"Fats & Oils",cafo0923,https://usda.library.cornell.edu/concern/publications/mp48sc77c,N,N,N
2023-09-01T15:00:00Z,"Grain Crushings",cagc0923,https://usda.library.cornell.edu/concern/publications/n583xt96p,N,N,N
2023-09-01T15:00:00Z,"Grain Crushings - Ann.",cagcan23,https://usda.library.cornell.edu/concern/publications/v979v304g,N,N,N
2023-09-01T15:00:00Z,"Peanut Prices",pnpr3523,https://usda.library.cornell.edu/concern/publications/5t34sj58c,N,N,N
2023-09-05T15:00:00Z,"Dairy Products",dary0923,https://usda.library.cornell.edu/concern/publications/m326m1757,N,N,N
2023-09-05T16:00:00Z,"Crop Progress",prog3523,https://usda.library.cornell.edu/concern/publications/8336h188j,N,N,N
2023-09-06T15:00:00Z,"Broiler Hatchery",brls3623,https://usda.library.cornell.edu/concern/publications/gm80hv35d,N,N,N
2023-09-08T15:00:00Z,"Peanut Prices",pnpr3623,https://usda.library.cornell.edu/concern/publications/5t34sj58c,N,N,N
2023-09-11T16:00:00Z,"Crop Progress",prog3623,https://usda.library.cornell.edu/concern/publications/8336h188j,N,N,N
2023-09-12T12:00:00Z,"Cotton Ginnings",ctgn3723,https://usda.library.cornell.edu/concern/publications/q524jn76v,N,N,N
2023-09-12T12:00:00Z,"Crop Production",crop0923,https://usda.library.cornell.edu/concern/publications/tm70mv177,N,N,Y
2023-09-13T15:00:00Z,"Broiler Hatchery",brls3723,https://usda.library.cornell.edu/concern/publications/gm80hv35d,N,N,N
2023-09-13T15:00:00Z,"Turkey Hatchery",tkha0923,https://usda.library.cornell.edu/concern/publications/k643b117x,N,N,N
2023-09-15T15:00:00Z,"Livestock Historical Track Records",lvstan23,https://usda.library.cornell.edu/concern/publications/4b29b598d,N,N,N
2023-09-15T15:00:00Z,"Peanut Prices",pnpr3723,https://usda.library.cornell.edu/concern/publications/5t34sj58c,N,N,N
2023-09-18T15:00:00Z,"Hop Stocks",hops0923,https://usda.library.cornell.edu/concern/publications/sb397825r,N,N,N
2023-09-18T15:00:00Z,"Milk Production",mkpr0923,https://usda.library.cornell.edu/concern/publications/h989r321c,N,N,N
2023-09-18T16:00:00Z,"Crop Progress",prog3723,https://usda.library.cornell.edu/concern/publications/8336h188j,N,N,N
2023-09-20T15:00:00Z,"Broiler Hatchery",brls3823,https://usda.library.cornell.edu/concern/publications/gm80hv35d,N,N,N
2023-09-21T15:00:00Z,"Livestock Slaughter",lstk0923,https://usda.library.cornell.edu/concern/publications/rx913p88g,N,N,N
2023-09-22T12:00:00Z,"Cotton Ginnings",ctgn3823,https://usda.library.cornell.edu/concern/publications/q524jn76v,N,N,N
2023-09-22T15:00:00Z,"Cattle on Feed",cofd0923,https://usda.library.cornell.edu/concern/publications/m326m174z,N,N,Y
2023-09-22T15:00:00Z,"Chickens and Eggs",ckeg0923,https://usda.library.cornell.edu/concern/publications/fb494842n,N,N,N
2023-09-22T15:00:00Z,"Peanut Prices",pnpr3823,https://usda.library.cornell.edu/concern/publications/5t34sj58c,N,N,N
2023-09-25T15:00:00Z,"Cold Storage",cost0923,https://usda.library.cornell.edu/concern/publications/pg15bd892,N,N,N
2023-09-25T15:00:00Z,"Poultry Slaughter",psla0923,https://usda.library.cornell.edu/concern/publications/3197xm04j,N,N,N
2023-09-25T16:00:00Z,"Crop Progress",prog3823,https://usda.library.cornell.edu/concern/publications/8336h188j,N,N,N
2023-09-27T15:00:00Z,"Broiler Hatchery",brls3923,https://usda.library.cornell.edu/concern/publications/gm80hv35d,N,N,N
2023-09-27T15:00:00Z,"Peanut Stocks and Processing",pnst0923,https://usda.library.cornell.edu/concern/publications/02870v87z,N,N,N
2023-09-27T15:00:00Z,"Potatoes",pots0923,https://usda.library.cornell.edu/concern/publications/fx719m44h,N,N,N
2023-09-27T15:00:00Z,"Turkeys Raised",tuky0923,https://usda.library.cornell.edu/concern/publications/0g354f23n,N,N,N
2023-09-28T15:00:00Z,"Egg Products",eggs0923,https://usda.library.cornell.edu/concern/publications/hx11xf25t,N,N,N
2023-09-28T15:00:00Z,"Hogs and Pigs",hgpg0923,https://usda.library.cornell.edu/concern/publications/rj430453j,N,N,Y
2023-09-29T12:00:00Z,"Grain Stocks",grst0923,https://usda.library.cornell.edu/concern/publications/xg94hp534,N,N,Y
2023-09-29T12:00:00Z,"Small Grains Summary",smgr0923,https://usda.library.cornell.edu/concern/publications/5t34sj573,N,N,Y
2023-09-29T15:00:00Z,"Agricultural Prices",agpr0923,https://usda.library.cornell.edu/concern/publications/c821gj76b,N,N,Y
2023-09-29T15:00:00Z,"Peanut Prices",pnpr3923,https://usda.library.cornell.edu/concern/publications/5t34sj58c,N,N,N
2023-10-02T15:00:00Z,"Cotton System",cact1023,https://usda.library.cornell.edu/concern/publications/ng451h506,N,N,N
2023-10-02T15:00:00Z,"Fats & Oils",cafo1023,https://usda.library.cornell.edu/concern/publications/mp48sc77c,N,N,N
2023-10-02T15:00:00Z,"Grain Crushings",cagc1023,https://usda.library.cornell.edu/concern/publications/n583xt96p,N,N,N
2023-10-02T16:00:00Z,"Crop Progress",prog3923,https://usda.library.cornell.edu/concern/publications/8336h188j,N,N,N
2023-10-04T15:00:00Z,"Broiler Hatchery",brls4023,https://usda.library.cornell.edu/concern/publications/gm80hv35d,N,N,N
2023-10-04T15:00:00Z,"Dairy Products",dary1023,https://usda.library.cornell.edu/concern/publications/m326m1757,N,N,N
2023-10-06T15:00:00Z,"Peanut Prices",pnpr4023,https://usda.library.cornell.edu/concern/publications/5t34sj58c,N,N,N
2023-10-10T16:00:00Z,"Crop Progress",prog4023,https://usda.library.cornell.edu/concern/publications/8336h188j,N,N,N
2023-10-11T15:00:00Z,"Broiler Hatchery",brls4123,https://usda.library.cornell.edu/concern/publications/gm80hv35d,N,N,N
2023-10-12T12:00:00Z,"Cotton Ginnings",ctgn4123,https://usda.library.cornell.edu/concern/publications/q524jn76v,N,N,N
2023-10-12T12:00:00Z,"Crop Production",crop1023,https://usda.library.cornell.edu/concern/publications/tm70mv177,N,N,Y
2023-10-13T15:00:00Z,"Peanut Prices",pnpr4123,https://usda.library.cornell.edu/concern/publications/5t34sj58c,N,N,N
2023-10-16T15:00:00Z,"Turkey Hatchery",tkha1023,https://usda.library.cornell.edu/concern/publications/k643b117x,N,N,N
2023-10-16T16:00:00Z,"Crop Progress",prog4123,https://usda.library.cornell.edu/concern/publications/8336h188j,N,N,N
2023-10-18T15:00:00Z,"Broiler Hatchery",brls4223,https://usda.library.cornell.edu/concern/publications/gm80hv35d,N,N,N
2023-10-19T15:00:00Z,"Livestock Slaughter",lstk1023,https://usda.library.cornell.edu/concern/publications/rx913p88g,N,N,N
2023-10-19T15:00:00Z,"Milk Production",mkpr1023,https://usda.library.cornell.edu/concern/publications/h989r321c,N,N,N
2023-10-20T12:00:00Z,"Cotton Ginnings",ctgn4223,https://usda.library.cornell.edu/concern/publications/q524jn76v,N,N,N
2023-10-20T15:00:00Z,"Cattle on Feed",cofd1023,https://usda.library.cornell.edu/concern/publications/m326m174z,N,N,Y
2023-10-20T15:00:00Z,"Chickens and Eggs",ckeg1023,https://usda.library.cornell.edu/concern/publications/fb494842n,N,N,N
2023-10-20T15:00:00Z,"Peanut Prices",pnpr4223,https://usda.library.cornell.edu/concern/publications/5t34sj58c,N,N,N
2023-10-23T16:00:00Z,"Crop Progress",prog4223,https://usda.library.cornell.edu/concern/publications/8336h188j,N,N,N
2023-10-25T12:00:00Z,"Rice Stocks",rice1023,https://usda.library.cornell.edu/concern/publications/d791sg19j,N,N,N
2023-10-25T15:00:00Z,"Broiler Hatchery",brls4323,https://usda.library.cornell.edu/concern/publications/gm80hv35d,N,N,N
2023-10-25T15:00:00Z,"Cold Storage",cost1023,https://usda.library.cornell.edu/concern/publications/pg15bd892,N,N,N
2023-10-25T15:00:00Z,"Poultry Slaughter",psla1023,https://usda.library.cornell.edu/concern/publications/3197xm04j,N,N,N
2023-10-27T15:00:00Z,"Peanut Prices",pnpr4323,https://usda.library.cornell.edu/concern/publications/5t34sj58c,N,N,N
2023-10-27T15:00:00Z,"Peanut Stocks and Processing",pnst1023,https://usda.library.cornell.edu/concern/publications/02870v87z,N,N,N
2023-10-30T15:00:00Z,"Egg Products",eggs1023,https://usda.library.cornell.edu/concern/publications/hx11xf25t,N,N,N
2023-10-30T16:00:00Z,"Crop Progress",prog4323,https://usda.library.cornell.edu/concern/publications/8336h188j,N,N,N
2023-10-31T15:00:00Z,"Agricultural Prices",agpr1023,https://usda.library.cornell.edu/concern/publications/c821gj76b,N,N,Y
2023-11-01T15:00:00Z,"Broiler Hatchery",brls4423,https://usda.library.cornell.edu/concern/publications/gm80hv35d,N,N,N
2023-11-01T15:00:00Z,"Cotton System",cact1123,https://usda.library.cornell.edu/concern/publications/ng451h506,N,N,N
2023-11-01T15:00:00Z,"Fats & Oils",cafo1123,https://usda.library.cornell.edu/concern/publications/mp48sc77c,N,N,N
2023-11-01T15:00:00Z,"Flour Milling",cafl1123,https://usda.library.cornell.edu/concern/publications/cr56n097m,N,N,N
2023-11-01T15:00:00Z,"Grain Crushings",cagc1123,https://usda.library.cornell.edu/concern/publications/n583xt96p,N,N,N
2023-11-03T15:00:00Z,"Dairy Products",dary1123,https://usda.library.cornell.edu/concern/publications/m326m1757,N,N,N
2023-11-03T15:00:00Z,"Peanut Prices",pnpr4423,https://usda.library.cornell.edu/concern/publications/5t34sj58c,N,N,N
2023-11-06T16:00:00Z,"Crop Progress",prog4423,https://usda.library.cornell.edu/concern/publications/8336h188j,N,N,N
2023-11-08T15:00:00Z,"Broiler Hatchery",brls4523,https://usda.library.cornell.edu/concern/publications/gm80hv35d,N,N,N
2023-11-09T12:00:00Z,"Cotton Ginnings",ctgn4523,https://usda.library.cornell.edu/concern/publications/q524jn76v,N,N,N
2023-11-09T12:00:00Z,"Crop Production",crop1123,https://usda.library.cornell.edu/concern/publications/tm70mv177,N,N,Y
2023-11-09T15:00:00Z,"Peanut Prices",pnpr4523,https://usda.library.cornell.edu/concern/publications/5t34sj58c,N,N,N
2023-11-13T16:00:00Z,"Crop Progress",prog4523,https://usda.library.cornell.edu/concern/publications/8336h188j,N,N,N
2023-11-15T15:00:00Z,"Broiler Hatchery",brls4623,https://usda.library.cornell.edu/concern/publications/gm80hv35d,N,N,N
2023-11-17T15:00:00Z,"Cattle on Feed",cofd1123,https://usda.library.cornell.edu/concern/publications/m326m174z,N,N,Y
2023-11-17T15:00:00Z,"Peanut Prices",pnpr4623,https://usda.library.cornell.edu/concern/publications/5t34sj58c,N,N,N
2023-11-17T15:00:00Z,"Turkey Hatchery",tkha1123,https://usda.library.cornell.edu/concern/publications/k643b117x,N,N,N
2023-11-20T15:00:00Z,"Chickens and Eggs",ckeg1123,https://usda.library.cornell.edu/concern/publications/fb494842n,N,N,N
2023-11-20T15:00:00Z,"Milk Production",mkpr1123,https://usda.library.cornell.edu/concern/publications/h989r321c,N,N,N
2023-11-20T15:00:00Z,"Poultry Slaughter",psla1123,https://usda.library.cornell.edu/concern/publications/3197xm04j,N,N,N
2023-11-20T16:00:00Z,"Crop Progress",prog4623,https://usda.library.cornell.edu/concern/publications/8336h188j,N,N,N
2023-11-22T12:00:00Z,"Cotton Ginnings",ctgn4723,https://usda.library.cornell.edu/concern/publications/q524jn76v,N,N,N
2023-11-22T15:00:00Z,"Broiler Hatchery",brls4723,https://usda.library.cornell.edu/concern/publications/gm80hv35d,N,N,N
2023-11-22T15:00:00Z,"Cold Storage",cost1123,https://usda.library.cornell.edu/concern/publications/pg15bd892,N,N,N
2023-11-22T15:00:00Z,"Farm Labor",fmla1123,https://usda.library.cornell.edu/concern/publications/x920fw89s,N,N,N
2023-11-22T15:00:00Z,"Livestock Slaughter",lstk1123,https://usda.library.cornell.edu/concern/publications/rx913p88g,N,N,N
2023-11-24T15:00:00Z,"Peanut Prices",pnpr4723,https://usda.library.cornell.edu/concern/publications/5t34sj58c,N,N,N
2023-11-27T15:00:00Z,"Peanut Stocks and Processing",pnst1123,https://usda.library.cornell.edu/concern/publications/02870v87z,N,N,N
2023-11-27T16:00:00Z,"Crop Progress",prog4723,https://usda.library.cornell.edu/concern/publications/8336h188j,N,N,N
2023-11-29T15:00:00Z,"Broiler Hatchery",brls4823,https://usda.library.cornell.edu/concern/publications/gm80hv35d,N,N,N
2023-11-30T15:00:00Z,"Agricultural Prices",agpr1123,https://usda.library.cornell.edu/concern/publications/c821gj76b,N,N,Y
2023-11-30T15:00:00Z,"Egg Products",eggs1123,https://usda.library.cornell.edu/concern/publications/hx11xf25t,N,N,N
2023-12-01T15:00:00Z,"Cotton System",cact1223,https://usda.library.cornell.edu/concern/publications/ng451h506,N,N,N
2023-12-01T15:00:00Z,"Fats & Oils",cafo1223,https://usda.library.cornell.edu/concern/publications/mp48sc77c,N,N,N
2023-12-01T15:00:00Z,"Grain Crushings",cagc1223,https://usda.library.cornell.edu/concern/publications/n583xt96p,N,N,N
2023-12-01T15:00:00Z,"Peanut Prices",pnpr4823,https://usda.library.cornell.edu/concern/publications/5t34sj58c,N,N,N
2023-12-04T15:00:00Z,"Dairy Products",dary1223,https://usda.library.cornell.edu/concern/publications/m326m1757,N,N,N
2023-12-06T15:00:00Z,"Broiler Hatchery",brls4923,https://usda.library.cornell.edu/concern/publications/gm80hv35d,N,N,N
2023-12-08T12:00:00Z,"Cotton Ginnings",ctgn4923,https://usda.library.cornell.edu/concern/publications/q524jn76v,N,N,N
2023-12-08T12:00:00Z,"Crop Production",crop1223,https://usda.library.cornell.edu/concern/publications/tm70mv177,N,N,Y
2023-12-08T15:00:00Z,"Peanut Prices",pnpr4923,https://usda.library.cornell.edu/concern/publications/5t34sj58c,N,N,N
2023-12-13T15:00:00Z,"Broiler Hatchery",brls5023,https://usda.library.cornell.edu/concern/publications/gm80hv35d,N,N,N
2023-12-13T15:00:00Z,"Turkey Hatchery",tkha1223,https://usda.library.cornell.edu/concern/publications/k643b117x,N,N,N
2023-12-14T12:00:00Z,"Organics",cenorg23,https:/www.nass.usda.gov/AgCensus/,N,Y,N
2023-12-15T15:00:00Z,"County Estimates  Barley, Oats, Wheat",cebran23,https://www.nass.usda.gov/Quick_Stats/Lite/,Y,N,N
2023-12-15T15:00:00Z,"Cost of Pollination",cstpol23,https://usda.library.cornell.edu/concern/publications/d504rk335,N,N,N
2023-12-15T15:00:00Z,"North American Potatoes",uscp1223,https://usda.library.cornell.edu/concern/publications/4m90dv511,N,N,N
2023-12-15T15:00:00Z,"Peanut Prices",pnpr5023,https://usda.library.cornell.edu/concern/publications/5t34sj58c,N,N,N
2023-12-15T15:00:00Z,"Potato Stocks",post1223,https://usda.library.cornell.edu/concern/publications/47429915b,N,N,N
2023-12-18T15:00:00Z,"Milk Production",mkpr1223,https://usda.library.cornell.edu/concern/publications/h989r321c,N,N,N
2023-12-20T15:00:00Z,"Broiler Hatchery",brls5123,https://usda.library.cornell.edu/concern/publications/gm80hv35d,N,N,N
2023-12-20T15:00:00Z,"National Hop Report",hopsan23,https://usda.library.cornell.edu/concern/publications/s7526c41m,N,N,N
2023-12-21T15:00:00Z,"Chickens and Eggs",ckeg1223,https://usda.library.cornell.edu/concern/publications/fb494842n,N,N,N
2023-12-21T15:00:00Z,"Livestock Slaughter",lstk1223,https://usda.library.cornell.edu/concern/publications/rx913p88g,N,N,N
2023-12-21T15:00:00Z,"Poultry Slaughter",psla1223,https://usda.library.cornell.edu/concern/publications/3197xm04j,N,N,N
2023-12-22T12:00:00Z,"Cotton Ginnings",ctgn5123,https://usda.library.cornell.edu/concern/publications/q524jn76v,N,N,N
2023-12-22T15:00:00Z,"Cattle on Feed",cofd1223,https://usda.library.cornell.edu/concern/publications/m326m174z,N,N,Y
2023-12-22T15:00:00Z,"Cold Storage",cost1223,https://usda.library.cornell.edu/concern/publications/pg15bd892,N,N,N
2023-12-22T15:00:00Z,"Hogs and Pigs",hgpg1223,https://usda.library.cornell.edu/concern/publications/rj430453j,N,N,Y
2023-12-22T15:00:00Z,"Peanut Prices",pnpr5123,https://usda.library.cornell.edu/concern/publications/5t34sj58c,N,N,N
2023-12-27T15:00:00Z,"Broiler Hatchery",brls5223,https://usda.library.cornell.edu/concern/publications/gm80hv35d,N,N,N
2023-12-27T15:00:00Z,"Peanut Stocks and Processing",pnst1223,https://usda.library.cornell.edu/concern/publications/02870v87z,N,N,N
2023-12-29T15:00:00Z,"Agricultural Prices",agpr1223,https://usda.library.cornell.edu/concern/publications/c821gj76b,N,N,Y
2023-12-29T15:00:00Z,"Egg Products",eggs1223,https://usda.library.cornell.edu/concern/publications/hx11xf25t,N,N,N
2023-12-29T15:00:00Z,"Peanut Prices",pnpr5223,https://usda.library.cornell.edu/concern/publications/5t34sj58c,N,N,N
2023-01-02T00:00:00Z,"HOLIDAY",,,N,N,N
2023-01-16T00:00:00Z,"HOLIDAY",,,N,N,N
2023-02-20T00:00:00Z,"HOLIDAY",,,N,N,N
2023-05-29T00:00:00Z,"HOLIDAY",,,N,N,N
2023-06-19T00:00:00Z,"HOLIDAY",,,N,N,N
2023-07-04T00:00:00Z,"HOLIDAY",,,N,N,N
2023-09-04T00:00:00Z,"HOLIDAY",,,N,N,N
2023-10-09T00:00:00Z,"HOLIDAY",,,N,N,N
2023-11-10T00:00:00Z,"HOLIDAY",,,N,N,N
2023-11-23T00:00:00Z,"HOLIDAY",,,N,N,N
2023-12-25T00:00:00Z,"HOLIDAY",,,N,N,N
